Run ID,Symbol Set,Portfolio Balance,Total Return %,Annualized Return %,Max Drawdown,Sharpe Ratio,Sortino Ratio,Calmar Ratio,Total Trades,Profit Factor,Win Rate %,Avg Win ($),Avg Loss ($),EMA Period,ATR Stop Multiplier,Risk Bull,MACD Fast Period,MACD Slow Period,MACD Signal Period,ATR Period,Allocation Defense
001,QQQ-TQQQ,29652.54,1.965,0.438,-0.153,3.92,1.43,2.86,66,0.0,0.258,253.78,-26006.53,50,2.0,0.04,12,26,9,14,0.6
002,QQQ-TQQQ,29880.19,1.988,0.442,-0.141,4.09,1.5,3.14,66,0.0,0.258,209.35,-25764.69,50,2.0,0.04,12,26,9,14,0.5
003,QQQ-TQQQ,29481.71,1.948,0.435,-0.168,3.76,1.36,2.59,66,0.0,0.258,302.12,-26294.04,50,2.0,0.04,12,26,9,14,0.7
004,QQQ-TQQQ,38905.09,2.891,0.575,-0.169,4.36,1.53,3.41,66,0.0,0.258,278.93,-36809.35,50,2.0,0.05,12,26,9,14,0.6
005,QQQ-TQQQ,39295.37,2.930,0.58,-0.157,4.5,1.58,3.7,66,0.0,0.258,231.66,-36553.44,50,2.0,0.05,12,26,9,14,0.5
006,QQQ-TQQQ,38572.04,2.857,0.57,-0.18,4.22,1.48,3.17,66,0.0,0.258,328.05,-37101.48,50,2.0,0.05,12,26,9,14,0.7
007,QQQ-TQQQ,50669.78,4.067,0.72,-0.184,4.74,1.6,3.92,66,0.0,0.258,305.13,-50135.78,50,2.0,0.06,12,26,9,14,0.6
008,QQQ-TQQQ,50832.94,4.083,0.722,-0.173,4.83,1.63,4.16,66,0.0,0.258,249.88,-49551.18,50,2.0,0.06,12,26,9,14,0.5
009,QQQ-TQQQ,50322.91,4.032,0.716,-0.195,4.62,1.56,3.66,66,0.0,0.258,360.5,-50562.79,50,2.0,0.06,12,26,9,14,0.7
010,QQQ-TQQQ,20541.80,1.054,0.272,-0.137,3.14,1.19,1.98,66,0.01,0.258,229.22,-14821.6,50,3.0,0.04,12,26,9,14,0.6
011,QQQ-TQQQ,20770.51,1.077,0.277,-0.122,3.39,1.3,2.28,66,0.0,0.258,188.69,-14719.48,50,3.0,0.04,12,26,9,14,0.5
012,QQQ-TQQQ,20420.00,1.042,0.269,-0.154,2.93,1.09,1.75,66,0.01,0.258,269.69,-14996.73,50,3.0,0.04,12,26,9,14,0.7
013,QQQ-TQQQ,24705.09,1.471,0.353,-0.145,3.57,1.33,2.43,66,0.0,0.258,241.75,-20004.03,50,3.0,0.05,12,26,9,14,0.6
014,QQQ-TQQQ,24909.90,1.491,0.357,-0.129,3.77,1.42,2.76,66,0.0,0.258,197.75,-19831.85,50,3.0,0.05,12,26,9,14,0.5
015,QQQ-TQQQ,24550.63,1.455,0.35,-0.161,3.38,1.24,2.17,66,0.0,0.258,285.28,-20223.92,50,3.0,0.05,12,26,9,14,0.7
016,QQQ-TQQQ,29652.54,1.965,0.438,-0.153,3.92,1.43,2.86,66,0.0,0.258,253.78,-26006.53,50,3.0,0.06,12,26,9,14,0.6
017,QQQ-TQQQ,29880.19,1.988,0.442,-0.141,4.09,1.5,3.14,66,0.0,0.258,209.35,-25764.69,50,3.0,0.06,12,26,9,14,0.5
018,QQQ-TQQQ,29481.71,1.948,0.435,-0.168,3.76,1.36,2.59,66,0.0,0.258,302.12,-26294.04,50,3.0,0.06,12,26,9,14,0.7
019,QQQ-TQQQ,-7840.70,-1.784,,-1.0,,-0.09,,26,0.0,0.385,255.33,-48557.79,50,1.0,0.04,12,26,9,14,0.6
020,QQQ-TQQQ,-7748.86,-1.775,,-1.0,,-0.09,,26,0.0,0.385,208.1,-47796.79,50,1.0,0.04,12,26,9,14,0.5
021,QQQ-TQQQ,-7948.91,-1.795,,-1.0,,-0.08,,26,0.0,0.385,302.35,-49275.54,50,1.0,0.04,12,26,9,14,0.7
022,QQQ-TQQQ,-7657.02,-1.766,,-1.0,,-0.09,,25,0.0,0.4,261.35,-57128.9,50,1.0,0.05,12,26,9,14,0.6
023,QQQ-TQQQ,-7542.52,-1.754,,-1.0,,-0.09,,25,0.0,0.4,214.14,-56375.2,50,1.0,0.05,12,26,9,14,0.5
024,QQQ-TQQQ,-7756.87,-1.776,,-1.0,,-0.09,,25,0.0,0.4,309.98,-57973.83,50,1.0,0.05,12,26,9,14,0.7
025,QQQ-TQQQ,-6625.70,-1.663,,-1.0,,-0.1,,21,0.0,0.476,228.07,-41856.79,50,1.0,0.06,12,26,9,14,0.6
026,QQQ-TQQQ,-6549.34,-1.655,,-1.0,,-0.11,,21,0.0,0.476,188.02,-41300.8,50,1.0,0.06,12,26,9,14,0.5
027,QQQ-TQQQ,-6778.84,-1.678,,-1.0,,-0.1,,21,0.01,0.476,271.45,-42435.2,50,1.0,0.06,12,26,9,14,0.7
028,QQQ-TQQQ,23858.56,1.386,0.337,-0.144,3.5,1.31,2.35,66,0.0,0.258,239.83,-18951.41,50,2.5,0.04,12,26,9,14,0.6
029,QQQ-TQQQ,24001.95,1.400,0.34,-0.128,3.69,1.4,2.66,66,0.0,0.258,195.7,-18734.15,50,2.5,0.04,12,26,9,14,0.5
030,QQQ-TQQQ,23624.82,1.362,0.333,-0.16,3.29,1.21,2.08,66,0.01,0.258,281.18,-19100.12,50,2.5,0.04,12,26,9,14,0.7
031,QQQ-TQQQ,29652.54,1.965,0.438,-0.153,3.92,1.43,2.86,66,0.0,0.258,253.78,-26006.53,50,2.5,0.05,12,26,9,14,0.6
032,QQQ-TQQQ,29880.19,1.988,0.442,-0.141,4.09,1.5,3.14,66,0.0,0.258,209.35,-25764.69,50,2.5,0.05,12,26,9,14,0.5
033,QQQ-TQQQ,29481.71,1.948,0.435,-0.168,3.76,1.36,2.59,66,0.0,0.258,302.12,-26294.04,50,2.5,0.05,12,26,9,14,0.7
034,QQQ-TQQQ,36883.16,2.688,0.547,-0.166,4.28,1.52,3.3,66,0.0,0.258,275.02,-34463.77,50,2.5,0.06,12,26,9,14,0.6
035,QQQ-TQQQ,37153.30,2.715,0.551,-0.154,4.42,1.56,3.57,66,0.0,0.258,225.91,-34162.63,50,2.5,0.06,12,26,9,14,0.5
036,QQQ-TQQQ,36581.42,2.658,0.543,-0.176,4.14,1.46,3.08,66,0.0,0.258,322.72,-34757.52,50,2.5,0.06,12,26,9,14,0.7
037,QQQ-TQQQ,24399.85,1.440,0.347,-0.115,3.2,1.19,3.01,51,0.0,0.314,208.7,-29308.83,100,2.0,0.04,12,26,9,14,0.6
038,QQQ-TQQQ,24357.77,1.436,0.346,-0.109,3.34,1.23,3.17,51,0.0,0.314,170.73,-28994.16,100,2.0,0.04,12,26,9,14,0.5
039,QQQ-TQQQ,24381.21,1.438,0.347,-0.122,3.06,1.14,2.85,51,0.0,0.314,247.14,-29568.37,100,2.0,0.04,12,26,9,14,0.7
040,QQQ-TQQQ,30067.52,2.007,0.445,-0.131,3.53,1.26,3.39,51,0.0,0.314,219.49,-40654.98,100,2.0,0.05,12,26,9,14,0.6
041,QQQ-TQQQ,30143.38,2.014,0.446,-0.125,3.64,1.28,3.58,51,0.0,0.314,181.56,-40399.73,100,2.0,0.05,12,26,9,14,0.5
042,QQQ-TQQQ,30157.80,2.016,0.446,-0.138,3.42,1.22,3.24,51,0.0,0.314,261.07,-41131.44,100,2.0,0.05,12,26,9,14,0.7
043,QQQ-TQQQ,37149.31,2.715,0.55,-0.146,3.81,1.3,3.76,51,0.0,0.314,235.04,-54589.52,100,2.0,0.06,12,26,9,14,0.6
044,QQQ-TQQQ,37151.35,2.715,0.55,-0.14,3.89,1.32,3.93,51,0.0,0.314,193.85,-54086.71,100,2.0,0.06,12,26,9,14,0.5
045,QQQ-TQQQ,37075.33,2.708,0.549,-0.153,3.71,1.28,3.6,51,0.0,0.314,276.81,-54914.11,100,2.0,0.06,12,26,9,14,0.7
046,QQQ-TQQQ,18257.83,0.826,0.223,-0.092,2.59,1.02,2.41,51,0.01,0.314,192.88,-16972.52,100,3.0,0.04,12,26,9,14,0.6
047,QQQ-TQQQ,18298.58,0.830,0.224,-0.087,2.78,1.1,2.58,51,0.0,0.314,159.15,-16838.74,100,3.0,0.04,12,26,9,14,0.5
048,QQQ-TQQQ,18252.75,0.825,0.223,-0.099,2.39,0.93,2.24,51,0.01,0.314,229.77,-17136.33,100,3.0,0.04,12,26,9,14,0.7
049,QQQ-TQQQ,21070.17,1.107,0.283,-0.105,2.91,1.11,2.7,51,0.0,0.314,200.83,-22726.43,100,3.0,0.05,12,26,9,14,0.6
050,QQQ-TQQQ,21147.25,1.115,0.284,-0.097,3.1,1.18,2.92,51,0.0,0.314,165.18,-22545.89,100,3.0,0.05,12,26,9,14,0.5
051,QQQ-TQQQ,21149.41,1.115,0.284,-0.11,2.77,1.05,2.58,51,0.0,0.314,237.49,-23011.95,100,3.0,0.05,12,26,9,14,0.7
052,QQQ-TQQQ,24399.85,1.440,0.347,-0.115,3.2,1.19,3.01,51,0.0,0.314,208.7,-29308.83,100,3.0,0.06,12,26,9,14,0.6
053,QQQ-TQQQ,24357.77,1.436,0.346,-0.109,3.34,1.23,3.17,51,0.0,0.314,170.73,-28994.16,100,3.0,0.06,12,26,9,14,0.5
054,QQQ-TQQQ,24381.21,1.438,0.347,-0.122,3.06,1.14,2.85,51,0.0,0.314,247.14,-29568.37,100,3.0,0.06,12,26,9,14,0.7
055,QQQ-TQQQ,52715.13,4.272,0.743,-0.172,4.13,1.31,4.31,49,0.0,0.327,261.98,-85401.33,100,1.0,0.04,12,26,9,14,0.6
056,QQQ-TQQQ,52707.96,4.271,0.743,-0.167,4.19,1.31,4.46,49,0.0,0.327,215.22,-84730.71,100,1.0,0.04,12,26,9,14,0.5
057,QQQ-TQQQ,52637.22,4.264,0.742,-0.179,4.06,1.3,4.14,49,0.0,0.327,309.5,-85927.73,100,1.0,0.04,12,26,9,14,0.7
058,QQQ-TQQQ,43712.26,3.371,0.637,-0.108,3.5,1.35,5.92,45,0.0,0.356,243.86,-84950.46,100,1.0,0.05,12,26,9,14,0.6
059,QQQ-TQQQ,43796.59,3.380,0.638,-0.105,3.56,1.35,6.09,45,0.0,0.356,200.75,-84517.05,100,1.0,0.05,12,26,9,14,0.5
060,QQQ-TQQQ,43761.87,3.376,0.638,-0.112,3.45,1.34,5.7,45,0.0,0.356,286.74,-85582.2,100,1.0,0.05,12,26,9,14,0.7
061,QQQ-TQQQ,25548.46,1.555,0.368,-0.121,2.17,0.79,3.05,38,0.0,0.421,221.23,-60466.4,100,1.0,0.06,12,26,9,14,0.6
062,QQQ-TQQQ,25546.85,1.555,0.368,-0.115,2.2,0.79,3.19,38,0.0,0.421,181.75,-59964.19,100,1.0,0.06,12,26,9,14,0.5
063,QQQ-TQQQ,25543.72,1.554,0.368,-0.125,2.13,0.79,2.95,38,0.0,0.421,260.11,-60925.29,100,1.0,0.06,12,26,9,14,0.7
064,QQQ-TQQQ,20538.81,1.054,0.272,-0.103,2.87,1.1,2.65,51,0.0,0.314,199.21,-21561.65,100,2.5,0.04,12,26,9,14,0.6
065,QQQ-TQQQ,20499.14,1.050,0.271,-0.095,3.03,1.16,2.84,51,0.0,0.314,163.11,-21334.07,100,2.5,0.04,12,26,9,14,0.5
066,QQQ-TQQQ,20566.73,1.057,0.272,-0.108,2.71,1.03,2.52,51,0.0,0.314,236.86,-21801.93,100,2.5,0.04,12,26,9,14,0.7
067,QQQ-TQQQ,24399.85,1.440,0.347,-0.115,3.2,1.19,3.01,51,0.0,0.314,208.7,-29308.83,100,2.5,0.05,12,26,9,14,0.6
068,QQQ-TQQQ,24357.77,1.436,0.346,-0.109,3.34,1.23,3.17,51,0.0,0.314,170.73,-28994.16,100,2.5,0.05,12,26,9,14,0.5
069,QQQ-TQQQ,24381.21,1.438,0.347,-0.122,3.06,1.14,2.85,51,0.0,0.314,247.14,-29568.37,100,2.5,0.05,12,26,9,14,0.7
070,QQQ-TQQQ,28848.55,1.885,0.425,-0.128,3.46,1.24,3.31,51,0.0,0.314,217.73,-38228.32,100,2.5,0.06,12,26,9,14,0.6
071,QQQ-TQQQ,28924.18,1.892,0.426,-0.122,3.59,1.27,3.5,51,0.0,0.314,179.65,-37974.31,100,2.5,0.06,12,26,9,14,0.5
072,QQQ-TQQQ,28919.55,1.892,0.426,-0.135,3.35,1.21,3.16,51,0.0,0.314,258.91,-38643.46,100,2.5,0.06,12,26,9,14,0.7
073,QQQ-TQQQ,28908.03,1.891,0.426,-0.126,3.85,1.38,3.38,57,0.0,0.263,249.46,-31888.8,75,2.0,0.04,12,26,9,14,0.6
074,QQQ-TQQQ,28955.70,1.896,0.427,-0.115,4.01,1.44,3.7,57,0.0,0.263,204.4,-31648.48,75,2.0,0.04,12,26,9,14,0.5
075,QQQ-TQQQ,28876.01,1.888,0.425,-0.138,3.7,1.31,3.08,57,0.0,0.263,294.51,-32153.59,75,2.0,0.04,12,26,9,14,0.7
076,QQQ-TQQQ,37417.80,2.742,0.554,-0.136,4.28,1.47,4.06,57,0.0,0.263,270.08,-45487.43,75,2.0,0.05,12,26,9,14,0.6
077,QQQ-TQQQ,37498.22,2.750,0.555,-0.128,4.4,1.51,4.35,57,0.0,0.263,223.05,-45193.72,75,2.0,0.05,12,26,9,14,0.5
078,QQQ-TQQQ,37310.64,2.731,0.553,-0.148,4.15,1.42,3.73,57,0.0,0.263,317.24,-45754.57,75,2.0,0.05,12,26,9,14,0.7
079,QQQ-TQQQ,47993.75,3.799,0.689,-0.15,4.63,1.53,4.6,57,0.0,0.263,291.8,-62280.17,75,2.0,0.06,12,26,9,14,0.6
080,QQQ-TQQQ,48083.93,3.808,0.69,-0.141,4.73,1.56,4.9,57,0.0,0.263,238.27,-61868.78,75,2.0,0.06,12,26,9,14,0.5
081,QQQ-TQQQ,47927.34,3.793,0.688,-0.158,4.52,1.5,4.34,57,0.0,0.263,343.12,-62698.09,75,2.0,0.06,12,26,9,14,0.7
082,QQQ-TQQQ,20430.15,1.043,0.27,-0.109,3.12,1.16,2.48,57,0.0,0.263,226.61,-18014.71,75,3.0,0.04,12,26,9,14,0.6
083,QQQ-TQQQ,20482.14,1.048,0.271,-0.098,3.33,1.26,2.76,57,0.0,0.263,186.5,-17859.68,75,3.0,0.04,12,26,9,14,0.5
084,QQQ-TQQQ,20375.09,1.038,0.269,-0.122,2.9,1.06,2.2,57,0.01,0.263,266.84,-18137.15,75,3.0,0.04,12,26,9,14,0.7
085,QQQ-TQQQ,24344.06,1.434,0.346,-0.118,3.53,1.29,2.94,57,0.0,0.263,237.78,-24463.1,75,3.0,0.05,12,26,9,14,0.6
086,QQQ-TQQQ,24425.41,1.443,0.348,-0.106,3.72,1.37,3.27,57,0.0,0.263,195.03,-24289.32,75,3.0,0.05,12,26,9,14,0.5
087,QQQ-TQQQ,24251.79,1.425,0.345,-0.13,3.33,1.2,2.65,57,0.0,0.263,280.7,-24607.77,75,3.0,0.05,12,26,9,14,0.7
088,QQQ-TQQQ,28908.03,1.891,0.426,-0.126,3.85,1.38,3.38,57,0.0,0.263,249.46,-31888.8,75,3.0,0.06,12,26,9,14,0.6
089,QQQ-TQQQ,28955.70,1.896,0.427,-0.115,4.01,1.44,3.7,57,0.0,0.263,204.4,-31648.48,75,3.0,0.06,12,26,9,14,0.5
090,QQQ-TQQQ,28876.01,1.888,0.425,-0.138,3.7,1.31,3.08,57,0.0,0.263,294.51,-32153.59,75,3.0,0.06,12,26,9,14,0.7
091,QQQ-TQQQ,74188.42,6.419,0.954,-0.173,5.12,1.56,5.5,55,0.0,0.273,339.84,-103248.52,75,1.0,0.04,12,26,9,14,0.6
092,QQQ-TQQQ,74296.90,6.430,0.955,-0.169,5.19,1.57,5.65,55,0.0,0.273,278.6,-102716.54,75,1.0,0.04,12,26,9,14,0.5
093,QQQ-TQQQ,74089.39,6.409,0.953,-0.18,5.05,1.54,5.28,55,0.0,0.273,401.46,-103811.14,75,1.0,0.04,12,26,9,14,0.7
094,QQQ-TQQQ,66539.70,5.654,0.884,-0.13,4.62,1.7,6.8,51,0.0,0.294,320.99,-109845.3,75,1.0,0.05,12,26,9,14,0.6
095,QQQ-TQQQ,66771.50,5.677,0.886,-0.125,4.68,1.72,7.09,51,0.0,0.294,264.11,-109541.65,75,1.0,0.05,12,26,9,14,0.5
096,QQQ-TQQQ,66435.46,5.644,0.883,-0.134,4.56,1.68,6.58,51,0.0,0.294,378.93,-110339.66,75,1.0,0.05,12,26,9,14,0.7
097,QQQ-TQQQ,27502.31,1.750,0.402,-0.146,2.36,0.86,2.75,41,0.0,0.366,234.35,-53368.86,75,1.0,0.06,12,26,9,14,0.6
098,QQQ-TQQQ,27578.93,1.758,0.404,-0.142,2.4,0.87,2.85,41,0.0,0.366,193.59,-52980.48,75,1.0,0.06,12,26,9,14,0.5
099,QQQ-TQQQ,27366.30,1.737,0.4,-0.151,2.3,0.85,2.65,41,0.0,0.366,277.64,-53693.7,75,1.0,0.06,12,26,9,14,0.7
100,QQQ-TQQQ,23565.11,1.357,0.332,-0.117,3.47,1.27,2.85,57,0.0,0.263,237.0,-23123.44,75,2.5,0.04,12,26,9,14,0.6
101,QQQ-TQQQ,23575.84,1.358,0.332,-0.105,3.64,1.35,3.15,57,0.0,0.263,194.86,-22910.76,75,2.5,0.04,12,26,9,14,0.5
102,QQQ-TQQQ,23459.24,1.346,0.33,-0.128,3.26,1.18,2.58,57,0.0,0.263,277.32,-23262.49,75,2.5,0.04,12,26,9,14,0.7
103,QQQ-TQQQ,28908.03,1.891,0.426,-0.126,3.85,1.38,3.38,57,0.0,0.263,249.46,-31888.8,75,2.5,0.05,12,26,9,14,0.6
104,QQQ-TQQQ,28955.70,1.896,0.427,-0.115,4.01,1.44,3.7,57,0.0,0.263,204.4,-31648.48,75,2.5,0.05,12,26,9,14,0.5
105,QQQ-TQQQ,28876.01,1.888,0.425,-0.138,3.7,1.31,3.08,57,0.0,0.263,294.51,-32153.59,75,2.5,0.05,12,26,9,14,0.7
106,QQQ-TQQQ,35502.74,2.550,0.527,-0.135,4.19,1.45,3.91,57,0.0,0.263,264.78,-42490.43,75,2.5,0.06,12,26,9,14,0.6
107,QQQ-TQQQ,35690.57,2.569,0.53,-0.125,4.33,1.5,4.24,57,0.0,0.263,219.45,-42309.45,75,2.5,0.06,12,26,9,14,0.5
108,QQQ-TQQQ,35502.14,2.550,0.527,-0.146,4.07,1.41,3.61,57,0.0,0.263,314.0,-42844.17,75,2.5,0.06,12,26,9,14,0.7
109,QQQ-TQQQ,18131.06,0.813,0.22,-0.18,1.81,0.61,1.22,30,0.0,0.267,231.84,-22298.75,200,2.0,0.04,12,26,9,14,0.6
110,QQQ-TQQQ,17818.16,0.782,0.213,-0.21,1.76,0.6,1.01,31,0.0,0.258,188.74,-20916.02,200,2.0,0.04,12,26,9,14,0.5
111,QQQ-TQQQ,18189.17,0.819,0.221,-0.18,1.77,0.61,1.23,30,0.0,0.267,274.63,-22430.56,200,2.0,0.04,12,26,9,14,0.7
112,QQQ-TQQQ,20648.04,1.065,0.274,-0.224,1.88,0.61,1.23,30,0.0,0.267,241.03,-29272.77,200,2.0,0.05,12,26,9,14,0.6
113,QQQ-TQQQ,20554.36,1.055,0.272,-0.224,1.9,0.6,1.22,30,0.0,0.267,199.87,-29037.4,200,2.0,0.05,12,26,9,14,0.5
114,QQQ-TQQQ,20810.17,1.081,0.277,-0.224,1.87,0.61,1.24,30,0.0,0.267,288.26,-29534.93,200,2.0,0.05,12,26,9,14,0.7
115,QQQ-TQQQ,24304.36,1.430,0.346,-0.162,2.63,0.84,2.13,32,0.0,0.25,264.88,-33227.5,200,2.0,0.06,12,26,9,14,0.6
116,QQQ-TQQQ,24210.50,1.421,0.344,-0.156,2.68,0.85,2.2,32,0.0,0.25,220.06,-32997.87,200,2.0,0.06,12,26,9,14,0.5
117,QQQ-TQQQ,24381.46,1.438,0.347,-0.169,2.56,0.84,2.05,32,0.0,0.25,312.77,-33436.02,200,2.0,0.06,12,26,9,14,0.7
118,QQQ-TQQQ,15234.96,0.523,0.151,-0.092,1.85,0.71,1.65,32,0.01,0.25,222.35,-12806.41,200,3.0,0.04,12,26,9,14,0.6
119,QQQ-TQQQ,15151.07,0.515,0.149,-0.086,1.98,0.75,1.73,32,0.0,0.25,182.52,-12711.23,200,3.0,0.04,12,26,9,14,0.5
120,QQQ-TQQQ,15232.61,0.523,0.151,-0.097,1.72,0.66,1.55,32,0.01,0.25,256.79,-12853.98,200,3.0,0.04,12,26,9,14,0.7
121,QQQ-TQQQ,16773.98,0.677,0.189,-0.104,2.1,0.76,1.81,32,0.0,0.25,229.08,-16649.12,200,3.0,0.05,12,26,9,14,0.6
122,QQQ-TQQQ,16697.32,0.670,0.187,-0.098,2.21,0.79,1.9,32,0.0,0.25,189.25,-16528.63,200,3.0,0.05,12,26,9,14,0.5
123,QQQ-TQQQ,16776.73,0.678,0.189,-0.11,1.97,0.72,1.72,32,0.01,0.25,266.01,-16711.42,200,3.0,0.05,12,26,9,14,0.7
124,QQQ-TQQQ,18429.16,0.843,0.227,-0.116,2.28,0.8,1.95,32,0.0,0.25,238.3,-20745.27,200,3.0,0.06,12,26,9,14,0.6
125,QQQ-TQQQ,18361.60,0.836,0.225,-0.109,2.39,0.82,2.07,32,0.0,0.25,195.97,-20624.05,200,3.0,0.06,12,26,9,14,0.5
126,QQQ-TQQQ,18442.69,0.844,0.227,-0.122,2.18,0.77,1.86,32,0.0,0.25,275.23,-20856.03,200,3.0,0.06,12,26,9,14,0.7
127,QQQ-TQQQ,29571.30,1.957,0.437,-0.25,2.54,0.77,1.75,30,0.0,0.267,287.69,-45247.51,200,1.0,0.04,12,26,9,14,0.6
128,QQQ-TQQQ,29477.29,1.948,0.435,-0.244,2.56,0.76,1.78,30,0.0,0.267,237.4,-44995.91,200,1.0,0.04,12,26,9,14,0.5
129,QQQ-TQQQ,29625.72,1.963,0.438,-0.255,2.5,0.77,1.72,30,0.0,0.267,335.75,-45447.5,200,1.0,0.04,12,26,9,14,0.7
130,QQQ-TQQQ,-5050.40,-1.505,,-1.0,,-0.13,,1,0.0,0.0,0.0,0.0,200,1.0,0.05,12,26,9,14,0.6
131,QQQ-TQQQ,-5050.40,-1.505,,-1.0,,-0.13,,1,0.0,0.0,0.0,0.0,200,1.0,0.05,12,26,9,14,0.5
132,QQQ-TQQQ,-5050.40,-1.505,,-1.0,,-0.13,,1,0.0,0.0,0.0,0.0,200,1.0,0.05,12,26,9,14,0.7
133,QQQ-TQQQ,-5050.40,-1.505,,-1.0,,-0.13,,1,0.0,0.0,0.0,0.0,200,1.0,0.06,12,26,9,14,0.6
134,QQQ-TQQQ,-5050.40,-1.505,,-1.0,,-0.13,,1,0.0,0.0,0.0,0.0,200,1.0,0.06,12,26,9,14,0.5
135,QQQ-TQQQ,-5050.40,-1.505,,-1.0,,-0.13,,1,0.0,0.0,0.0,0.0,200,1.0,0.06,12,26,9,14,0.7
136,QQQ-TQQQ,16034.28,0.603,0.171,-0.183,1.59,0.59,0.93,31,0.0,0.258,220.68,-16167.78,200,2.5,0.04,12,26,9,14,0.6
137,QQQ-TQQQ,15972.09,0.597,0.169,-0.178,1.64,0.59,0.95,31,0.0,0.258,182.64,-16040.97,200,2.5,0.04,12,26,9,14,0.5
138,QQQ-TQQQ,16344.33,0.634,0.178,-0.145,1.65,0.6,1.23,30,0.01,0.267,263.51,-17245.01,200,2.5,0.04,12,26,9,14,0.7
139,QQQ-TQQQ,18131.06,0.813,0.22,-0.18,1.81,0.61,1.22,30,0.0,0.267,231.84,-22298.75,200,2.5,0.05,12,26,9,14,0.6
140,QQQ-TQQQ,17818.16,0.782,0.213,-0.21,1.76,0.6,1.01,31,0.0,0.258,188.74,-20916.02,200,2.5,0.05,12,26,9,14,0.5
141,QQQ-TQQQ,18189.17,0.819,0.221,-0.18,1.77,0.61,1.23,30,0.0,0.267,274.63,-22430.56,200,2.5,0.05,12,26,9,14,0.7
142,QQQ-TQQQ,20115.62,1.012,0.263,-0.215,1.87,0.61,1.22,30,0.0,0.267,241.03,-27790.39,200,2.5,0.06,12,26,9,14,0.6
143,QQQ-TQQQ,20017.58,1.002,0.261,-0.215,1.89,0.6,1.21,30,0.0,0.267,197.37,-27592.98,200,2.5,0.06,12,26,9,14,0.5
144,QQQ-TQQQ,20258.31,1.026,0.266,-0.215,1.85,0.61,1.24,30,0.0,0.267,286.36,-28062.68,200,2.5,0.06,12,26,9,14,0.7
145,QQQ-TQQQ,18560.60,0.856,0.23,-0.068,2.69,1.05,3.4,31,0.0,0.29,195.07,-22033.66,250,2.0,0.04,12,26,9,14,0.6
146,QQQ-TQQQ,18495.79,0.850,0.228,-0.059,2.81,1.1,3.88,31,0.0,0.29,161.02,-21825.1,250,2.0,0.04,12,26,9,14,0.5
147,QQQ-TQQQ,18598.04,0.860,0.23,-0.077,2.56,0.99,2.98,31,0.0,0.29,230.12,-22202.63,250,2.0,0.04,12,26,9,14,0.7
148,QQQ-TQQQ,21407.63,1.141,0.29,-0.07,2.96,1.12,4.11,31,0.0,0.29,205.4,-29650.58,250,2.0,0.05,12,26,9,14,0.6
149,QQQ-TQQQ,21324.09,1.132,0.288,-0.066,3.05,1.14,4.35,31,0.0,0.29,169.79,-29401.46,250,2.0,0.05,12,26,9,14,0.5
150,QQQ-TQQQ,21449.53,1.145,0.29,-0.077,2.85,1.08,3.75,31,0.0,0.29,241.31,-29898.86,250,2.0,0.05,12,26,9,14,0.7
151,QQQ-TQQQ,24651.43,1.465,0.352,-0.078,3.16,1.15,4.52,31,0.0,0.29,219.47,-38360.11,250,2.0,0.06,12,26,9,14,0.6
152,QQQ-TQQQ,24578.60,1.458,0.351,-0.074,3.23,1.16,4.76,31,0.0,0.29,180.86,-38072.19,250,2.0,0.06,12,26,9,14,0.5
153,QQQ-TQQQ,24749.34,1.475,0.354,-0.083,3.08,1.13,4.24,31,0.0,0.29,256.81,-38738.45,250,2.0,0.06,12,26,9,14,0.7
154,QQQ-TQQQ,15290.43,0.529,0.152,-0.064,2.15,0.88,2.37,31,0.01,0.29,182.45,-13352.28,250,3.0,0.04,12,26,9,14,0.6
155,QQQ-TQQQ,15222.78,0.522,0.151,-0.054,2.32,0.97,2.79,31,0.0,0.29,148.91,-13198.8,250,3.0,0.04,12,26,9,14,0.5
156,QQQ-TQQQ,15332.59,0.533,0.154,-0.074,1.99,0.8,2.06,31,0.01,0.29,214.09,-13442.97,250,3.0,0.04,12,26,9,14,0.7
157,QQQ-TQQQ,16848.26,0.685,0.19,-0.065,2.47,0.99,2.94,31,0.0,0.29,187.78,-17468.69,250,3.0,0.05,12,26,9,14,0.6
158,QQQ-TQQQ,16783.00,0.678,0.189,-0.055,2.61,1.06,3.47,31,0.0,0.29,154.89,-17313.56,250,3.0,0.05,12,26,9,14,0.5
159,QQQ-TQQQ,16893.69,0.689,0.192,-0.075,2.31,0.91,2.57,31,0.01,0.29,222.09,-17611.77,250,3.0,0.05,12,26,9,14,0.7
160,QQQ-TQQQ,18560.60,0.856,0.23,-0.068,2.69,1.05,3.4,31,0.0,0.29,195.07,-22033.66,250,3.0,0.06,12,26,9,14,0.6
161,QQQ-TQQQ,18495.79,0.850,0.228,-0.059,2.81,1.1,3.88,31,0.0,0.29,161.02,-21825.1,250,3.0,0.06,12,26,9,14,0.5
162,QQQ-TQQQ,18598.04,0.860,0.23,-0.077,2.56,0.99,2.98,31,0.0,0.29,230.12,-22202.63,250,3.0,0.06,12,26,9,14,0.7
163,QQQ-TQQQ,30717.91,2.072,0.455,-0.093,3.33,1.12,4.9,29,0.0,0.31,242.95,-53771.61,250,1.0,0.04,12,26,9,14,0.6
164,QQQ-TQQQ,30559.15,2.056,0.453,-0.087,3.37,1.12,5.17,29,0.0,0.31,200.18,-53303.99,250,1.0,0.04,12,26,9,14,0.5
165,QQQ-TQQQ,30745.01,2.075,0.455,-0.097,3.26,1.11,4.7,29,0.0,0.31,283.81,-54047.07,250,1.0,0.04,12,26,9,14,0.7
166,QQQ-TQQQ,26063.77,1.606,0.377,-0.106,2.65,0.94,3.57,26,0.0,0.346,231.26,-54221.73,250,1.0,0.05,12,26,9,14,0.6
167,QQQ-TQQQ,25985.04,1.599,0.376,-0.1,2.68,0.94,3.74,26,0.0,0.346,192.06,-53836.25,250,1.0,0.05,12,26,9,14,0.5
168,QQQ-TQQQ,26129.80,1.613,0.378,-0.111,2.61,0.94,3.41,26,0.0,0.346,272.77,-54526.76,250,1.0,0.05,12,26,9,14,0.7
169,QQQ-TQQQ,21273.37,1.127,0.287,-0.118,2.03,0.67,2.43,23,0.0,0.391,207.91,-40699.1,250,1.0,0.06,12,26,9,14,0.6
170,QQQ-TQQQ,21159.45,1.116,0.285,-0.113,2.05,0.66,2.52,23,0.0,0.391,170.55,-40373.54,250,1.0,0.06,12,26,9,14,0.5
171,QQQ-TQQQ,21281.13,1.128,0.287,-0.123,1.99,0.67,2.33,23,0.0,0.391,243.0,-40866.44,250,1.0,0.06,12,26,9,14,0.7
172,QQQ-TQQQ,16516.71,0.652,0.183,-0.065,2.4,0.97,2.82,31,0.0,0.29,186.8,-16605.74,250,2.5,0.04,12,26,9,14,0.6
173,QQQ-TQQQ,16437.09,0.644,0.181,-0.054,2.55,1.04,3.32,31,0.0,0.29,152.48,-16449.41,250,2.5,0.04,12,26,9,14,0.5
174,QQQ-TQQQ,16584.10,0.658,0.184,-0.075,2.26,0.89,2.47,31,0.01,0.29,220.44,-16773.46,250,2.5,0.04,12,26,9,14,0.7
175,QQQ-TQQQ,18560.60,0.856,0.23,-0.068,2.69,1.05,3.4,31,0.0,0.29,195.07,-22033.66,250,2.5,0.05,12,26,9,14,0.6
176,QQQ-TQQQ,18495.79,0.850,0.228,-0.059,2.81,1.1,3.88,31,0.0,0.29,161.02,-21825.1,250,2.5,0.05,12,26,9,14,0.5
177,QQQ-TQQQ,18598.04,0.860,0.23,-0.077,2.56,0.99,2.98,31,0.0,0.29,230.12,-22202.63,250,2.5,0.05,12,26,9,14,0.7
178,QQQ-TQQQ,20758.80,1.076,0.276,-0.069,2.9,1.1,4.0,31,0.0,0.29,201.13,-28005.51,250,2.5,0.06,12,26,9,14,0.6
179,QQQ-TQQQ,20762.57,1.076,0.277,-0.065,3.01,1.14,4.26,31,0.0,0.29,169.02,-27847.31,250,2.5,0.06,12,26,9,14,0.5
180,QQQ-TQQQ,20881.93,1.088,0.279,-0.077,2.8,1.07,3.61,31,0.0,0.29,240.33,-28316.12,250,2.5,0.06,12,26,9,14,0.7
181,QQQ-TQQQ,33351.95,2.335,0.496,-0.108,4.19,1.49,4.6,84,0.0,0.214,236.23,-28604.28,25,2.0,0.04,12,26,9,14,0.6
182,QQQ-TQQQ,33592.90,2.359,0.499,-0.106,4.3,1.53,4.72,84,0.0,0.214,194.87,-28292.15,25,2.0,0.04,12,26,9,14,0.5
183,QQQ-TQQQ,33030.42,2.303,0.491,-0.11,4.06,1.44,4.45,84,0.0,0.214,277.89,-28877.29,25,2.0,0.04,12,26,9,14,0.7
184,QQQ-TQQQ,44556.06,3.456,0.648,-0.127,4.57,1.55,5.08,86,0.0,0.209,267.52,-39952.94,25,2.0,0.05,12,26,9,14,0.6
185,QQQ-TQQQ,44948.52,3.495,0.652,-0.126,4.67,1.58,5.19,86,0.0,0.209,220.43,-39555.25,25,2.0,0.05,12,26,9,14,0.5
186,QQQ-TQQQ,44201.63,3.420,0.643,-0.13,4.47,1.52,4.96,86,0.0,0.209,315.07,-40379.23,25,2.0,0.05,12,26,9,14,0.7
187,QQQ-TQQQ,59784.18,4.978,0.818,-0.146,4.95,1.6,5.6,86,0.0,0.209,307.35,-54676.31,25,2.0,0.06,12,26,9,14,0.6
188,QQQ-TQQQ,60346.74,5.035,0.823,-0.144,5.03,1.62,5.71,86,0.0,0.209,255.38,-54235.92,25,2.0,0.06,12,26,9,14,0.5
189,QQQ-TQQQ,59198.56,4.920,0.812,-0.148,4.86,1.58,5.48,86,0.0,0.209,360.34,-55138.01,25,2.0,0.06,12,26,9,14,0.7
190,QQQ-TQQQ,21996.45,1.200,0.301,-0.082,3.43,1.3,3.66,86,0.0,0.209,200.23,-15649.31,25,3.0,0.04,12,26,9,14,0.6
191,QQQ-TQQQ,22285.29,1.229,0.307,-0.077,3.63,1.39,3.99,86,0.0,0.209,166.76,-15512.08,25,3.0,0.04,12,26,9,14,0.5
192,QQQ-TQQQ,21898.00,1.190,0.299,-0.094,3.26,1.22,3.18,86,0.0,0.209,237.44,-15895.57,25,3.0,0.04,12,26,9,14,0.7
193,QQQ-TQQQ,27039.48,1.704,0.394,-0.094,3.83,1.41,4.19,86,0.0,0.209,217.47,-21496.59,25,3.0,0.05,12,26,9,14,0.6
194,QQQ-TQQQ,27274.21,1.727,0.398,-0.092,3.98,1.46,4.32,86,0.0,0.209,178.85,-21256.51,25,3.0,0.05,12,26,9,14,0.5
195,QQQ-TQQQ,26845.64,1.685,0.391,-0.097,3.69,1.35,4.05,86,0.0,0.209,255.98,-21747.77,25,3.0,0.05,12,26,9,14,0.7
196,QQQ-TQQQ,33090.88,2.309,0.492,-0.108,4.15,1.48,4.56,86,0.0,0.209,236.13,-28326.14,25,3.0,0.06,12,26,9,14,0.6
197,QQQ-TQQQ,33341.76,2.334,0.495,-0.106,4.27,1.52,4.69,86,0.0,0.209,194.04,-28010.47,25,3.0,0.06,12,26,9,14,0.5
198,QQQ-TQQQ,32788.36,2.279,0.487,-0.11,4.03,1.43,4.42,86,0.0,0.209,277.32,-28632.13,25,3.0,0.06,12,26,9,14,0.7
199,QQQ-TQQQ,-6971.82,-1.697,,-1.0,,-0.11,,43,0.0,0.302,225.19,-47101.64,25,1.0,0.04,12,26,9,14,0.6
200,QQQ-TQQQ,-6887.17,-1.689,,-1.0,,-0.11,,43,0.0,0.302,185.99,-46429.17,25,1.0,0.04,12,26,9,14,0.5
201,QQQ-TQQQ,-7038.32,-1.704,,-1.0,,-0.1,,43,0.0,0.302,266.7,-47808.42,25,1.0,0.04,12,26,9,14,0.7
202,QQQ-TQQQ,-7158.60,-1.716,,-1.0,,-0.1,,40,0.0,0.325,224.3,-48271.39,25,1.0,0.05,12,26,9,14,0.6
203,QQQ-TQQQ,-7052.30,-1.705,,-1.0,,-0.11,,40,0.0,0.325,185.96,-47655.17,25,1.0,0.05,12,26,9,14,0.5
204,QQQ-TQQQ,-7230.86,-1.723,,-1.0,,-0.1,,40,0.0,0.325,265.34,-48977.19,25,1.0,0.05,12,26,9,14,0.7
205,QQQ-TQQQ,-9991.23,-1.999,,-1.0,,-0.05,,6,0.0,0.333,230.44,-79230.48,25,1.0,0.06,12,26,9,14,0.6
206,QQQ-TQQQ,-9897.01,-1.990,,-1.0,,-0.05,,6,0.0,0.333,190.18,-78969.39,25,1.0,0.06,12,26,9,14,0.5
207,QQQ-TQQQ,-10021.06,-2.002,,-1.0,,-0.04,,6,0.0,0.333,273.66,-79594.46,25,1.0,0.06,12,26,9,14,0.7
208,QQQ-TQQQ,25904.12,1.590,0.374,-0.091,3.75,1.39,4.12,86,0.0,0.209,212.99,-20232.72,25,2.5,0.04,12,26,9,14,0.6
209,QQQ-TQQQ,26184.32,1.618,0.379,-0.089,3.91,1.45,4.25,86,0.0,0.209,176.01,-20020.44,25,2.5,0.04,12,26,9,14,0.5
210,QQQ-TQQQ,25745.77,1.575,0.372,-0.095,3.61,1.32,3.89,86,0.0,0.209,251.45,-20481.76,25,2.5,0.04,12,26,9,14,0.7
211,QQQ-TQQQ,33090.88,2.309,0.492,-0.108,4.15,1.48,4.56,86,0.0,0.209,236.13,-28326.14,25,2.5,0.05,12,26,9,14,0.6
212,QQQ-TQQQ,33341.76,2.334,0.495,-0.106,4.27,1.52,4.69,86,0.0,0.209,194.04,-28010.47,25,2.5,0.05,12,26,9,14,0.5
213,QQQ-TQQQ,32788.36,2.279,0.487,-0.11,4.03,1.43,4.42,86,0.0,0.209,277.32,-28632.13,25,2.5,0.05,12,26,9,14,0.7
214,QQQ-TQQQ,41927.37,3.193,0.614,-0.124,4.48,1.54,4.96,86,0.0,0.209,260.1,-38133.77,25,2.5,0.06,12,26,9,14,0.6
215,QQQ-TQQQ,42283.71,3.228,0.619,-0.122,4.58,1.57,5.09,86,0.0,0.209,214.65,-37751.87,25,2.5,0.06,12,26,9,14,0.5
216,QQQ-TQQQ,41624.38,3.162,0.611,-0.126,4.38,1.5,4.84,86,0.0,0.209,307.49,-38560.32,25,2.5,0.06,12,26,9,14,0.7
