Date,Portfolio_Total_Value,Portfolio_Day_Change_Pct,Portfolio_Overall_Return,Portfolio_PL_Percent,Cash,BuyHold_QQQ_Value,QQQ_Qty,QQQ_Value,TQQQ_Qty,TQQQ_Value
2020-04-01,10000.00,0.0000,0.0000,0.0000,10000.00,10000.00,0,0.00,0,0.00
2020-04-02,10000.00,0.0000,0.0000,0.0000,10000.00,9858.07,0,0.00,0,0.00
2020-04-05,10000.00,0.0000,0.0000,0.0000,10000.00,10562.87,0,0.00,0,0.00
2020-04-06,10000.00,0.0000,0.0000,0.0000,10000.00,10558.57,0,0.00,0,0.00
2020-04-07,10000.00,0.0000,0.0000,0.0000,10000.00,10782.75,0,0.00,0,0.00
2020-04-08,10000.00,0.0000,0.0000,0.0000,10000.00,10798.34,0,0.00,0,0.00
2020-04-12,10000.00,0.0000,0.0000,0.0000,10000.00,10915.00,0,0.00,0,0.00
2020-04-13,10000.00,0.0000,0.0000,0.0000,10000.00,11389.71,0,0.00,0,0.00
2020-04-14,10000.00,0.0000,0.0000,0.0000,10000.00,11259.07,0,0.00,0,0.00
2020-04-15,10000.00,0.0000,0.0000,0.0000,10000.00,11464.44,0,0.00,0,0.00
2020-04-16,10000.00,0.0000,0.0000,0.0000,10000.00,11574.11,0,0.00,0,0.00
2020-04-19,10000.00,0.0000,0.0000,0.0000,10000.00,11437.02,0,0.00,0,0.00
2020-04-20,10000.00,0.0000,0.0000,0.0000,10000.00,11015.00,0,0.00,0,0.00
2020-04-21,10000.00,0.0000,0.0000,0.0000,10000.00,11341.86,0,0.00,0,0.00
2020-04-22,10000.00,0.0000,0.0000,0.0000,10000.00,11317.67,0,0.00,0,0.00
2020-04-23,10000.00,0.0000,0.0000,0.0000,10000.00,11496.16,0,0.00,0,0.00
2020-04-26,10000.00,0.0000,0.0000,0.0000,10000.00,11588.62,0,0.00,0,0.00
2020-04-27,10000.00,0.0000,0.0000,0.0000,10000.00,11370.36,0,0.00,0,0.00
2020-04-28,10000.00,0.0000,0.0000,0.0000,10000.00,11773.56,0,0.00,0,0.00
2020-04-29,10000.00,0.0000,0.0000,0.0000,10000.00,11768.72,0,0.00,0,0.00
2020-04-30,10000.00,0.0000,0.0000,0.0000,10000.00,11437.02,0,0.00,0,0.00
2020-05-03,10000.00,0.0000,0.0000,0.0000,10000.00,11570.35,0,0.00,0,0.00
2020-05-04,10000.00,0.0000,0.0000,0.0000,10000.00,11701.52,0,0.00,0,0.00
2020-05-05,10000.00,0.0000,0.0000,0.0000,10000.00,11773.56,0,0.00,0,0.00
2020-05-06,10000.00,0.0000,0.0000,0.0000,10000.00,11925.17,0,0.00,0,0.00
2020-05-07,10000.00,0.0000,0.0000,0.0000,10000.00,12088.60,0,0.00,0,0.00
2020-05-10,10000.00,0.0000,0.0000,0.0000,10000.00,12196.66,0,0.00,0,0.00
2020-05-11,10000.00,0.0000,0.0000,0.0000,10000.00,11941.29,0,0.00,0,0.00
2020-05-12,10000.00,0.0000,0.0000,0.0000,10000.00,11791.84,0,0.00,0,0.00
2020-05-13,10000.00,0.0000,0.0000,0.0000,10000.00,11925.70,0,0.00,0,0.00
2020-05-14,10000.00,0.0000,0.0000,0.0000,10000.00,12003.12,0,0.00,0,0.00
2020-05-17,10000.00,0.0000,0.0000,0.0000,10000.00,12226.76,0,0.00,0,0.00
2020-05-18,10000.00,0.0000,0.0000,0.0000,10000.00,12196.12,0,0.00,0,0.00
2020-05-19,10000.00,0.0000,0.0000,0.0000,10000.00,12439.65,0,0.00,0,0.00
2020-05-20,10000.00,0.0000,0.0000,0.0000,10000.00,12304.18,0,0.00,0,0.00
2020-05-21,10000.00,0.0000,0.0000,0.0000,10000.00,12346.65,0,0.00,0,0.00
2020-05-25,10000.00,0.0000,0.0000,0.0000,10000.00,12313.32,0,0.00,0,0.00
2020-05-26,10000.00,0.0000,0.0000,0.0000,10000.00,12380.52,0,0.00,0,0.00
2020-05-27,10000.00,0.0000,0.0000,0.0000,10000.00,12364.39,0,0.00,0,0.00
2020-05-28,10000.00,0.0000,0.0000,0.0000,10000.00,12545.56,0,0.00,0,0.00
2020-05-31,10000.00,0.0000,0.0000,0.0000,10000.00,12583.19,0,0.00,0,0.00
2020-06-01,10000.00,0.0000,0.0000,0.0000,10000.00,12667.60,0,0.00,0,0.00
2020-06-02,10000.00,0.0000,0.0000,0.0000,10000.00,12724.58,0,0.00,0,0.00
2020-06-03,10000.00,0.0000,0.0000,0.0000,10000.00,12635.34,0,0.00,0,0.00
2020-06-04,10000.00,0.0000,0.0000,0.0000,10000.00,12885.87,0,0.00,0,0.00
2020-06-07,10000.00,0.0000,0.0000,0.0000,10000.00,12985.86,0,0.00,0,0.00
2020-06-08,10000.00,0.0000,0.0000,0.0000,10000.00,13079.94,0,0.00,0,0.00
2020-06-09,10000.00,0.0000,0.0000,0.0000,10000.00,13236.92,0,0.00,0,0.00
2020-06-10,10000.00,0.0000,0.0000,0.0000,10000.00,12581.04,0,0.00,0,0.00
2020-06-11,10000.00,0.0000,0.0000,0.0000,10000.00,12681.04,0,0.00,0,0.00
2020-06-14,10000.00,0.0000,0.0000,0.0000,10000.00,12835.33,0,0.00,0,0.00
2020-06-15,10000.00,0.0000,0.0000,0.0000,10000.00,13055.75,0,0.00,0,0.00
2020-06-16,10000.00,0.0000,0.0000,0.0000,10000.00,13097.15,0,0.00,0,0.00
2020-06-17,10000.00,0.0000,0.0000,0.0000,10000.00,13132.63,0,0.00,0,0.00
2020-06-18,10000.00,0.0000,0.0000,0.0000,10000.00,13130.48,0,0.00,0,0.00
2020-06-21,9992.81,-0.0719,-0.0719,-0.0719,3084.09,13264.88,28,0.00,0,0.00
2020-06-22,10038.08,0.4531,0.3808,0.3808,5588.44,13377.78,0,0.00,183,0.00
2020-06-23,10140.54,1.0206,1.4054,1.4054,3072.95,13101.98,29,0.00,0,0.00
2020-06-24,10207.82,0.6635,2.0782,2.0782,3072.95,13226.71,29,7134.87,0,0.00
2020-06-25,10039.33,-1.6506,0.3933,0.3933,3072.95,12914.36,29,6966.38,0,0.00
2020-06-28,10115.31,0.7568,1.1531,1.1531,3072.95,13055.21,29,7042.36,0,0.00
2020-06-29,10253.35,1.3647,2.5335,2.5335,3072.95,13311.11,29,7180.40,0,0.00
2020-06-30,10337.16,0.8174,3.3716,3.3716,3072.95,13466.48,29,7264.21,0,0.00
2020-07-01,10386.46,0.4769,3.8646,3.8646,3072.95,13557.87,29,7313.51,0,0.00
2020-07-05,10552.63,1.5999,5.5263,5.5263,6343.57,13891.19,0,0.00,163,0.00
2020-07-06,10861.93,2.9310,8.6193,8.6193,6343.57,13795.49,0,0.00,163,4518.36
2020-07-07,10773.09,-0.8179,7.7309,7.7309,6343.57,13977.21,0,0.00,163,4429.52
2020-07-08,10943.43,1.5811,9.4343,9.4343,6343.57,14094.94,0,0.00,163,4599.86
2020-07-09,11058.34,1.0501,10.5834,10.5834,6343.57,14191.17,0,0.00,163,4714.78
2020-07-12,11158.18,0.9028,11.5818,11.5818,6343.57,13899.25,0,0.00,163,4814.61
2020-07-13,10860.70,-2.6660,8.6070,8.6070,6343.57,13997.63,0,0.00,163,4517.14
2020-07-14,10956.47,0.8817,9.5647,9.5647,6343.57,14026.13,0,0.00,163,4612.90
2020-07-15,10979.29,0.2083,9.7929,9.7929,6343.57,13930.43,0,0.00,163,4635.72
2020-07-16,10865.88,-1.0329,8.6588,8.6588,3342.70,13946.56,29,0.00,0,0.00
2020-07-19,11065.79,1.8398,10.6579,10.6579,7011.59,14342.24,0,0.00,145,0.00
2020-07-20,11410.89,3.1186,14.1089,14.1089,7011.59,14192.79,0,0.00,145,4399.30
2020-07-21,11256.55,-1.3525,12.5655,12.5655,3573.58,14242.78,29,0.00,0,0.00
2020-07-22,11055.87,-1.7828,10.5587,10.5587,3573.58,13870.76,29,7482.29,0,0.00
2020-07-23,10984.82,-0.6426,9.8482,9.8482,3573.58,13739.05,29,7411.24,0,0.00
2020-07-26,11117.06,1.2038,11.1706,11.1706,3573.58,13984.19,29,7543.48,0,0.00
2020-07-27,11021.07,-0.8634,10.2107,10.2107,3573.58,13806.25,29,7447.49,0,0.00
2020-07-28,11106.91,0.7789,11.0691,11.0691,3573.58,13965.38,29,7533.33,0,0.00
2020-07-29,11146.35,0.3551,11.4635,11.4635,3573.58,14038.49,29,7572.77,0,0.00
2020-07-30,11281.49,1.2124,12.8149,12.8149,3573.58,14289.02,29,7707.91,0,0.00
2020-08-02,11385.60,0.9228,13.8560,13.8560,3573.58,14482.02,29,7812.02,0,0.00
2020-08-03,11400.12,0.1275,14.0012,14.0012,6601.71,14535.78,0,0.00,155,0.00
2020-08-04,11462.51,0.5473,14.6251,14.6251,6601.71,14571.80,0,0.00,155,4860.80
2020-08-05,11501.26,0.3381,15.0126,15.0126,6601.71,14764.80,0,0.00,155,4899.55
2020-08-06,11688.81,1.6307,16.8881,16.8881,6601.71,14594.38,0,0.00,155,5087.10
2020-08-09,11522.57,-1.4222,15.2257,15.2257,6601.71,14532.01,0,0.00,155,4920.86
2020-08-10,11441.65,-0.7023,14.4165,14.4165,3485.95,14256.76,30,0.00,0,0.00
2020-08-11,11641.75,1.7489,16.4175,16.4175,3485.95,14615.34,30,8155.80,0,0.00
2020-08-12,11660.35,0.1598,16.6035,16.6035,3485.95,14648.67,30,8174.40,0,0.00
2020-08-13,11650.75,-0.0823,16.5075,16.5075,3485.95,14631.47,30,8164.80,0,0.00
2020-08-16,11729.12,0.6726,17.2912,17.2912,5735.21,14801.35,0,0.00,188,0.00
2020-08-17,11926.99,1.6870,19.2699,19.2699,5735.21,14943.82,0,0.00,188,6191.78
2020-08-18,12108.88,1.5250,21.0888,21.0888,5735.21,14843.29,0,0.00,188,6373.67
2020-08-19,11984.33,-1.0286,19.8433,19.8433,5735.21,15049.19,0,0.00,188,6249.12
2020-08-20,12241.42,2.1452,22.4142,22.4142,5735.21,15153.49,0,0.00,188,6506.21
2020-08-23,12377.25,1.1096,23.7725,23.7725,5735.21,15248.10,0,0.00,188,6642.04
2020-08-24,12500.39,0.9949,25.0039,25.0039,5735.21,15367.99,0,0.00,188,6765.18
2020-08-25,12658.31,1.2633,26.5831,26.5831,5735.21,15695.93,0,0.00,188,6923.10
2020-08-26,13101.52,3.5013,31.0152,31.0152,5735.21,15647.01,0,0.00,188,7366.31
2020-08-27,13034.78,-0.5094,30.3478,30.3478,5735.21,15726.57,0,0.00,188,7299.57
2020-08-30,13147.58,0.8654,31.4758,31.4758,5735.21,15852.91,0,0.00,188,7412.37
2020-08-31,13319.13,1.3048,33.1913,33.1913,5735.21,16123.86,0,0.00,188,7583.92
2020-09-01,13712.99,2.9571,37.1299,37.1299,5735.21,16276.54,0,0.00,188,7977.78
2020-09-02,13938.12,1.6417,39.3812,39.3812,5735.21,15451.32,0,0.00,188,8202.91
2020-09-03,12660.59,-9.1657,26.6059,26.6059,3869.61,15245.42,31,0.00,0,0.00
2020-09-07,12238.06,-3.3374,22.3806,22.3806,3869.61,14512.66,31,8368.45,0,0.00
2020-09-08,12483.89,2.0087,24.8389,24.8389,3869.61,14938.98,31,8614.28,0,0.00
2020-09-09,12312.15,-1.3757,23.1215,23.1215,3869.61,14641.15,31,8442.54,0,0.00
2020-09-10,12253.56,-0.4759,22.5356,22.5356,3869.61,14539.54,31,8383.95,0,0.00
2020-09-13,12399.57,1.1916,23.9957,23.9957,3869.61,14792.75,31,8529.96,0,0.00
2020-09-14,12520.47,0.9750,25.2047,25.2047,3869.61,15002.42,31,8650.86,0,0.00
2020-09-15,12382.52,-1.1018,23.8252,23.8252,3869.61,14763.18,31,8512.91,0,0.00
2020-09-16,12249.53,-1.0740,22.4953,22.4953,3869.61,14532.55,31,8379.92,0,0.00
2020-09-17,12142.58,-0.8731,21.4258,21.4258,3869.61,14347.08,31,8272.97,0,0.00
2020-09-20,12162.42,0.1634,21.6242,21.6242,3869.61,14381.48,31,8292.81,0,0.00
2020-09-21,12316.49,1.2668,23.1649,23.1649,3869.61,14648.67,31,8446.88,0,0.00
2020-09-22,12058.57,-2.0941,20.5857,20.5857,3869.61,14201.39,31,8188.96,0,0.00
2020-09-23,12096.70,0.3162,20.9670,20.9670,3869.61,14267.51,31,8227.09,0,0.00
2020-09-24,12287.97,1.5812,22.8797,22.8797,3869.61,14599.22,31,8418.36,0,0.00
2020-09-27,12462.81,1.4229,24.6281,24.6281,3869.61,14902.42,31,8593.20,0,0.00
2020-09-28,12424.06,-0.3109,24.2406,24.2406,3869.61,14835.22,31,8554.45,0,0.00
2020-09-29,12468.17,0.3550,24.6817,24.6817,8232.29,14936.83,0,0.00,132,0.00
2020-09-30,12551.99,0.6723,25.5199,25.5199,8232.29,15173.92,0,0.00,132,4319.70
2020-10-01,12754.28,1.6116,27.5428,27.5428,8232.29,14747.06,0,0.00,132,4521.99
2020-10-04,12381.38,-2.9237,23.8138,23.8138,8232.29,15061.56,0,0.00,132,4149.09
2020-10-05,12643.07,2.1136,26.4307,26.4307,8232.29,14792.75,0,0.00,132,4410.78
2020-10-06,12406.13,-1.8741,24.0613,24.0613,8232.29,15048.65,0,0.00,132,4173.84
2020-10-07,12625.58,1.7689,26.2558,26.2558,8232.29,15128.76,0,0.00,132,4393.29
2020-10-08,12690.26,0.5123,26.9026,26.9026,8232.29,15359.93,0,0.00,132,4457.97
2020-10-11,12888.59,1.5629,28.8859,28.8859,8232.29,15834.09,0,0.00,132,4656.30
2020-10-12,13322.87,3.3695,33.2287,33.2287,8232.29,15833.56,0,0.00,132,5090.58
2020-10-13,13323.53,0.0050,33.2353,33.2353,8232.29,15701.31,0,0.00,132,5091.24
2020-10-14,13197.80,-0.9437,31.9780,31.9780,8232.29,15595.94,0,0.00,132,4965.51
2020-10-15,13095.17,-0.7776,30.9517,30.9517,8232.29,15510.46,0,0.00,132,4862.88
2020-10-18,13020.59,-0.5695,30.2059,30.2059,8232.29,15257.24,0,0.00,132,4788.30
2020-10-19,12782.66,-1.8273,27.8266,27.8266,8232.29,15290.04,0,0.00,132,4550.37
2020-10-20,12812.03,0.2298,28.1203,28.1203,8232.29,15278.21,0,0.00,132,4579.74
2020-10-21,12785.15,-0.2099,27.8515,27.8515,3975.57,15277.67,31,0.00,0,0.00
2020-10-22,12802.51,0.1358,28.0251,28.0251,3975.57,15307.78,31,8826.94,0,0.00
2020-10-25,12670.14,-1.0339,26.7014,26.7014,3975.57,15078.22,31,8694.57,0,0.00
2020-10-26,12738.03,0.5358,27.3803,27.3803,3975.57,15195.96,31,8762.46,0,0.00
2020-10-27,12396.41,-2.6819,23.9641,23.9641,3975.57,14603.52,31,8420.84,0,0.00
2020-10-28,12543.66,1.1878,25.4366,25.4366,3975.57,14858.88,31,8568.09,0,0.00
2020-10-29,12317.69,-1.8015,23.1769,23.1769,12317.69,14482.02,0,0.00,0,0.00
2020-11-01,12317.69,0.0000,23.1769,23.1769,12317.69,14514.27,0,0.00,0,0.00
2020-11-02,12308.86,-0.0716,23.0886,23.0886,3794.71,14765.34,31,0.00,0,0.00
2020-11-03,12688.92,3.0877,26.8892,26.8892,3794.71,15424.44,31,8894.21,0,0.00
2020-11-04,12906.05,1.7112,29.0605,29.0605,8773.69,15826.57,0,0.00,118,0.00
2020-11-05,13224.95,2.4709,32.2495,32.2495,8773.69,15838.40,0,0.00,118,4451.26
2020-11-08,13239.99,0.1138,32.3999,32.3999,8773.69,15514.76,0,0.00,118,4466.30
2020-11-09,12967.41,-2.0588,29.6741,29.6741,8773.69,15236.82,0,0.00,118,4193.72
2020-11-10,12741.15,-1.7449,27.4115,27.4115,8773.69,15577.66,0,0.00,118,3967.46
2020-11-11,13007.83,2.0931,30.0783,30.0783,8773.69,15504.54,0,0.00,118,4234.14
2020-11-12,12945.88,-0.4763,29.4588,29.4588,8773.69,15640.56,0,0.00,118,4172.18
2020-11-15,13055.32,0.8454,30.5532,30.5532,8773.69,15762.59,0,0.00,118,4281.63
2020-11-16,13153.85,0.7547,31.5385,31.5385,8773.69,15712.60,0,0.00,118,4380.16
2020-11-17,13113.44,-0.3072,31.1344,31.1344,8773.69,15596.47,0,0.00,118,4339.74
2020-11-18,13012.84,-0.7671,30.1284,30.1284,8773.69,15718.51,0,0.00,118,4239.15
2020-11-19,13117.86,0.8070,31.1786,31.1786,8773.69,15610.99,0,0.00,118,4344.17
2020-11-22,13029.66,-0.6724,30.2966,30.2966,8773.69,15611.53,0,0.00,118,4255.96
2020-11-23,13030.54,0.0068,30.3054,30.3054,8773.69,15830.87,0,0.00,118,4256.85
2020-11-24,13204.59,1.3357,32.0459,32.0459,8773.69,15928.18,0,0.00,118,4430.90
2020-11-26,13288.08,0.6322,32.8808,32.8808,8773.69,16074.94,0,0.00,118,4514.38
2020-11-29,13411.39,0.9280,34.1139,34.1139,8773.69,16107.74,0,0.00,118,4637.70
2020-11-30,13435.28,0.1782,34.3528,34.3528,8773.69,16314.18,0,0.00,118,4661.59
2020-12-01,13618.48,1.3635,36.1848,36.1848,8773.69,16335.14,0,0.00,118,4844.78
2020-12-02,13637.95,0.1430,36.3795,36.3795,8773.69,16358.26,0,0.00,118,4864.26
2020-12-03,13657.71,0.1449,36.5771,36.5771,8773.69,16424.92,0,0.00,118,4884.02
2020-12-06,13717.60,0.4385,37.1760,37.1760,8773.69,16517.93,0,0.00,118,4943.90
2020-12-07,13801.38,0.6107,38.0138,38.0138,8773.69,16573.84,0,0.00,118,5027.68
2020-12-08,13847.40,0.3334,38.4740,38.4740,8773.69,16198.59,0,0.00,118,5073.70
2020-12-09,13507.56,-2.4542,35.0756,35.0756,8773.69,16263.64,0,0.00,118,4733.86
2020-12-10,13550.03,0.3145,35.5003,35.5003,4192.68,16227.62,31,0.00,0,0.00
2020-12-13,13617.92,0.5010,36.1792,36.1792,4192.68,16345.36,31,9425.24,0,0.00
2020-12-14,13718.67,0.7398,37.1867,37.1867,4192.68,16520.08,31,9525.99,0,0.00
2020-12-15,13751.16,0.2368,37.5116,37.5116,5640.34,16610.93,0,0.00,191,0.00
2020-12-16,13887.24,0.9896,38.8724,38.8724,5640.34,16719.53,0,0.00,191,8246.90
2020-12-17,14056.28,1.2172,40.5628,40.5628,5640.34,16669.00,0,0.00,191,8415.94
2020-12-20,13964.60,-0.6522,39.6460,39.6460,5640.34,16607.71,0,0.00,191,8324.26
2020-12-21,13913.44,-0.3663,39.1344,39.1344,4310.88,16652.87,31,0.00,0,0.00
2020-12-22,13865.08,-0.3476,38.6508,38.6508,4310.88,16569.00,31,9554.20,0,0.00
2020-12-23,13907.24,0.3041,39.0724,39.0724,4310.88,16642.12,31,9596.36,0,0.00
2020-12-27,14003.96,0.6955,40.0396,40.0396,4310.88,16809.85,31,9693.08,0,0.00
2020-12-28,14012.64,0.0620,40.1264,40.1264,4310.88,16824.90,31,9701.76,0,0.00
2020-12-29,14012.95,0.0022,40.1295,40.1295,4310.88,16825.44,31,9702.07,0,0.00
2020-12-30,14036.82,0.1703,40.3682,40.3682,4310.88,16866.84,31,9725.94,0,0.00
2021-01-03,13899.49,-0.9784,38.9949,38.9949,4310.88,16628.68,31,9588.61,0,0.00
2021-01-04,13978.54,0.5687,39.7854,39.7854,4310.88,16765.77,31,9667.66,0,0.00
2021-01-05,13844.62,-0.9580,38.4462,38.4462,4310.88,16533.52,31,9533.74,0,0.00
2021-01-06,14075.26,1.6659,40.7526,40.7526,4310.88,16933.50,31,9764.38,0,0.00
2021-01-07,14200.81,0.8920,42.0081,42.0081,4310.88,17151.23,31,9889.93,0,0.00
2021-01-10,14057.90,-1.0064,40.5790,40.5790,4310.88,16903.39,31,9747.02,0,0.00
2021-01-11,14042.40,-0.1103,40.4240,40.4240,4310.88,16876.51,31,9731.52,0,0.00
2021-01-12,14108.12,0.4680,41.0812,41.0812,4310.88,16990.48,31,9797.24,0,0.00
2021-01-13,14055.73,-0.3713,40.5573,40.5573,4310.88,16899.63,31,9744.85,0,0.00
2021-01-14,13978.54,-0.5492,39.7854,39.7854,4310.88,16765.77,31,9667.66,0,0.00
2021-01-18,14119.59,1.0090,41.1959,41.1959,4310.88,17010.38,31,9808.71,0,0.00
2021-01-19,14327.34,1.4713,43.2734,43.2734,6045.90,17406.05,0,0.00,179,0.00
2021-01-20,14904.61,4.0292,49.0461,49.0461,6045.90,17545.29,0,0.00,179,8858.71
2021-01-21,15124.78,1.4772,51.2478,51.2478,6045.90,17494.76,0,0.00,179,9078.88
2021-01-24,15042.44,-0.5444,50.4244,50.4244,6045.90,17639.37,0,0.00,179,8996.54
2021-01-25,15292.15,1.6600,52.9215,52.9215,6045.90,17665.18,0,0.00,179,9246.24
2021-01-26,15301.99,0.0644,53.0199,53.0199,6045.90,17172.73,0,0.00,179,9256.09
2021-01-27,14555.56,-4.8780,45.5556,45.5556,6045.90,17274.34,0,0.00,179,8509.66
2021-01-28,14660.05,0.7179,46.6005,46.6005,4594.13,16910.92,32,0.00,0,0.00
2021-01-31,14911.57,1.7157,49.1157,49.1157,4594.13,17333.48,32,10317.44,0,0.00
2021-02-01,15079.89,1.1288,50.7989,50.7989,4594.13,17616.26,32,10485.76,0,0.00
2021-02-02,15038.29,-0.2759,50.3829,50.3829,4594.13,17546.37,32,10444.16,0,0.00
2021-02-03,15142.72,0.6944,51.4272,51.4272,8298.52,17753.88,0,0.00,136,0.00
2021-02-04,15384.80,1.5987,53.8480,53.8480,8298.52,17814.10,0,0.00,136,7086.28
2021-02-07,15458.92,0.4818,54.5892,54.5892,8298.52,17933.44,0,0.00,136,7160.40
2021-02-08,15599.00,0.9061,55.9900,55.9900,8298.52,17929.68,0,0.00,136,7300.48
2021-02-09,15595.60,-0.0218,55.9560,55.9560,8298.52,17888.82,0,0.00,136,7297.08
2021-02-10,15543.92,-0.3314,55.4392,55.4392,8298.52,17987.20,0,0.00,136,7245.40
2021-02-11,15660.88,0.7524,56.6088,56.6088,8298.52,18087.74,0,0.00,136,7362.36
2021-02-15,15786.00,0.7989,57.8600,57.8600,8298.52,18038.82,0,0.00,136,7487.48
2021-02-16,15723.44,-0.3963,57.2344,57.2344,8298.52,17952.26,0,0.00,136,7424.92
2021-02-17,15600.44,-0.7823,56.0044,56.0044,4961.40,17873.77,32,0.00,0,0.00
2021-02-18,15554.04,-0.2974,55.5404,55.5404,4961.40,17795.82,32,10592.64,0,0.00
2021-02-21,15279.48,-1.7652,52.7948,52.7948,4961.40,17334.55,32,10318.08,0,0.00
2021-02-22,15248.76,-0.2011,52.4876,52.4876,4961.40,17282.94,32,10287.36,0,0.00
2021-02-23,15333.56,0.5561,53.3356,53.3356,4961.40,17425.41,32,10372.16,0,0.00
2021-02-24,14971.96,-2.3582,49.7196,49.7196,4961.40,16817.91,32,10010.56,0,0.00
2021-02-25,15013.88,0.2800,50.1388,50.1388,4961.40,16888.34,32,10052.48,0,0.00
2021-02-28,15316.28,2.0141,53.1628,53.1628,4961.40,17396.38,32,10354.88,0,0.00
2021-03-01,15150.20,-1.0843,51.5020,51.5020,4961.40,17117.36,32,10188.80,0,0.00
2021-03-02,14854.52,-1.9517,48.5452,48.5452,4961.40,16620.61,32,9893.12,0,0.00
2021-03-03,14682.55,-1.1577,46.8255,46.8255,14682.55,16348.58,0,0.00,0,0.00
2021-03-04,14682.55,0.0000,46.8255,46.8255,14682.55,16594.81,0,0.00,0,0.00
2021-03-07,14682.55,0.0000,46.8255,46.8255,14682.55,16124.94,0,0.00,0,0.00
2021-03-08,14672.25,-0.0701,46.7225,46.7225,4695.61,16760.93,32,0.00,0,0.00
2021-03-09,14643.77,-0.1941,46.4377,46.4377,4695.61,16713.08,32,9948.16,0,0.00
2021-03-10,14872.89,1.5646,48.7289,48.7289,4695.61,17098.01,32,10177.28,0,0.00
2021-03-11,14790.33,-0.5551,47.9033,47.9033,4695.61,16959.30,32,10094.72,0,0.00
2021-03-14,14882.49,0.6231,48.8249,48.8249,10677.79,17140.48,0,0.00,95,0.00
2021-03-15,15016.92,0.9032,50.1692,50.1692,10677.79,17234.56,0,0.00,95,4339.12
2021-03-16,15088.17,0.4745,50.8817,50.8817,10677.79,17305.52,0,0.00,95,4410.38
2021-03-17,15143.74,0.3683,51.4374,51.4374,10677.79,16775.44,0,0.00,95,4465.95
2021-03-18,14733.82,-2.7069,47.3382,47.3382,10677.79,16834.58,0,0.00,95,4056.02
2021-03-21,14785.59,0.3514,47.8559,47.8559,10677.79,17128.65,0,0.00,95,4107.80
2021-03-22,15004.57,1.4810,50.0457,50.0457,10677.79,17053.92,0,0.00,95,4326.78
2021-03-23,14948.04,-0.3767,49.4804,49.4804,10677.79,16766.30,0,0.00,95,4270.25
2021-03-24,14727.39,-1.4761,47.2739,47.2739,14727.39,16737.27,0,0.00,0,0.00
2021-03-25,14721.46,-0.0402,47.2146,47.2146,9924.61,16988.33,0,0.00,113,0.00
2021-03-28,14933.34,1.4392,49.3334,49.3334,9924.61,16983.50,0,0.00,113,5008.72
2021-03-29,14930.51,-0.0189,49.3051,49.3051,9924.61,16898.02,0,0.00,113,5005.90
2021-03-30,14859.32,-0.4768,48.5932,48.5932,9924.61,17156.60,0,0.00,113,4934.71
2021-03-31,15080.80,1.4905,50.8080,50.8080,9924.61,17449.06,0,0.00,113,5156.19
2021-04-04,15342.96,1.7384,53.4296,53.4296,9924.61,17797.43,0,0.00,113,5418.35
2021-04-05,15668.40,2.1211,56.6840,56.6840,9924.61,17785.07,0,0.00,113,5743.79
2021-04-06,15654.84,-0.0865,56.5484,56.5484,9924.61,17828.07,0,0.00,113,5730.23
2021-04-07,15697.22,0.2707,56.9722,56.9722,9924.61,18014.09,0,0.00,113,5772.60
2021-04-08,15877.45,1.1482,58.7745,58.7745,9924.61,18123.22,0,0.00,113,5952.84
2021-04-11,15985.37,0.6797,59.8537,59.8537,9924.61,18099.56,0,0.00,113,6060.76
2021-04-12,15961.64,-0.1484,59.6164,59.6164,9924.61,18310.84,0,0.00,113,6037.02
2021-04-13,16168.43,1.2955,61.6843,61.6843,9924.61,18090.96,0,0.00,113,6243.82
2021-04-14,15949.21,-1.3559,59.4921,59.4921,9924.61,18365.14,0,0.00,113,6024.60
2021-04-15,16215.32,1.6685,62.1532,62.1532,9924.61,18386.65,0,0.00,113,6290.71
2021-04-18,16241.88,0.1638,62.4188,62.4188,9924.61,18218.38,0,0.00,113,6317.26
2021-04-19,16069.55,-1.0610,60.6955,60.6955,9924.61,18085.59,0,0.00,113,6144.94
2021-04-20,15935.08,-0.8368,59.3508,59.3508,9924.61,18240.42,0,0.00,113,6010.47
2021-04-21,16087.07,0.9538,60.8707,60.8707,9924.61,18020.54,0,0.00,113,6162.46
2021-04-22,15862.76,-1.3943,58.6276,58.6276,9924.61,18247.41,0,0.00,113,5938.15
2021-04-25,16086.50,1.4105,60.8650,60.8650,9924.61,18366.22,0,0.00,113,6161.89
2021-04-26,16189.57,0.6407,61.8957,61.8957,4964.62,18286.65,33,0.00,0,0.00
2021-04-27,16151.62,-0.2344,61.5162,61.5162,4964.62,18224.83,33,11187.00,0,0.00
2021-04-28,16191.88,0.2493,61.9188,61.9188,4964.62,18290.41,33,11227.26,0,0.00
2021-04-29,16118.29,-0.4545,61.1829,61.1829,4964.62,18170.53,33,11153.67,0,0.00
2021-05-02,16058.89,-0.3685,60.5889,60.5889,4964.62,18073.76,33,11094.27,0,0.00
2021-05-03,15859.24,-1.2432,58.5924,58.5924,4964.62,17748.51,33,10894.62,0,0.00
2021-05-04,15822.61,-0.2310,58.2261,58.2261,4964.62,17688.83,33,10857.99,0,0.00
2021-05-05,15904.45,0.5172,59.0445,59.0445,4964.62,17822.16,33,10939.83,0,0.00
2021-05-06,15993.22,0.5581,59.9322,59.9322,4964.62,17966.78,33,11028.60,0,0.00
2021-05-09,15714.70,-1.7415,57.1470,57.1470,4964.62,17513.04,33,10750.08,0,0.00
2021-05-10,15699.85,-0.0945,56.9985,56.9985,4964.62,17488.84,33,10735.23,0,0.00
2021-05-11,15411.21,-1.8385,54.1121,54.1121,15411.21,17036.18,0,0.00,0,0.00
2021-05-12,15411.21,0.0000,54.1121,54.1121,15411.21,17167.89,0,0.00,0,0.00
2021-05-13,15400.10,-0.0720,54.0010,54.0010,4629.23,17546.91,33,0.00,0,0.00
2021-05-16,15334.76,-0.4243,53.3476,53.3476,4629.23,17440.46,33,10705.53,0,0.00
2021-05-17,15251.53,-0.5428,52.5153,52.5153,15251.53,17322.72,0,0.00,0,0.00
2021-05-18,15251.53,0.0000,52.5153,52.5153,15251.53,17342.62,0,0.00,0,0.00
2021-05-19,15240.69,-0.0711,52.4069,52.4069,4718.13,17678.08,32,0.00,0,0.00
2021-05-20,15182.45,-0.3821,51.8245,51.8245,4718.13,17580.24,32,10464.32,0,0.00
2021-05-23,15339.34,1.0334,53.3934,53.3934,8587.84,17875.92,0,0.00,140,0.00
2021-05-24,15677.44,2.2041,56.7744,56.7744,8587.84,17900.65,0,0.00,140,7089.60
2021-05-25,15711.74,0.2188,57.1174,57.1174,8587.84,17963.01,0,0.00,140,7123.90
2021-05-26,15783.84,0.4589,57.8384,57.8384,8587.84,17895.81,0,0.00,140,7196.00
2021-05-27,15699.84,-0.5322,56.9984,56.9984,8587.84,17952.26,0,0.00,140,7112.00
2021-05-31,15769.14,0.4414,57.6914,57.6914,8587.84,17892.59,0,0.00,140,7181.30
2021-06-01,15699.14,-0.4439,56.9914,56.9914,8587.84,17927.53,0,0.00,140,7111.30
2021-06-02,15736.24,0.2363,57.3624,57.3624,8587.84,17740.98,0,0.00,140,7148.40
2021-06-03,15511.54,-1.4279,55.1154,55.1154,8587.84,18042.04,0,0.00,140,6923.70
2021-06-06,15866.44,2.2880,58.6644,58.6644,8587.84,18095.80,0,0.00,140,7278.60
2021-06-07,15930.84,0.4059,59.3084,59.3084,8587.84,18104.40,0,0.00,140,7343.00
2021-06-08,15939.24,0.0527,59.3924,59.3924,8587.84,18108.70,0,0.00,140,7351.40
2021-06-09,15947.64,0.0527,59.4764,59.4764,8587.84,18297.40,0,0.00,140,7359.80
2021-06-10,16173.04,1.4134,61.7304,61.7304,8587.84,18345.25,0,0.00,140,7585.20
2021-06-13,16233.24,0.3722,62.3324,62.3324,8587.84,18521.05,0,0.00,140,7645.40
2021-06-14,16447.44,1.3195,64.4744,64.4744,8587.84,18400.09,0,0.00,140,7859.60
2021-06-15,16301.84,-0.8852,63.0184,63.0184,8587.84,18332.89,0,0.00,140,7714.00
2021-06-16,16219.24,-0.5067,62.1924,62.1924,8587.84,18565.67,0,0.00,140,7631.40
2021-06-17,16504.14,1.7566,65.0414,65.0414,8587.84,18419.98,0,0.00,140,7916.30
2021-06-20,16315.14,-1.1452,63.1514,63.1514,8587.84,18512.98,0,0.00,140,7727.30
2021-06-21,16456.54,0.8667,64.5654,64.5654,8587.84,18685.55,0,0.00,140,7868.70
2021-06-22,16676.34,1.3356,66.7634,66.7634,8587.84,18694.69,0,0.00,140,8088.50
2021-06-23,16690.34,0.0840,66.9034,66.9034,8587.84,18810.28,0,0.00,140,8102.50
2021-06-24,16839.44,0.8933,68.3944,68.3944,8587.84,18787.16,0,0.00,140,8251.60
2021-06-27,16813.54,-0.1538,68.1354,68.1354,8587.84,19015.64,0,0.00,140,8225.70
2021-06-28,17104.74,1.7319,71.0474,71.0474,8587.84,19084.46,0,0.00,140,8516.90
2021-06-29,17200.64,0.5607,72.0064,72.0064,8587.84,19054.35,0,0.00,140,8612.80
2021-06-30,17162.84,-0.2198,71.6284,71.6284,8587.84,19061.88,0,0.00,140,8575.00
2021-07-01,17167.04,0.0245,71.6704,71.6704,8587.84,19280.68,0,0.00,140,8579.20
2021-07-05,17458.24,1.6963,74.5824,74.5824,8587.84,19364.01,0,0.00,140,8870.40
2021-07-06,17577.24,0.6816,75.7724,75.7724,8587.84,19404.87,0,0.00,140,8989.40
2021-07-07,17634.64,0.3266,76.3464,76.3464,8587.84,19287.67,0,0.00,140,9046.80
2021-07-08,17477.84,-0.8892,74.7784,74.7784,8587.84,19408.10,0,0.00,140,8890.00
2021-07-11,17628.34,0.8611,76.2834,76.2834,8587.84,19483.90,0,0.00,140,9040.50
2021-07-12,17741.74,0.6433,77.4174,77.4174,8587.84,19483.90,0,0.00,140,9153.90
2021-07-13,17736.84,-0.0276,77.3684,77.3684,8587.84,19518.84,0,0.00,140,9149.00
2021-07-14,17786.54,0.2802,77.8654,77.8654,8587.84,19381.75,0,0.00,140,9198.70
2021-07-15,17573.23,-1.1993,75.7323,75.7323,5414.83,19224.77,34,0.00,0,0.00
2021-07-18,17473.61,-0.5669,74.7361,74.7361,5414.83,19067.25,34,12058.78,0,0.00
2021-07-19,17613.69,0.8017,76.1369,76.1369,5414.83,19288.75,34,12198.86,0,0.00
2021-07-20,17707.87,0.5347,77.0787,77.0787,5414.83,19437.66,34,12293.04,0,0.00
2021-07-21,17789.13,0.4589,77.8913,77.8913,5414.83,19566.15,34,12374.30,0,0.00
2021-07-22,17933.63,0.8123,79.3363,79.3363,5414.83,19794.63,34,12518.80,0,0.00
2021-07-25,17915.12,-0.1032,79.1512,79.1512,4395.68,19810.23,0,0.00,198,0.00
2021-07-26,17943.27,0.1571,79.4327,79.4327,5552.65,19591.96,34,0.00,0,0.00
2021-07-27,17990.87,0.2653,79.9087,79.9087,5552.65,19667.22,34,12438.22,0,0.00
2021-07-28,18012.97,0.1228,80.1297,80.1297,5552.65,19702.17,34,12460.32,0,0.00
2021-07-29,17948.03,-0.3605,79.4803,79.4803,5552.65,19599.48,34,12395.38,0,0.00
2021-08-01,17949.05,0.0057,79.4905,79.4905,5552.65,19601.10,34,12396.40,0,0.00
2021-08-02,18024.19,0.4186,80.2419,80.2419,5552.65,19719.91,34,12471.54,0,0.00
2021-08-03,18042.21,0.1000,80.4221,80.4221,5552.65,19748.40,34,12489.56,0,0.00
2021-08-04,18121.43,0.4391,81.2143,81.2143,5552.65,19873.66,34,12568.78,0,0.00
2021-08-05,18066.35,-0.3039,80.6635,80.6635,5552.65,19786.57,34,12513.70,0,0.00
2021-08-08,18089.47,0.1280,80.8947,80.8947,5552.65,19823.13,34,12536.82,0,0.00
2021-08-09,18025.21,-0.3552,80.2521,80.2521,5552.65,19721.52,34,12472.56,0,0.00
2021-08-10,18003.79,-0.1188,80.0379,80.0379,5552.65,19687.65,34,12451.14,0,0.00
2021-08-11,18048.67,0.2493,80.4867,80.4867,5552.65,19758.62,34,12496.02,0,0.00
2021-08-12,18092.53,0.2430,80.9253,80.9253,5552.65,19827.97,34,12539.88,0,0.00
2021-08-15,18097.97,0.0301,80.9797,80.9797,5552.65,19836.57,34,12545.32,0,0.00
2021-08-16,17987.47,-0.6106,79.8747,79.8747,5552.65,19661.85,34,12434.82,0,0.00
2021-08-17,17867.79,-0.6654,78.6779,78.6779,5552.65,19472.61,34,12315.14,0,0.00
2021-08-18,17927.29,0.3330,79.2729,79.2729,5552.65,19566.69,34,12374.64,0,0.00
2021-08-19,18055.47,0.7150,80.5547,80.5547,5552.65,19769.37,34,12502.82,0,0.00
2021-08-22,18242.47,1.0357,82.4247,82.4247,5552.65,20065.05,34,12689.82,0,0.00
2021-08-23,18254.08,0.0636,82.5408,82.5408,5913.13,20126.34,0,0.00,174,0.00
2021-08-24,18375.88,0.6672,83.7588,83.7588,5913.13,20149.45,0,0.00,174,12462.75
2021-08-25,18389.80,0.0758,83.8980,83.8980,5913.13,20021.50,0,0.00,174,12476.67
2021-08-26,18178.39,-1.1496,81.7839,81.7839,5913.13,20216.12,0,0.00,174,12265.26
2021-08-29,18536.83,1.9718,85.3683,85.3683,5913.13,20442.99,0,0.00,174,12623.70
2021-08-30,18955.30,2.2575,89.5530,89.5530,5913.13,20426.32,0,0.00,174,13042.17
2021-08-31,18918.76,-0.1928,89.1876,89.1876,5913.13,20460.19,0,0.00,174,13005.63
2021-09-01,18990.10,0.3771,89.9010,89.9010,5913.13,20450.51,0,0.00,174,13076.97
2021-09-02,18971.83,-0.0962,89.7183,89.7183,5913.13,20513.41,0,0.00,174,13058.70
2021-09-06,19089.28,0.6191,90.8928,90.8928,5913.13,20542.44,0,0.00,174,13176.15
2021-09-07,19143.22,0.2826,91.4322,91.4322,5913.13,20470.94,0,0.00,174,13230.09
2021-09-08,19007.50,-0.7090,90.0750,90.0750,5913.13,20400.52,0,0.00,174,13094.37
2021-09-09,18839.20,-0.8854,88.3920,88.3920,5658.55,20245.69,35,0.00,0,0.00
2021-09-12,18830.10,-0.0483,88.3010,88.3010,5658.55,20231.71,35,13171.55,0,0.00
2021-09-13,18792.65,-0.1989,87.9265,87.9265,5658.55,20174.18,35,13134.10,0,0.00
2021-09-14,18890.30,0.5196,88.9030,88.9030,5658.55,20324.18,35,13231.75,0,0.00
2021-09-15,18899.40,0.0482,88.9940,88.9940,5658.55,20338.15,35,13240.85,0,0.00
2021-09-16,18742.60,-0.8297,87.4260,87.4260,5658.55,20097.31,35,13084.05,0,0.00
2021-09-19,18458.05,-1.5182,84.5805,84.5805,5658.55,19660.23,35,12799.50,0,0.00
2021-09-20,18473.80,0.0853,84.7380,84.7380,5658.55,19684.43,35,12815.25,0,0.00
2021-09-21,18593.50,0.6479,85.9350,85.9350,5658.55,19868.29,35,12934.95,0,0.00
2021-09-22,18712.85,0.6419,87.1285,87.1285,5658.55,20051.61,35,13054.30,0,0.00
2021-09-23,18725.10,0.0655,87.2510,87.2510,5658.55,20070.43,35,13066.55,0,0.00
2021-09-26,18620.80,-0.5570,86.2080,86.2080,5658.55,19910.22,35,12962.25,0,0.00
2021-09-27,18241.06,-2.0394,82.4106,82.4106,18241.06,19346.81,0,0.00,0,0.00
2021-09-28,18241.06,0.0000,82.4106,82.4106,18241.06,19315.09,0,0.00,0,0.00
2021-09-29,18241.06,0.0000,82.4106,82.4106,18241.06,19244.13,0,0.00,0,0.00
2021-09-30,18241.06,0.0000,82.4106,82.4106,18241.06,19363.48,0,0.00,0,0.00
2021-10-03,18241.06,0.0000,82.4106,82.4106,18241.06,18957.05,0,0.00,0,0.00
2021-10-04,18241.06,0.0000,82.4106,82.4106,18241.06,19212.95,0,0.00,0,0.00
2021-10-05,18241.06,0.0000,82.4106,82.4106,18241.06,19336.06,0,0.00,0,0.00
2021-10-06,18228.00,-0.0716,82.2800,82.2800,5524.05,19513.47,35,0.00,0,0.00
2021-10-07,18164.65,-0.3475,81.6465,81.6465,5524.05,19416.16,35,12640.60,0,0.00
2021-10-10,18054.81,-0.6047,80.5481,80.5481,18054.81,19267.24,0,0.00,0,0.00
2021-10-11,18054.81,0.0000,80.5481,80.5481,18054.81,19200.04,0,0.00,0,0.00
2021-10-12,18041.86,-0.0717,80.4186,80.4186,5441.86,19353.80,35,0.00,0,0.00
2021-10-13,18249.02,1.1483,82.4902,82.4902,8147.42,19710.23,0,0.00,160,0.00
2021-10-14,18806.62,3.0555,88.0662,88.0662,8147.42,19834.42,0,0.00,160,10659.20
2021-10-17,19004.22,1.0507,90.0422,90.0422,8147.42,20033.87,0,0.00,160,10856.80
2021-10-18,19329.82,1.7133,93.2982,93.2982,8147.42,20185.47,0,0.00,160,11182.40
2021-10-19,19575.42,1.2706,95.7542,95.7542,8147.42,20159.13,0,0.00,160,11428.00
2021-10-20,19539.42,-0.1839,95.3942,95.3942,8147.42,20282.24,0,0.00,160,11392.00
2021-10-21,19743.42,1.0440,97.4342,97.4342,8147.42,20111.82,0,0.00,160,11596.00
2021-10-24,19449.82,-1.4871,94.4982,94.4982,8147.42,20317.72,0,0.00,160,11302.40
2021-10-25,19789.02,1.7440,97.8902,97.8902,8147.42,20381.70,0,0.00,160,11641.60
2021-10-26,19897.82,0.5498,98.9782,98.9782,8147.42,20429.01,0,0.00,160,11750.40
2021-10-27,19990.62,0.4664,99.9062,99.9062,8147.42,20655.88,0,0.00,160,11843.20
2021-10-28,20379.42,1.9449,103.7942,103.7942,8147.42,20757.49,0,0.00,160,12232.00
2021-10-31,20560.22,0.8872,105.6022,105.6022,8147.42,20828.45,0,0.00,160,12412.80
2021-11-01,20682.62,0.5953,106.8262,106.8262,8147.42,20915.54,0,0.00,160,12535.20
2021-11-02,20849.82,0.8084,108.4982,108.4982,8147.42,21137.57,0,0.00,160,12702.40
2021-11-03,21253.02,1.9338,112.5302,112.5302,8147.42,21408.53,0,0.00,160,13105.60
2021-11-04,21741.82,2.2999,117.4182,117.4182,8147.42,21428.96,0,0.00,160,13594.40
2021-11-07,21792.22,0.2318,117.9222,117.9222,8147.42,21399.92,0,0.00,160,13644.80
2021-11-08,21736.22,-0.2570,117.3622,117.3622,8147.42,21252.62,0,0.00,160,13588.80
2021-11-09,21456.22,-1.2882,114.5622,114.5622,8147.42,20940.27,0,0.00,160,13308.80
2021-11-10,20873.02,-2.7181,108.7302,108.7302,8147.42,20998.33,0,0.00,160,12725.60
2021-11-11,20976.22,0.4944,109.7622,109.7622,8147.42,21219.29,0,0.00,160,12828.80
2021-11-14,21383.42,1.9412,113.8342,113.8342,8147.42,21214.45,0,0.00,160,13236.00
2021-11-15,21379.42,-0.0187,113.7942,113.7942,8147.42,21365.52,0,0.00,160,13232.00
2021-11-16,21653.02,1.2797,116.5302,116.5302,8147.42,21376.81,0,0.00,160,13505.60
2021-11-17,21669.02,0.0739,116.6902,116.6902,8147.42,21598.30,0,0.00,160,13521.60
2021-11-18,22082.62,1.9087,120.8262,120.8262,8147.42,21718.72,0,0.00,160,13935.20
2021-11-21,22318.62,1.0687,123.1862,123.1862,8147.42,21466.59,0,0.00,160,14171.20
2021-11-22,21796.66,-2.3387,117.9666,117.9666,6692.42,21368.74,38,0.00,0,0.00
2021-11-23,21845.30,0.2232,118.4530,118.4530,6692.42,21437.56,38,15152.88,0,0.00
2021-11-25,21558.02,-1.3151,115.5802,115.5802,6692.42,21031.13,38,14865.60,0,0.00
2021-11-28,21880.64,1.4965,118.8064,118.8064,6692.42,21487.55,38,15188.22,0,0.00
2021-11-29,21657.58,-1.0194,116.5758,116.5758,6692.42,21171.98,38,14965.16,0,0.00
2021-11-30,21402.98,-1.1756,114.0298,114.0298,6692.42,20811.78,38,14710.56,0,0.00
2021-12-01,21509.00,0.4954,115.0900,115.0900,6692.42,20961.78,38,14816.58,0,0.00
2021-12-02,21251.36,-1.1978,112.5136,112.5136,6692.42,20597.28,38,14558.94,0,0.00
2021-12-05,21368.02,0.5490,113.6802,113.6802,6692.42,20762.32,38,14675.60,0,0.00
2021-12-06,21809.96,2.0682,118.0996,118.0996,6692.42,21387.56,38,15117.54,0,0.00
2021-12-07,21877.60,0.3101,118.7760,118.7760,6692.42,21483.25,38,15185.18,0,0.00
2021-12-08,21654.16,-1.0213,116.5416,116.5416,6692.42,21167.14,38,14961.74,0,0.00
2021-12-09,21816.80,0.7511,118.1680,118.1680,6692.42,21397.24,38,15124.38,0,0.00
2021-12-12,21598.30,-1.0015,115.9830,115.9830,6692.42,21088.11,38,14905.88,0,0.00
2021-12-13,21444.02,-0.7143,114.4402,114.4402,6692.42,20869.85,38,14751.60,0,0.00
2021-12-14,21780.32,1.5683,117.8032,117.8032,6692.42,21345.63,38,15087.90,0,0.00
2021-12-15,21392.34,-1.7813,113.9234,113.9234,6692.42,20796.73,38,14699.92,0,0.00
2021-12-16,21319.00,-0.3428,113.1900,113.1900,6692.42,20692.97,38,14626.58,0,0.00
2021-12-19,21158.64,-0.7522,111.5864,111.5864,6692.42,20466.10,38,14466.22,0,0.00
2021-12-20,21482.40,1.5302,114.8240,114.8240,6692.42,20924.14,38,14789.98,0,0.00
2021-12-21,21662.52,0.8385,116.6252,116.6252,6692.42,21178.97,38,14970.10,0,0.00
2021-12-22,21775.38,0.5210,117.7538,117.7538,6692.42,21338.64,38,15082.96,0,0.00
2021-12-26,21999.49,1.0292,119.9949,119.9949,13560.01,21691.31,0,0.00,102,0.00
2021-12-27,22402.90,1.8337,124.0290,124.0290,13560.01,21590.77,0,0.00,102,8842.89
2021-12-28,22298.86,-0.4644,122.9886,122.9886,13560.01,21587.55,0,0.00,102,8738.85
2021-12-29,22285.09,-0.0618,122.8509,122.8509,13560.01,21523.04,0,0.00,102,8725.08
2021-12-30,22203.49,-0.3662,122.0349,122.0349,13560.01,21388.64,0,0.00,102,8643.48
2022-01-02,22042.84,-0.7235,120.4284,120.4284,13560.01,21594.54,0,0.00,102,8482.83
2022-01-03,22287.64,1.1106,122.8764,122.8764,13560.01,21314.45,0,0.00,102,8727.63
2022-01-04,21939.08,-1.5639,119.3908,119.3908,21939.08,20659.64,0,0.00,0,0.00
2022-01-05,21939.08,0.0000,119.3908,119.3908,21939.08,20645.13,0,0.00,0,0.00
2022-01-06,21939.08,0.0000,119.3908,119.3908,21939.08,20421.48,0,0.00,0,0.00
2022-01-09,21939.08,0.0000,119.3908,119.3908,21939.08,20434.92,0,0.00,0,0.00
2022-01-10,21923.64,-0.0704,119.2364,119.2364,6876.66,20741.90,39,0.00,0,0.00
2022-01-11,21983.31,0.2722,119.8331,119.8331,6876.66,20824.15,39,15106.65,0,0.00
2022-01-12,21590.28,-1.7879,115.9028,115.9028,21590.28,20303.21,0,0.00,0,0.00
2022-01-13,21590.28,0.0000,115.9028,115.9028,21590.28,20429.55,0,0.00,0,0.00
2022-01-17,21590.28,0.0000,115.9028,115.9028,21590.28,19920.97,0,0.00,0,0.00
2022-01-18,21590.28,0.0000,115.9028,115.9028,21590.28,19702.17,0,0.00,0,0.00
2022-01-19,21590.28,0.0000,115.9028,115.9028,21590.28,19446.27,0,0.00,0,0.00
2022-01-20,21590.28,0.0000,115.9028,115.9028,21590.28,18907.05,0,0.00,0,0.00
2022-01-23,21590.28,0.0000,115.9028,115.9028,21590.28,18993.60,0,0.00,0,0.00
2022-01-24,21590.28,0.0000,115.9028,115.9028,21590.28,18553.30,0,0.00,0,0.00
2022-01-25,21590.28,0.0000,115.9028,115.9028,21590.28,18524.27,0,0.00,0,0.00
2022-01-26,21590.28,0.0000,115.9028,115.9028,21590.28,18337.72,0,0.00,0,0.00
2022-01-27,21590.28,0.0000,115.9028,115.9028,21590.28,18912.96,0,0.00,0,0.00
2022-01-30,21590.28,0.0000,115.9028,115.9028,21590.28,19517.77,0,0.00,0,0.00
2022-01-31,21590.28,0.0000,115.9028,115.9028,21590.28,19650.56,0,0.00,0,0.00
2022-02-01,21590.28,0.0000,115.9028,115.9028,21590.28,19810.23,0,0.00,0,0.00
2022-02-02,21590.28,0.0000,115.9028,115.9028,21590.28,19007.04,0,0.00,0,0.00
2022-02-03,21590.28,0.0000,115.9028,115.9028,21590.28,19246.81,0,0.00,0,0.00
2022-02-06,21590.28,0.0000,115.9028,115.9028,21590.28,19091.98,0,0.00,0,0.00
2022-02-07,21590.28,0.0000,115.9028,115.9028,21590.28,19306.49,0,0.00,0,0.00
2022-02-08,21590.28,0.0000,115.9028,115.9028,21590.28,19715.61,0,0.00,0,0.00
2022-02-09,21590.28,0.0000,115.9028,115.9028,21590.28,19269.39,0,0.00,0,0.00
2022-02-10,21590.28,0.0000,115.9028,115.9028,21590.28,18658.14,0,0.00,0,0.00
2022-02-13,21590.28,0.0000,115.9028,115.9028,21590.28,18681.25,0,0.00,0,0.00
2022-02-14,21590.28,0.0000,115.9028,115.9028,21590.28,19145.74,0,0.00,0,0.00
2022-02-15,21590.28,0.0000,115.9028,115.9028,21590.28,19140.91,0,0.00,0,0.00
2022-02-16,21590.28,0.0000,115.9028,115.9028,21590.28,18571.58,0,0.00,0,0.00
2022-02-17,21590.28,0.0000,115.9028,115.9028,21590.28,18359.77,0,0.00,0,0.00
2022-02-21,21590.28,0.0000,115.9028,115.9028,21590.28,18175.37,0,0.00,0,0.00
2022-02-22,21590.28,0.0000,115.9028,115.9028,21590.28,17709.80,0,0.00,0,0.00
2022-02-23,21590.28,0.0000,115.9028,115.9028,21590.28,18304.93,0,0.00,0,0.00
2022-02-24,21590.28,0.0000,115.9028,115.9028,21590.28,18588.79,0,0.00,0,0.00
2022-02-27,21590.28,0.0000,115.9028,115.9028,21590.28,18644.16,0,0.00,0,0.00
2022-02-28,21590.28,0.0000,115.9028,115.9028,21590.28,18358.69,0,0.00,0,0.00
2022-03-01,21590.28,0.0000,115.9028,115.9028,21590.28,18666.74,0,0.00,0,0.00
2022-03-02,21590.28,0.0000,115.9028,115.9028,21590.28,18400.09,0,0.00,0,0.00
2022-03-03,21590.28,0.0000,115.9028,115.9028,21590.28,18133.43,0,0.00,0,0.00
2022-03-06,21590.28,0.0000,115.9028,115.9028,21590.28,17464.65,0,0.00,0,0.00
2022-03-07,21590.28,0.0000,115.9028,115.9028,21590.28,17383.47,0,0.00,0,0.00
2022-03-08,21590.28,0.0000,115.9028,115.9028,21590.28,18009.25,0,0.00,0,0.00
2022-03-09,21590.28,0.0000,115.9028,115.9028,21590.28,17809.26,0,0.00,0,0.00
2022-03-10,21590.28,0.0000,115.9028,115.9028,21590.28,17439.92,0,0.00,0,0.00
2022-03-13,21590.28,0.0000,115.9028,115.9028,21590.28,17104.99,0,0.00,0,0.00
2022-03-14,21590.28,0.0000,115.9028,115.9028,21590.28,17641.52,0,0.00,0,0.00
2022-03-15,21590.28,0.0000,115.9028,115.9028,21590.28,18295.79,0,0.00,0,0.00
2022-03-16,21590.28,0.0000,115.9028,115.9028,21590.28,18517.28,0,0.00,0,0.00
2022-03-17,21590.28,0.0000,115.9028,115.9028,21590.28,18896.30,0,0.00,0,0.00
2022-03-20,21590.28,0.0000,115.9028,115.9028,21590.28,18820.49,0,0.00,0,0.00
2022-03-21,21590.28,0.0000,115.9028,115.9028,21590.28,19190.37,0,0.00,0,0.00
2022-03-22,21590.28,0.0000,115.9028,115.9028,21590.28,18914.57,0,0.00,0,0.00
2022-03-23,21590.28,0.0000,115.9028,115.9028,21590.28,19334.98,0,0.00,0,0.00
2022-03-24,21590.28,0.0000,115.9028,115.9028,21590.28,19318.85,0,0.00,0,0.00
2022-03-27,21581.38,-0.0412,115.8138,115.8138,14009.69,19617.76,0,0.00,133,0.00
2022-03-28,21925.85,1.5961,119.2585,119.2585,14009.69,19955.38,0,0.00,133,7916.16
2022-03-29,22331.50,1.8501,123.3150,123.3150,14009.69,19734.96,0,0.00,133,8321.81
2022-03-30,22081.46,-1.1197,120.8146,120.8146,14009.69,19490.35,0,0.00,133,8071.77
2022-03-31,21738.56,-1.5529,117.3856,117.3856,21738.56,19453.26,0,0.00,0,0.00
2022-04-03,21727.49,-0.0509,117.2749,117.2749,12284.90,19853.77,0,0.00,163,0.00
2022-04-04,22305.89,2.6621,123.0589,123.0589,22305.89,19412.93,0,0.00,0,0.00
2022-04-05,22305.89,0.0000,123.0589,123.0589,22305.89,18991.45,0,0.00,0,0.00
2022-04-06,22305.89,0.0000,123.0589,123.0589,22305.89,19036.61,0,0.00,0,0.00
2022-04-07,22305.89,0.0000,123.0589,123.0589,22305.89,18770.50,0,0.00,0,0.00
2022-04-10,22305.89,0.0000,123.0589,123.0589,22305.89,18326.43,0,0.00,0,0.00
2022-04-11,22305.89,0.0000,123.0589,123.0589,22305.89,18249.02,0,0.00,0,0.00
2022-04-12,22305.89,0.0000,123.0589,123.0589,22305.89,18619.97,0,0.00,0,0.00
2022-04-13,22305.89,0.0000,123.0589,123.0589,22305.89,18194.18,0,0.00,0,0.00
2022-04-17,22305.89,0.0000,123.0589,123.0589,22305.89,18208.16,0,0.00,0,0.00
2022-04-18,22305.89,0.0000,123.0589,123.0589,22305.89,18615.13,0,0.00,0,0.00
2022-04-19,22305.89,0.0000,123.0589,123.0589,22305.89,18343.64,0,0.00,0,0.00
2022-04-20,22305.89,0.0000,123.0589,123.0589,22305.89,17964.09,0,0.00,0,0.00
2022-04-21,22305.89,0.0000,123.0589,123.0589,22305.89,17493.68,0,0.00,0,0.00
2022-04-24,22305.89,0.0000,123.0589,123.0589,22305.89,17718.40,0,0.00,0,0.00
2022-04-25,22305.89,0.0000,123.0589,123.0589,22305.89,17049.62,0,0.00,0,0.00
2022-04-26,22305.89,0.0000,123.0589,123.0589,22305.89,17029.19,0,0.00,0,0.00
2022-04-27,22305.89,0.0000,123.0589,123.0589,22305.89,17634.00,0,0.00,0,0.00
2022-04-28,22305.89,0.0000,123.0589,123.0589,22305.89,16840.49,0,0.00,0,0.00
2022-05-01,22305.89,0.0000,123.0589,123.0589,22305.89,17121.66,0,0.00,0,0.00
2022-05-02,22305.89,0.0000,123.0589,123.0589,22305.89,17139.94,0,0.00,0,0.00
2022-05-03,22305.89,0.0000,123.0589,123.0589,22305.89,17719.48,0,0.00,0,0.00
2022-05-04,22305.89,0.0000,123.0589,123.0589,22305.89,16827.05,0,0.00,0,0.00
2022-05-05,22305.89,0.0000,123.0589,123.0589,22305.89,16625.45,0,0.00,0,0.00
2022-05-08,22305.89,0.0000,123.0589,123.0589,22305.89,15974.95,0,0.00,0,0.00
2022-05-09,22305.89,0.0000,123.0589,123.0589,22305.89,16169.02,0,0.00,0,0.00
2022-05-10,22305.89,0.0000,123.0589,123.0589,22305.89,15689.48,0,0.00,0,0.00
2022-05-11,22305.89,0.0000,123.0589,123.0589,22305.89,15652.38,0,0.00,0,0.00
2022-05-12,22305.89,0.0000,123.0589,123.0589,22305.89,16232.46,0,0.00,0,0.00
2022-05-15,22305.89,0.0000,123.0589,123.0589,22305.89,16044.30,0,0.00,0,0.00
2022-05-16,22305.89,0.0000,123.0589,123.0589,22305.89,16459.87,0,0.00,0,0.00
2022-05-17,22305.89,0.0000,123.0589,123.0589,22305.89,15651.85,0,0.00,0,0.00
2022-05-18,22305.89,0.0000,123.0589,123.0589,22305.89,15567.98,0,0.00,0,0.00
2022-05-19,22305.89,0.0000,123.0589,123.0589,22305.89,15519.60,0,0.00,0,0.00
2022-05-22,22305.89,0.0000,123.0589,123.0589,22305.89,15777.65,0,0.00,0,0.00
2022-05-23,22305.89,0.0000,123.0589,123.0589,22305.89,15442.18,0,0.00,0,0.00
2022-05-24,22305.89,0.0000,123.0589,123.0589,22305.89,15658.30,0,0.00,0,0.00
2022-05-25,22305.89,0.0000,123.0589,123.0589,22305.89,16092.15,0,0.00,0,0.00
2022-05-26,22305.89,0.0000,123.0589,123.0589,22305.89,16617.39,0,0.00,0,0.00
2022-05-30,22305.89,0.0000,123.0589,123.0589,22305.89,16573.30,0,0.00,0,0.00
2022-05-31,22305.89,0.0000,123.0589,123.0589,22305.89,16450.73,0,0.00,0,0.00
2022-06-01,22305.89,0.0000,123.0589,123.0589,22305.89,16901.24,0,0.00,0,0.00
2022-06-02,22305.89,0.0000,123.0589,123.0589,22305.89,16461.48,0,0.00,0,0.00
2022-06-05,22305.89,0.0000,123.0589,123.0589,22305.89,16516.32,0,0.00,0,0.00
2022-06-06,22305.89,0.0000,123.0589,123.0589,22305.89,16658.78,0,0.00,0,0.00
2022-06-07,22305.89,0.0000,123.0589,123.0589,22305.89,16538.90,0,0.00,0,0.00
2022-06-08,22305.89,0.0000,123.0589,123.0589,22305.89,16095.91,0,0.00,0,0.00
2022-06-09,22305.89,0.0000,123.0589,123.0589,22305.89,15528.20,0,0.00,0,0.00
2022-06-12,22305.89,0.0000,123.0589,123.0589,22305.89,14806.19,0,0.00,0,0.00
2022-06-13,22305.89,0.0000,123.0589,123.0589,22305.89,14833.07,0,0.00,0,0.00
2022-06-14,22305.89,0.0000,123.0589,123.0589,22305.89,15203.48,0,0.00,0,0.00
2022-06-15,22305.89,0.0000,123.0589,123.0589,22305.89,14590.08,0,0.00,0,0.00
2022-06-16,22305.89,0.0000,123.0589,123.0589,22305.89,14767.49,0,0.00,0,0.00
2022-06-20,22305.89,0.0000,123.0589,123.0589,22305.89,15111.02,0,0.00,0,0.00
2022-06-21,22305.89,0.0000,123.0589,123.0589,22305.89,15088.97,0,0.00,0,0.00
2022-06-22,22305.89,0.0000,123.0589,123.0589,22305.89,15313.69,0,0.00,0,0.00
2022-06-23,22305.89,0.0000,123.0589,123.0589,22305.89,15838.40,0,0.00,0,0.00
2022-06-26,22305.89,0.0000,123.0589,123.0589,22305.89,15722.27,0,0.00,0,0.00
2022-06-27,22305.89,0.0000,123.0589,123.0589,22305.89,15243.27,0,0.00,0,0.00
2022-06-28,22305.89,0.0000,123.0589,123.0589,22305.89,15257.24,0,0.00,0,0.00
2022-06-29,22305.89,0.0000,123.0589,123.0589,22305.89,15068.01,0,0.00,0,0.00
2022-06-30,22305.89,0.0000,123.0589,123.0589,22305.89,15167.46,0,0.00,0,0.00
2022-07-04,22305.89,0.0000,123.0589,123.0589,22305.89,15427.13,0,0.00,0,0.00
2022-07-05,22305.89,0.0000,123.0589,123.0589,22305.89,15526.05,0,0.00,0,0.00
2022-07-06,22305.89,0.0000,123.0589,123.0589,22305.89,15858.29,0,0.00,0,0.00
2022-07-07,22305.89,0.0000,123.0589,123.0589,22305.89,15878.18,0,0.00,0,0.00
2022-07-10,22305.89,0.0000,123.0589,123.0589,22305.89,15538.95,0,0.00,0,0.00
2022-07-11,22305.89,0.0000,123.0589,123.0589,22305.89,15388.42,0,0.00,0,0.00
2022-07-12,22305.89,0.0000,123.0589,123.0589,22305.89,15356.70,0,0.00,0,0.00
2022-07-13,22305.89,0.0000,123.0589,123.0589,22305.89,15411.54,0,0.00,0,0.00
2022-07-14,22305.89,0.0000,123.0589,123.0589,22305.89,15691.09,0,0.00,0,0.00
2022-07-17,22305.89,0.0000,123.0589,123.0589,22305.89,15558.30,0,0.00,0,0.00
2022-07-18,22305.89,0.0000,123.0589,123.0589,22305.89,16036.77,0,0.00,0,0.00
2022-07-19,22305.89,0.0000,123.0589,123.0589,22305.89,16291.06,0,0.00,0,0.00
2022-07-20,22305.89,0.0000,123.0589,123.0589,22305.89,16524.92,0,0.00,0,0.00
2022-07-21,22305.89,0.0000,123.0589,123.0589,22305.89,16235.15,0,0.00,0,0.00
2022-07-24,22305.89,0.0000,123.0589,123.0589,22305.89,16142.68,0,0.00,0,0.00
2022-07-25,22305.89,0.0000,123.0589,123.0589,22305.89,15825.49,0,0.00,0,0.00
2022-07-26,22305.89,0.0000,123.0589,123.0589,22305.89,16494.27,0,0.00,0,0.00
2022-07-27,22295.91,-0.0447,122.9591,122.9591,14764.61,16655.56,0,0.00,245,0.00
2022-07-28,22511.51,0.9670,125.1151,125.1151,14764.61,16959.30,0,0.00,245,7746.90
2022-07-31,22937.81,1.8937,129.3781,129.3781,14764.61,16949.09,0,0.00,245,8173.20
2022-08-01,22925.56,-0.0534,129.2556,129.2556,14764.61,16898.55,0,0.00,245,8160.95
2022-08-02,22849.61,-0.3313,128.4961,128.4961,14764.61,17358.74,0,0.00,245,8085.00
2022-08-03,23496.41,2.8307,134.9641,134.9641,14764.61,17439.92,0,0.00,245,8731.80
2022-08-04,23621.36,0.5318,136.2136,136.2136,14764.61,17297.46,0,0.00,245,8856.75
2022-08-07,23410.66,-0.8920,134.1066,134.1066,14764.61,17241.55,0,0.00,245,8646.05
2022-08-08,23322.46,-0.3768,133.2246,133.2246,14764.61,17046.40,0,0.00,245,8557.85
2022-08-09,23028.46,-1.2606,130.2846,130.2846,14764.61,17522.18,0,0.00,245,8263.85
2022-08-10,23707.11,2.9470,137.0711,137.0711,14764.61,17422.72,0,0.00,245,8942.50
2022-08-11,23572.36,-0.5684,135.7236,135.7236,14764.61,17761.95,0,0.00,245,8807.75
2022-08-14,24069.71,2.1099,140.6971,140.6971,14764.61,17905.49,0,0.00,245,9305.10
2022-08-15,24292.66,0.9263,142.9266,142.9266,14764.61,17863.56,0,0.00,245,9528.05
2022-08-16,24231.41,-0.2521,142.3141,142.3141,14764.61,17659.80,0,0.00,245,9466.80
2022-08-17,23903.11,-1.3549,139.0311,139.0311,14764.61,17702.27,0,0.00,245,9138.50
2022-08-18,23935.73,0.1365,139.3573,139.3573,7469.87,17357.13,51,0.00,0,0.00
2022-08-21,23502.23,-1.8111,135.0223,135.0223,7469.87,16900.17,51,16032.36,0,0.00
2022-08-22,23488.97,-0.0564,134.8897,134.8897,7469.87,16886.19,51,16019.10,0,0.00
2022-08-23,23535.38,0.1976,135.3538,135.3538,7469.87,16935.11,51,16065.51,0,0.00
2022-08-24,23819.45,1.2070,138.1945,138.1945,7469.87,17234.56,51,16349.58,0,0.00
2022-08-25,23133.12,-2.8814,131.3312,131.3312,23133.12,16528.14,0,0.00,0,0.00
2022-08-28,23133.12,0.0000,131.3312,131.3312,23133.12,16365.25,0,0.00,0,0.00
2022-08-29,23133.12,0.0000,131.3312,131.3312,23133.12,16183.00,0,0.00,0,0.00
2022-08-30,23133.12,0.0000,131.3312,131.3312,23133.12,16088.92,0,0.00,0,0.00
2022-08-31,23133.12,0.0000,131.3312,131.3312,23133.12,16095.91,0,0.00,0,0.00
2022-09-01,23133.12,0.0000,131.3312,131.3312,23133.12,15868.50,0,0.00,0,0.00
2022-09-05,23133.12,0.0000,131.3312,131.3312,23133.12,15754.53,0,0.00,0,0.00
2022-09-06,23133.12,0.0000,131.3312,131.3312,23133.12,16072.79,0,0.00,0,0.00
2022-09-07,23133.12,0.0000,131.3312,131.3312,23133.12,16156.12,0,0.00,0,0.00
2022-09-08,23133.12,0.0000,131.3312,131.3312,23133.12,16509.33,0,0.00,0,0.00
2022-09-11,23133.12,0.0000,131.3312,131.3312,23133.12,16705.55,0,0.00,0,0.00
2022-09-12,23133.12,0.0000,131.3312,131.3312,23133.12,15789.47,0,0.00,0,0.00
2022-09-13,23133.12,0.0000,131.3312,131.3312,23133.12,15914.74,0,0.00,0,0.00
2022-09-14,23133.12,0.0000,131.3312,131.3312,23133.12,15649.70,0,0.00,0,0.00
2022-09-15,23133.12,0.0000,131.3312,131.3312,23133.12,15554.00,0,0.00,0,0.00
2022-09-18,23133.12,0.0000,131.3312,131.3312,23133.12,15647.01,0,0.00,0,0.00
2022-09-19,23133.12,0.0000,131.3312,131.3312,23133.12,15522.28,0,0.00,0,0.00
2022-09-20,23133.12,0.0000,131.3312,131.3312,23133.12,15244.34,0,0.00,0,0.00
2022-09-21,23133.12,0.0000,131.3312,131.3312,23133.12,15056.72,0,0.00,0,0.00
2022-09-22,23133.12,0.0000,131.3312,131.3312,23133.12,14811.57,0,0.00,0,0.00
2022-09-25,23133.12,0.0000,131.3312,131.3312,23133.12,14750.28,0,0.00,0,0.00
2022-09-26,23133.12,0.0000,131.3312,131.3312,23133.12,14756.20,0,0.00,0,0.00
2022-09-27,23133.12,0.0000,131.3312,131.3312,23133.12,15049.73,0,0.00,0,0.00
2022-09-28,23133.12,0.0000,131.3312,131.3312,23133.12,14615.88,0,0.00,0,0.00
2022-09-29,23133.12,0.0000,131.3312,131.3312,23133.12,14368.04,0,0.00,0,0.00
2022-10-02,23133.12,0.0000,131.3312,131.3312,23133.12,14705.12,0,0.00,0,0.00
2022-10-03,23133.12,0.0000,131.3312,131.3312,23133.12,15167.46,0,0.00,0,0.00
2022-10-04,23133.12,0.0000,131.3312,131.3312,23133.12,15159.40,0,0.00,0,0.00
2022-10-05,23133.12,0.0000,131.3312,131.3312,23133.12,15040.05,0,0.00,0,0.00
2022-10-06,23133.12,0.0000,131.3312,131.3312,23133.12,14466.96,0,0.00,0,0.00
2022-10-09,23133.12,0.0000,131.3312,131.3312,23133.12,14322.35,0,0.00,0,0.00
2022-10-10,23133.12,0.0000,131.3312,131.3312,23133.12,14125.58,0,0.00,0,0.00
2022-10-11,23133.12,0.0000,131.3312,131.3312,23133.12,14120.75,0,0.00,0,0.00
2022-10-12,23133.12,0.0000,131.3312,131.3312,23133.12,14451.91,0,0.00,0,0.00
2022-10-13,23133.12,0.0000,131.3312,131.3312,23133.12,14017.53,0,0.00,0,0.00
2022-10-16,23133.12,0.0000,131.3312,131.3312,23133.12,14480.40,0,0.00,0,0.00
2022-10-17,23133.12,0.0000,131.3312,131.3312,23133.12,14594.91,0,0.00,0,0.00
2022-10-18,23133.12,0.0000,131.3312,131.3312,23133.12,14541.69,0,0.00,0,0.00
2022-10-19,23133.12,0.0000,131.3312,131.3312,23133.12,14467.50,0,0.00,0,0.00
2022-10-20,23133.12,0.0000,131.3312,131.3312,23133.12,14806.73,0,0.00,0,0.00
2022-10-23,23133.12,0.0000,131.3312,131.3312,23133.12,14969.63,0,0.00,0,0.00
2022-10-24,23133.12,0.0000,131.3312,131.3312,23133.12,15279.29,0,0.00,0,0.00
2022-10-25,23133.12,0.0000,131.3312,131.3312,23133.12,14941.67,0,0.00,0,0.00
2022-10-26,23133.12,0.0000,131.3312,131.3312,23133.12,14669.64,0,0.00,0,0.00
2022-10-27,23133.12,0.0000,131.3312,131.3312,23133.12,15118.54,0,0.00,0,0.00
2022-10-30,23133.12,0.0000,131.3312,131.3312,23133.12,14942.75,0,0.00,0,0.00
2022-10-31,23133.12,0.0000,131.3312,131.3312,23133.12,14790.07,0,0.00,0,0.00
2022-11-01,23133.12,0.0000,131.3312,131.3312,23133.12,14283.10,0,0.00,0,0.00
2022-11-02,23133.12,0.0000,131.3312,131.3312,23133.12,14004.09,0,0.00,0,0.00
2022-11-03,23133.12,0.0000,131.3312,131.3312,23133.12,14229.34,0,0.00,0,0.00
2022-11-06,23133.12,0.0000,131.3312,131.3312,23133.12,14385.79,0,0.00,0,0.00
2022-11-07,23133.12,0.0000,131.3312,131.3312,23133.12,14490.62,0,0.00,0,0.00
2022-11-08,23133.12,0.0000,131.3312,131.3312,23133.12,14156.23,0,0.00,0,0.00
2022-11-09,23133.12,0.0000,131.3312,131.3312,23133.12,15200.80,0,0.00,0,0.00
2022-11-10,23123.94,-0.0397,131.2394,131.2394,16860.54,15480.89,0,0.00,292,0.00
2022-11-13,23470.64,1.4993,134.7064,134.7064,23470.64,15345.41,0,0.00,0,0.00
2022-11-14,23459.93,-0.0456,134.5993,134.5993,16088.55,15557.77,0,0.00,334,0.00
2022-11-15,23757.19,1.2671,137.5719,137.5719,16088.55,15345.41,0,0.00,334,7668.64
2022-11-16,23446.57,-1.3075,134.4657,134.4657,16088.55,15311.54,0,0.00,334,7358.02
2022-11-17,23379.15,-0.2876,133.7915,133.7915,23379.15,15312.08,0,0.00,0,0.00
2022-11-20,23379.15,0.0000,133.7915,133.7915,23379.15,15154.56,0,0.00,0,0.00
2022-11-21,23367.49,-0.0499,133.6749,133.6749,15446.17,15372.83,0,0.00,374,0.00
2022-11-22,23700.35,1.4245,137.0035,137.0035,15446.17,15527.12,0,0.00,374,8254.18
2022-11-24,23947.19,1.0415,139.4719,139.4719,15446.17,15424.98,0,0.00,374,8501.02
2022-11-27,23759.34,-0.7844,137.5934,137.5934,23759.34,15198.65,0,0.00,0,0.00
2022-11-28,23759.34,0.0000,137.5934,137.5934,23759.34,15083.60,0,0.00,0,0.00
2022-11-29,23744.97,-0.0605,137.4497,137.4497,14045.38,15771.20,0,0.00,467,0.00
2022-11-30,25047.90,5.4872,150.4790,150.4790,14045.38,15790.55,0,0.00,467,11002.52
2022-12-01,25108.61,0.2424,151.0861,151.0861,14045.38,15727.65,0,0.00,467,11063.23
2022-12-04,24977.85,-0.5208,149.7785,149.7785,14045.38,15463.68,0,0.00,467,10932.47
2022-12-05,24411.74,-2.2665,144.1174,144.1174,24411.74,15143.27,0,0.00,0,0.00
2022-12-06,24411.74,0.0000,144.1174,144.1174,24411.74,15081.45,0,0.00,0,0.00
2022-12-07,24411.74,0.0000,144.1174,144.1174,24411.74,15259.93,0,0.00,0,0.00
2022-12-08,24411.74,0.0000,144.1174,144.1174,24411.74,15162.63,0,0.00,0,0.00
2022-12-11,24411.74,0.0000,144.1174,144.1174,24411.74,15352.94,0,0.00,0,0.00
2022-12-12,24394.12,-0.0722,143.9412,143.9412,7363.77,15517.98,59,0.00,0,0.00
2022-12-13,24267.86,-0.5176,142.6786,142.6786,7363.77,15402.94,59,16904.09,0,0.00
2022-12-14,23683.35,-2.4086,136.8335,136.8335,23683.35,14885.76,0,0.00,0,0.00
2022-12-15,23683.35,0.0000,136.8335,136.8335,23683.35,14743.83,0,0.00,0,0.00
2022-12-18,23683.35,0.0000,136.8335,136.8335,23683.35,14501.91,0,0.00,0,0.00
2022-12-19,23683.35,0.0000,136.8335,136.8335,23683.35,14490.62,0,0.00,0,0.00
2022-12-20,23683.35,0.0000,136.8335,136.8335,23683.35,14700.82,0,0.00,0,0.00
2022-12-21,23683.35,0.0000,136.8335,136.8335,23683.35,14341.16,0,0.00,0,0.00
2022-12-22,23683.35,0.0000,136.8335,136.8335,23683.35,14373.42,0,0.00,0,0.00
2022-12-26,23683.35,0.0000,136.8335,136.8335,23683.35,14170.21,0,0.00,0,0.00
2022-12-27,23683.35,0.0000,136.8335,136.8335,23683.35,13983.12,0,0.00,0,0.00
2022-12-28,23683.35,0.0000,136.8335,136.8335,23683.35,14323.96,0,0.00,0,0.00
2022-12-29,23683.35,0.0000,136.8335,136.8335,23683.35,14315.36,0,0.00,0,0.00
2023-01-02,23683.35,0.0000,136.8335,136.8335,23683.35,14218.59,0,0.00,0,0.00
2023-01-03,23683.35,0.0000,136.8335,136.8335,23683.35,14286.33,0,0.00,0,0.00
2023-01-04,23683.35,0.0000,136.8335,136.8335,23683.35,14062.68,0,0.00,0,0.00
2023-01-05,23683.35,0.0000,136.8335,136.8335,23683.35,14450.84,0,0.00,0,0.00
2023-01-08,23683.35,0.0000,136.8335,136.8335,23683.35,14544.38,0,0.00,0,0.00
2023-01-09,23683.35,0.0000,136.8335,136.8335,23683.35,14667.49,0,0.00,0,0.00
2023-01-10,23683.35,0.0000,136.8335,136.8335,23683.35,14921.24,0,0.00,0,0.00
2023-01-11,23683.35,0.0000,136.8335,136.8335,23683.35,15001.88,0,0.00,0,0.00
2023-01-12,23683.35,0.0000,136.8335,136.8335,23683.35,15105.10,0,0.00,0,0.00
2023-01-16,23683.35,0.0000,136.8335,136.8335,23683.35,15135.75,0,0.00,0,0.00
2023-01-17,23683.35,0.0000,136.8335,136.8335,23683.35,14938.98,0,0.00,0,0.00
2023-01-18,23683.35,0.0000,136.8335,136.8335,23683.35,14792.22,0,0.00,0,0.00
2023-01-19,23683.35,0.0000,136.8335,136.8335,23683.35,15197.03,0,0.00,0,0.00
2023-01-22,23668.34,-0.0634,136.6834,136.6834,13595.68,15534.65,0,0.00,494,0.00
2023-01-23,24330.30,2.7968,143.3030,143.3030,13595.68,15502.93,0,0.00,494,10734.62
2023-01-24,24266.08,-0.2640,142.6608,142.6608,13595.68,15468.52,0,0.00,494,10670.40
2023-01-25,24187.04,-0.3257,141.8704,141.8704,13595.68,15770.12,0,0.00,494,10591.36
2023-01-26,24799.60,2.5326,147.9960,147.9960,13595.68,15927.10,0,0.00,494,11203.92
2023-01-29,25120.70,1.2948,151.2070,151.2070,13595.68,15605.07,0,0.00,494,11525.02
2023-01-30,24429.10,-2.7531,144.2910,144.2910,13595.68,15838.93,0,0.00,494,10833.42
2023-01-31,24913.22,1.9817,149.1322,149.1322,13595.68,16177.62,0,0.00,494,11317.54
2023-02-01,25644.34,2.9347,156.4434,156.4434,13595.68,16758.24,0,0.00,494,12048.66
2023-02-02,26889.22,4.8544,168.8922,168.8922,13595.68,16460.41,0,0.00,494,13293.54
2023-02-05,26202.56,-2.5537,162.0256,162.0256,13595.68,16321.17,0,0.00,494,12606.88
2023-02-06,25881.46,-1.2255,158.8146,158.8146,13595.68,16659.32,0,0.00,494,12285.78
2023-02-07,26642.22,2.9394,166.4222,166.4222,13595.68,16363.10,0,0.00,494,13046.54
2023-02-08,25940.74,-2.6330,159.4074,159.4074,13595.68,16218.48,0,0.00,494,12345.06
2023-02-09,25609.76,-1.2759,156.0976,156.0976,13595.68,16112.04,0,0.00,494,12014.08
2023-02-12,25362.76,-0.9645,153.6276,153.6276,13595.68,16370.09,0,0.00,494,11767.08
2023-02-13,25920.98,2.2009,159.2098,159.2098,13595.68,16491.05,0,0.00,494,12325.30
2023-02-14,26187.74,1.0291,161.8774,161.8774,13595.68,16617.39,0,0.00,494,12592.06
2023-02-15,26432.40,0.9342,164.3240,164.3240,7931.10,16305.57,61,0.00,0,0.00
2023-02-16,26301.86,-0.4939,163.0186,163.0186,7931.10,16190.53,61,18370.76,0,0.00
2023-02-20,25866.93,-1.6536,158.6693,158.6693,7931.10,15807.21,61,17935.83,0,0.00
2023-02-21,25880.35,0.0519,158.8035,158.8035,7931.10,15819.04,61,17949.25,0,0.00
2023-02-22,26037.12,0.6057,160.3712,160.3712,7931.10,15957.21,61,18106.02,0,0.00
2023-02-23,25733.95,-1.1644,157.3395,157.3395,7931.10,15690.02,61,17802.85,0,0.00
2023-02-26,25861.44,0.4954,158.6144,158.6144,7931.10,15802.38,61,17930.34,0,0.00
2023-02-27,25838.26,-0.0896,158.3826,158.3826,7931.10,15781.95,61,17907.16,0,0.00
2023-02-28,25694.30,-0.5572,156.9430,156.9430,7931.10,15655.07,61,17763.20,0,0.00
2023-03-01,25841.31,0.5722,158.4131,158.4131,7931.10,15784.64,61,17910.21,0,0.00
2023-03-02,26211.58,1.4329,162.1158,162.1158,7931.10,16110.96,61,18280.48,0,0.00
2023-03-05,26232.32,0.0791,162.3232,162.3232,7931.10,16129.24,61,18301.22,0,0.00
2023-03-06,26007.84,-0.8557,160.0784,160.0784,7931.10,15931.40,61,18076.74,0,0.00
2023-03-07,26098.12,0.3471,160.9812,160.9812,7931.10,16010.97,61,18167.02,0,0.00
2023-03-08,25783.36,-1.2061,157.8336,157.8336,7931.10,15733.56,61,17852.26,0,0.00
2023-03-09,25532.65,-0.9724,155.3265,155.3265,7931.10,15512.61,61,17601.55,0,0.00
2023-03-12,25663.19,0.5113,156.6319,156.6319,7931.10,15627.65,61,17732.09,0,0.00
2023-03-13,26070.67,1.5878,160.7067,160.7067,7931.10,15986.77,61,18139.57,0,0.00
2023-03-14,26165.83,0.3650,161.6583,161.6583,7931.10,16070.64,61,18234.73,0,0.00
2023-03-15,26612.35,1.7065,166.1235,166.1235,16259.07,16494.27,0,0.00,448,0.00
2023-03-16,27432.19,3.0807,174.3219,174.3219,16259.07,16416.32,0,0.00,448,11173.12
2023-03-19,27266.43,-0.6043,172.6643,172.6643,16259.07,16449.12,0,0.00,448,11007.36
2023-03-20,27382.91,0.4272,173.8291,173.8291,16259.07,16684.05,0,0.00,448,11123.84
2023-03-21,27853.31,1.7179,178.5331,178.5331,16259.07,16457.18,0,0.00,448,11594.24
2023-03-22,27315.71,-1.9301,173.1571,173.1571,16259.07,16652.33,0,0.00,448,11056.64
2023-03-23,27709.95,1.4433,177.0995,177.0995,16259.07,16713.62,0,0.00,448,11450.88
2023-03-26,27826.43,0.4204,178.2643,178.2643,16259.07,16599.11,0,0.00,448,11567.36
2023-03-27,27588.99,-0.8533,175.8899,175.8899,16259.07,16510.94,0,0.00,448,11329.92
2023-03-28,27400.83,-0.6820,174.0083,174.0083,16259.07,16812.00,0,0.00,448,11141.76
2023-03-29,28010.11,2.2236,180.1011,180.1011,16259.07,16971.13,0,0.00,448,11751.04
2023-03-30,28328.19,1.1356,183.2819,183.2819,16259.07,17253.37,0,0.00,448,12069.12
