Run ID,Symbol Set,Portfolio Balance,Total Return %,Annualized Return %,Max Drawdown,Sharpe Ratio,Sortino Ratio,Calmar Ratio,Total Trades,Profit Factor,Win Rate %,Avg Win ($),Avg Loss ($),Risk Bull,MACD Fast Period,MACD Slow Period,MACD Signal Period,ATR Period,Allocation Defense,Vix Ema Period,Ema Period Calm,Atr Stop Calm,Ema Period Choppy,Atr Stop Choppy
001,QQQ_TQQQ_VIX,73544.79,6.354,0.137,-0.078,2.71,1.26,1.74,429,0.0,0.24,324.99,-39159.6,0.015,12,26,9,14,0.6,20,25,2.5,50,2.0
002,QQQ_TQQQ_VIX,144141.53,13.414,0.187,-0.08,3.3,1.54,2.34,429,0.0,0.24,526.61,-67429.05,0.02,12,26,9,14,0.6,20,25,2.5,50,2.0
003,QQQ_TQQQ_VIX,279947.71,26.995,0.239,-0.081,3.71,1.74,2.94,429,0.0,0.24,868.65,-113335.03,0.025,12,26,9,14,0.6,20,25,2.5,50,2.0
004,QQQ_TQQQ_VIX,73544.79,6.354,0.137,-0.078,2.71,1.26,1.74,429,0.0,0.24,324.99,-39159.6,0.015,12,26,9,14,0.6,20,25,2.5,50,2.5
005,QQQ_TQQQ_VIX,144141.53,13.414,0.187,-0.08,3.3,1.54,2.34,429,0.0,0.24,526.61,-67429.05,0.02,12,26,9,14,0.6,20,25,2.5,50,2.5
006,QQQ_TQQQ_VIX,279947.71,26.995,0.239,-0.081,3.71,1.74,2.94,429,0.0,0.24,868.65,-113335.03,0.025,12,26,9,14,0.6,20,25,2.5,50,2.5
007,QQQ_TQQQ_VIX,73544.79,6.354,0.137,-0.078,2.71,1.26,1.74,429,0.0,0.24,324.99,-39159.6,0.015,12,26,9,14,0.6,20,25,2.5,50,1.0
008,QQQ_TQQQ_VIX,144141.53,13.414,0.187,-0.08,3.3,1.54,2.34,429,0.0,0.24,526.61,-67429.05,0.02,12,26,9,14,0.6,20,25,2.5,50,1.0
009,QQQ_TQQQ_VIX,279947.71,26.995,0.239,-0.081,3.71,1.74,2.94,429,0.0,0.24,868.65,-113335.03,0.025,12,26,9,14,0.6,20,25,2.5,50,1.0
010,QQQ_TQQQ_VIX,73544.79,6.354,0.137,-0.078,2.71,1.26,1.74,429,0.0,0.24,324.99,-39159.6,0.015,12,26,9,14,0.6,20,25,2.5,75,2.0
011,QQQ_TQQQ_VIX,144141.53,13.414,0.187,-0.08,3.3,1.54,2.34,429,0.0,0.24,526.61,-67429.05,0.02,12,26,9,14,0.6,20,25,2.5,75,2.0
012,QQQ_TQQQ_VIX,279947.71,26.995,0.239,-0.081,3.71,1.74,2.94,429,0.0,0.24,868.65,-113335.03,0.025,12,26,9,14,0.6,20,25,2.5,75,2.0
013,QQQ_TQQQ_VIX,73544.79,6.354,0.137,-0.078,2.71,1.26,1.74,429,0.0,0.24,324.99,-39159.6,0.015,12,26,9,14,0.6,20,25,2.5,75,2.5
014,QQQ_TQQQ_VIX,144141.53,13.414,0.187,-0.08,3.3,1.54,2.34,429,0.0,0.24,526.61,-67429.05,0.02,12,26,9,14,0.6,20,25,2.5,75,2.5
015,QQQ_TQQQ_VIX,279947.71,26.995,0.239,-0.081,3.71,1.74,2.94,429,0.0,0.24,868.65,-113335.03,0.025,12,26,9,14,0.6,20,25,2.5,75,2.5
016,QQQ_TQQQ_VIX,73544.79,6.354,0.137,-0.078,2.71,1.26,1.74,429,0.0,0.24,324.99,-39159.6,0.015,12,26,9,14,0.6,20,25,2.5,75,1.0
017,QQQ_TQQQ_VIX,144141.53,13.414,0.187,-0.08,3.3,1.54,2.34,429,0.0,0.24,526.61,-67429.05,0.02,12,26,9,14,0.6,20,25,2.5,75,1.0
018,QQQ_TQQQ_VIX,279947.71,26.995,0.239,-0.081,3.71,1.74,2.94,429,0.0,0.24,868.65,-113335.03,0.025,12,26,9,14,0.6,20,25,2.5,75,1.0
019,QQQ_TQQQ_VIX,73544.79,6.354,0.137,-0.078,2.71,1.26,1.74,429,0.0,0.24,324.99,-39159.6,0.015,12,26,9,14,0.6,20,25,2.5,100,2.0
020,QQQ_TQQQ_VIX,144141.53,13.414,0.187,-0.08,3.3,1.54,2.34,429,0.0,0.24,526.61,-67429.05,0.02,12,26,9,14,0.6,20,25,2.5,100,2.0
021,QQQ_TQQQ_VIX,279947.71,26.995,0.239,-0.081,3.71,1.74,2.94,429,0.0,0.24,868.65,-113335.03,0.025,12,26,9,14,0.6,20,25,2.5,100,2.0
022,QQQ_TQQQ_VIX,73544.79,6.354,0.137,-0.078,2.71,1.26,1.74,429,0.0,0.24,324.99,-39159.6,0.015,12,26,9,14,0.6,20,25,2.5,100,2.5
023,QQQ_TQQQ_VIX,144141.53,13.414,0.187,-0.08,3.3,1.54,2.34,429,0.0,0.24,526.61,-67429.05,0.02,12,26,9,14,0.6,20,25,2.5,100,2.5
024,QQQ_TQQQ_VIX,279947.71,26.995,0.239,-0.081,3.71,1.74,2.94,429,0.0,0.24,868.65,-113335.03,0.025,12,26,9,14,0.6,20,25,2.5,100,2.5
025,QQQ_TQQQ_VIX,73544.79,6.354,0.137,-0.078,2.71,1.26,1.74,429,0.0,0.24,324.99,-39159.6,0.015,12,26,9,14,0.6,20,25,2.5,100,1.0
026,QQQ_TQQQ_VIX,144141.53,13.414,0.187,-0.08,3.3,1.54,2.34,429,0.0,0.24,526.61,-67429.05,0.02,12,26,9,14,0.6,20,25,2.5,100,1.0
027,QQQ_TQQQ_VIX,279947.71,26.995,0.239,-0.081,3.71,1.74,2.94,429,0.0,0.24,868.65,-113335.03,0.025,12,26,9,14,0.6,20,25,2.5,100,1.0
028,QQQ_TQQQ_VIX,122317.31,11.232,0.174,-0.08,3.17,1.48,2.19,428,0.0,0.241,466.44,-59311.11,0.015,12,26,9,14,0.6,20,25,2.0,50,2.0
029,QQQ_TQQQ_VIX,281302.15,27.130,0.239,-0.081,3.72,1.74,2.94,428,0.0,0.241,871.18,-113851.78,0.02,12,26,9,14,0.6,20,25,2.0,50,2.0
030,QQQ_TQQQ_VIX,641181.56,63.118,0.306,-0.083,4.11,1.91,3.7,428,0.0,0.241,1667.66,-219087.43,0.025,12,26,9,14,0.6,20,25,2.0,50,2.0
031,QQQ_TQQQ_VIX,122317.31,11.232,0.174,-0.08,3.17,1.48,2.19,428,0.0,0.241,466.44,-59311.11,0.015,12,26,9,14,0.6,20,25,2.0,50,2.5
032,QQQ_TQQQ_VIX,281302.15,27.130,0.239,-0.081,3.72,1.74,2.94,428,0.0,0.241,871.18,-113851.78,0.02,12,26,9,14,0.6,20,25,2.0,50,2.5
033,QQQ_TQQQ_VIX,641181.56,63.118,0.306,-0.083,4.11,1.91,3.7,428,0.0,0.241,1667.66,-219087.43,0.025,12,26,9,14,0.6,20,25,2.0,50,2.5
034,QQQ_TQQQ_VIX,122317.31,11.232,0.174,-0.08,3.17,1.48,2.19,428,0.0,0.241,466.44,-59311.11,0.015,12,26,9,14,0.6,20,25,2.0,50,1.0
035,QQQ_TQQQ_VIX,281302.15,27.130,0.239,-0.081,3.72,1.74,2.94,428,0.0,0.241,871.18,-113851.78,0.02,12,26,9,14,0.6,20,25,2.0,50,1.0
036,QQQ_TQQQ_VIX,641181.56,63.118,0.306,-0.083,4.11,1.91,3.7,428,0.0,0.241,1667.66,-219087.43,0.025,12,26,9,14,0.6,20,25,2.0,50,1.0
037,QQQ_TQQQ_VIX,122317.31,11.232,0.174,-0.08,3.17,1.48,2.19,428,0.0,0.241,466.44,-59311.11,0.015,12,26,9,14,0.6,20,25,2.0,75,2.0
038,QQQ_TQQQ_VIX,281302.15,27.130,0.239,-0.081,3.72,1.74,2.94,428,0.0,0.241,871.18,-113851.78,0.02,12,26,9,14,0.6,20,25,2.0,75,2.0
039,QQQ_TQQQ_VIX,641181.56,63.118,0.306,-0.083,4.11,1.91,3.7,428,0.0,0.241,1667.66,-219087.43,0.025,12,26,9,14,0.6,20,25,2.0,75,2.0
040,QQQ_TQQQ_VIX,122317.31,11.232,0.174,-0.08,3.17,1.48,2.19,428,0.0,0.241,466.44,-59311.11,0.015,12,26,9,14,0.6,20,25,2.0,75,2.5
041,QQQ_TQQQ_VIX,281302.15,27.130,0.239,-0.081,3.72,1.74,2.94,428,0.0,0.241,871.18,-113851.78,0.02,12,26,9,14,0.6,20,25,2.0,75,2.5
042,QQQ_TQQQ_VIX,641181.56,63.118,0.306,-0.083,4.11,1.91,3.7,428,0.0,0.241,1667.66,-219087.43,0.025,12,26,9,14,0.6,20,25,2.0,75,2.5
043,QQQ_TQQQ_VIX,122317.31,11.232,0.174,-0.08,3.17,1.48,2.19,428,0.0,0.241,466.44,-59311.11,0.015,12,26,9,14,0.6,20,25,2.0,75,1.0
044,QQQ_TQQQ_VIX,281302.15,27.130,0.239,-0.081,3.72,1.74,2.94,428,0.0,0.241,871.18,-113851.78,0.02,12,26,9,14,0.6,20,25,2.0,75,1.0
045,QQQ_TQQQ_VIX,641181.56,63.118,0.306,-0.083,4.11,1.91,3.7,428,0.0,0.241,1667.66,-219087.43,0.025,12,26,9,14,0.6,20,25,2.0,75,1.0
046,QQQ_TQQQ_VIX,122317.31,11.232,0.174,-0.08,3.17,1.48,2.19,428,0.0,0.241,466.44,-59311.11,0.015,12,26,9,14,0.6,20,25,2.0,100,2.0
047,QQQ_TQQQ_VIX,281302.15,27.130,0.239,-0.081,3.72,1.74,2.94,428,0.0,0.241,871.18,-113851.78,0.02,12,26,9,14,0.6,20,25,2.0,100,2.0
048,QQQ_TQQQ_VIX,641181.56,63.118,0.306,-0.083,4.11,1.91,3.7,428,0.0,0.241,1667.66,-219087.43,0.025,12,26,9,14,0.6,20,25,2.0,100,2.0
049,QQQ_TQQQ_VIX,122317.31,11.232,0.174,-0.08,3.17,1.48,2.19,428,0.0,0.241,466.44,-59311.11,0.015,12,26,9,14,0.6,20,25,2.0,100,2.5
050,QQQ_TQQQ_VIX,281302.15,27.130,0.239,-0.081,3.72,1.74,2.94,428,0.0,0.241,871.18,-113851.78,0.02,12,26,9,14,0.6,20,25,2.0,100,2.5
051,QQQ_TQQQ_VIX,641181.56,63.118,0.306,-0.083,4.11,1.91,3.7,428,0.0,0.241,1667.66,-219087.43,0.025,12,26,9,14,0.6,20,25,2.0,100,2.5
052,QQQ_TQQQ_VIX,122317.31,11.232,0.174,-0.08,3.17,1.48,2.19,428,0.0,0.241,466.44,-59311.11,0.015,12,26,9,14,0.6,20,25,2.0,100,1.0
053,QQQ_TQQQ_VIX,281302.15,27.130,0.239,-0.081,3.72,1.74,2.94,428,0.0,0.241,871.18,-113851.78,0.02,12,26,9,14,0.6,20,25,2.0,100,1.0
054,QQQ_TQQQ_VIX,641181.56,63.118,0.306,-0.083,4.11,1.91,3.7,428,0.0,0.241,1667.66,-219087.43,0.025,12,26,9,14,0.6,20,25,2.0,100,1.0
055,QQQ_TQQQ_VIX,1410438.03,140.044,0.374,-0.119,4.11,1.74,3.14,421,0.0,0.242,3145.67,-437045.01,0.015,12,26,9,14,0.6,20,25,1.0,50,2.0
056,QQQ_TQQQ_VIX,5574869.41,556.487,0.501,-0.114,4.61,1.92,4.4,422,0.0,0.242,9744.75,-1404037.19,0.02,12,26,9,14,0.6,20,25,1.0,50,2.0
057,QQQ_TQQQ_VIX,-1994787.24,-200.479,,-1.0,,0.25,,195,0.0,0.226,411.81,-639903.79,0.025,12,26,9,14,0.6,20,25,1.0,50,2.0
058,QQQ_TQQQ_VIX,1410438.03,140.044,0.374,-0.119,4.11,1.74,3.14,421,0.0,0.242,3145.67,-437045.01,0.015,12,26,9,14,0.6,20,25,1.0,50,2.5
059,QQQ_TQQQ_VIX,5574869.41,556.487,0.501,-0.114,4.61,1.92,4.4,422,0.0,0.242,9744.75,-1404037.19,0.02,12,26,9,14,0.6,20,25,1.0,50,2.5
060,QQQ_TQQQ_VIX,-1994787.24,-200.479,,-1.0,,0.25,,195,0.0,0.226,411.81,-639903.79,0.025,12,26,9,14,0.6,20,25,1.0,50,2.5
061,QQQ_TQQQ_VIX,1410438.03,140.044,0.374,-0.119,4.11,1.74,3.14,421,0.0,0.242,3145.67,-437045.01,0.015,12,26,9,14,0.6,20,25,1.0,50,1.0
062,QQQ_TQQQ_VIX,5574869.41,556.487,0.501,-0.114,4.61,1.92,4.4,422,0.0,0.242,9744.75,-1404037.19,0.02,12,26,9,14,0.6,20,25,1.0,50,1.0
063,QQQ_TQQQ_VIX,-1994787.24,-200.479,,-1.0,,0.25,,195,0.0,0.226,411.81,-639903.79,0.025,12,26,9,14,0.6,20,25,1.0,50,1.0
064,QQQ_TQQQ_VIX,1410438.03,140.044,0.374,-0.119,4.11,1.74,3.14,421,0.0,0.242,3145.67,-437045.01,0.015,12,26,9,14,0.6,20,25,1.0,75,2.0
065,QQQ_TQQQ_VIX,5574869.41,556.487,0.501,-0.114,4.61,1.92,4.4,422,0.0,0.242,9744.75,-1404037.19,0.02,12,26,9,14,0.6,20,25,1.0,75,2.0
066,QQQ_TQQQ_VIX,-1994787.24,-200.479,,-1.0,,0.25,,195,0.0,0.226,411.81,-639903.79,0.025,12,26,9,14,0.6,20,25,1.0,75,2.0
067,QQQ_TQQQ_VIX,1410438.03,140.044,0.374,-0.119,4.11,1.74,3.14,421,0.0,0.242,3145.67,-437045.01,0.015,12,26,9,14,0.6,20,25,1.0,75,2.5
068,QQQ_TQQQ_VIX,5574869.41,556.487,0.501,-0.114,4.61,1.92,4.4,422,0.0,0.242,9744.75,-1404037.19,0.02,12,26,9,14,0.6,20,25,1.0,75,2.5
069,QQQ_TQQQ_VIX,-1994787.24,-200.479,,-1.0,,0.25,,195,0.0,0.226,411.81,-639903.79,0.025,12,26,9,14,0.6,20,25,1.0,75,2.5
070,QQQ_TQQQ_VIX,1410438.03,140.044,0.374,-0.119,4.11,1.74,3.14,421,0.0,0.242,3145.67,-437045.01,0.015,12,26,9,14,0.6,20,25,1.0,75,1.0
071,QQQ_TQQQ_VIX,5574869.41,556.487,0.501,-0.114,4.61,1.92,4.4,422,0.0,0.242,9744.75,-1404037.19,0.02,12,26,9,14,0.6,20,25,1.0,75,1.0
072,QQQ_TQQQ_VIX,-1994787.24,-200.479,,-1.0,,0.25,,195,0.0,0.226,411.81,-639903.79,0.025,12,26,9,14,0.6,20,25,1.0,75,1.0
073,QQQ_TQQQ_VIX,1410438.03,140.044,0.374,-0.119,4.11,1.74,3.14,421,0.0,0.242,3145.67,-437045.01,0.015,12,26,9,14,0.6,20,25,1.0,100,2.0
074,QQQ_TQQQ_VIX,5574869.41,556.487,0.501,-0.114,4.61,1.92,4.4,422,0.0,0.242,9744.75,-1404037.19,0.02,12,26,9,14,0.6,20,25,1.0,100,2.0
075,QQQ_TQQQ_VIX,-1994787.24,-200.479,,-1.0,,0.25,,195,0.0,0.226,411.81,-639903.79,0.025,12,26,9,14,0.6,20,25,1.0,100,2.0
076,QQQ_TQQQ_VIX,1410438.03,140.044,0.374,-0.119,4.11,1.74,3.14,421,0.0,0.242,3145.67,-437045.01,0.015,12,26,9,14,0.6,20,25,1.0,100,2.5
077,QQQ_TQQQ_VIX,5574869.41,556.487,0.501,-0.114,4.61,1.92,4.4,422,0.0,0.242,9744.75,-1404037.19,0.02,12,26,9,14,0.6,20,25,1.0,100,2.5
078,QQQ_TQQQ_VIX,-1994787.24,-200.479,,-1.0,,0.25,,195,0.0,0.226,411.81,-639903.79,0.025,12,26,9,14,0.6,20,25,1.0,100,2.5
079,QQQ_TQQQ_VIX,1410438.03,140.044,0.374,-0.119,4.11,1.74,3.14,421,0.0,0.242,3145.67,-437045.01,0.015,12,26,9,14,0.6,20,25,1.0,100,1.0
080,QQQ_TQQQ_VIX,5574869.41,556.487,0.501,-0.114,4.61,1.92,4.4,422,0.0,0.242,9744.75,-1404037.19,0.02,12,26,9,14,0.6,20,25,1.0,100,1.0
081,QQQ_TQQQ_VIX,-1994787.24,-200.479,,-1.0,,0.25,,195,0.0,0.226,411.81,-639903.79,0.025,12,26,9,14,0.6,20,25,1.0,100,1.0
082,QQQ_TQQQ_VIX,55716.39,4.572,0.117,-0.091,1.92,0.88,1.29,343,0.0,0.283,328.97,-39280.9,0.015,12,26,9,14,0.6,20,75,2.5,50,2.0
083,QQQ_TQQQ_VIX,99059.81,8.906,0.159,-0.097,2.46,1.12,1.64,343,0.0,0.283,495.68,-63931.12,0.02,12,26,9,14,0.6,20,75,2.5,50,2.0
084,QQQ_TQQQ_VIX,174991.22,16.499,0.202,-0.102,2.87,1.31,1.97,343,0.0,0.283,759.69,-100563.19,0.025,12,26,9,14,0.6,20,75,2.5,50,2.0
085,QQQ_TQQQ_VIX,55716.39,4.572,0.117,-0.091,1.92,0.88,1.29,343,0.0,0.283,328.97,-39280.9,0.015,12,26,9,14,0.6,20,75,2.5,50,2.5
086,QQQ_TQQQ_VIX,99059.81,8.906,0.159,-0.097,2.46,1.12,1.64,343,0.0,0.283,495.68,-63931.12,0.02,12,26,9,14,0.6,20,75,2.5,50,2.5
087,QQQ_TQQQ_VIX,174991.22,16.499,0.202,-0.102,2.87,1.31,1.97,343,0.0,0.283,759.69,-100563.19,0.025,12,26,9,14,0.6,20,75,2.5,50,2.5
088,QQQ_TQQQ_VIX,55716.39,4.572,0.117,-0.091,1.92,0.88,1.29,343,0.0,0.283,328.97,-39280.9,0.015,12,26,9,14,0.6,20,75,2.5,50,1.0
089,QQQ_TQQQ_VIX,99059.81,8.906,0.159,-0.097,2.46,1.12,1.64,343,0.0,0.283,495.68,-63931.12,0.02,12,26,9,14,0.6,20,75,2.5,50,1.0
090,QQQ_TQQQ_VIX,174991.22,16.499,0.202,-0.102,2.87,1.31,1.97,343,0.0,0.283,759.69,-100563.19,0.025,12,26,9,14,0.6,20,75,2.5,50,1.0
091,QQQ_TQQQ_VIX,55716.39,4.572,0.117,-0.091,1.92,0.88,1.29,343,0.0,0.283,328.97,-39280.9,0.015,12,26,9,14,0.6,20,75,2.5,75,2.0
092,QQQ_TQQQ_VIX,99059.81,8.906,0.159,-0.097,2.46,1.12,1.64,343,0.0,0.283,495.68,-63931.12,0.02,12,26,9,14,0.6,20,75,2.5,75,2.0
093,QQQ_TQQQ_VIX,174991.22,16.499,0.202,-0.102,2.87,1.31,1.97,343,0.0,0.283,759.69,-100563.19,0.025,12,26,9,14,0.6,20,75,2.5,75,2.0
094,QQQ_TQQQ_VIX,55716.39,4.572,0.117,-0.091,1.92,0.88,1.29,343,0.0,0.283,328.97,-39280.9,0.015,12,26,9,14,0.6,20,75,2.5,75,2.5
095,QQQ_TQQQ_VIX,99059.81,8.906,0.159,-0.097,2.46,1.12,1.64,343,0.0,0.283,495.68,-63931.12,0.02,12,26,9,14,0.6,20,75,2.5,75,2.5
096,QQQ_TQQQ_VIX,174991.22,16.499,0.202,-0.102,2.87,1.31,1.97,343,0.0,0.283,759.69,-100563.19,0.025,12,26,9,14,0.6,20,75,2.5,75,2.5
097,QQQ_TQQQ_VIX,55716.39,4.572,0.117,-0.091,1.92,0.88,1.29,343,0.0,0.283,328.97,-39280.9,0.015,12,26,9,14,0.6,20,75,2.5,75,1.0
098,QQQ_TQQQ_VIX,99059.81,8.906,0.159,-0.097,2.46,1.12,1.64,343,0.0,0.283,495.68,-63931.12,0.02,12,26,9,14,0.6,20,75,2.5,75,1.0
099,QQQ_TQQQ_VIX,174991.22,16.499,0.202,-0.102,2.87,1.31,1.97,343,0.0,0.283,759.69,-100563.19,0.025,12,26,9,14,0.6,20,75,2.5,75,1.0
100,QQQ_TQQQ_VIX,55716.39,4.572,0.117,-0.091,1.92,0.88,1.29,343,0.0,0.283,328.97,-39280.9,0.015,12,26,9,14,0.6,20,75,2.5,100,2.0
101,QQQ_TQQQ_VIX,99059.81,8.906,0.159,-0.097,2.46,1.12,1.64,343,0.0,0.283,495.68,-63931.12,0.02,12,26,9,14,0.6,20,75,2.5,100,2.0
102,QQQ_TQQQ_VIX,174991.22,16.499,0.202,-0.102,2.87,1.31,1.97,343,0.0,0.283,759.69,-100563.19,0.025,12,26,9,14,0.6,20,75,2.5,100,2.0
103,QQQ_TQQQ_VIX,55716.39,4.572,0.117,-0.091,1.92,0.88,1.29,343,0.0,0.283,328.97,-39280.9,0.015,12,26,9,14,0.6,20,75,2.5,100,2.5
104,QQQ_TQQQ_VIX,99059.81,8.906,0.159,-0.097,2.46,1.12,1.64,343,0.0,0.283,495.68,-63931.12,0.02,12,26,9,14,0.6,20,75,2.5,100,2.5
105,QQQ_TQQQ_VIX,174991.22,16.499,0.202,-0.102,2.87,1.31,1.97,343,0.0,0.283,759.69,-100563.19,0.025,12,26,9,14,0.6,20,75,2.5,100,2.5
106,QQQ_TQQQ_VIX,55716.39,4.572,0.117,-0.091,1.92,0.88,1.29,343,0.0,0.283,328.97,-39280.9,0.015,12,26,9,14,0.6,20,75,2.5,100,1.0
107,QQQ_TQQQ_VIX,99059.81,8.906,0.159,-0.097,2.46,1.12,1.64,343,0.0,0.283,495.68,-63931.12,0.02,12,26,9,14,0.6,20,75,2.5,100,1.0
108,QQQ_TQQQ_VIX,174991.22,16.499,0.202,-0.102,2.87,1.31,1.97,343,0.0,0.283,759.69,-100563.19,0.025,12,26,9,14,0.6,20,75,2.5,100,1.0
109,QQQ_TQQQ_VIX,85751.96,7.575,0.148,-0.095,2.33,1.06,1.55,343,0.0,0.283,446.21,-56857.84,0.015,12,26,9,14,0.6,20,75,2.0,50,2.0
110,QQQ_TQQQ_VIX,174991.22,16.499,0.202,-0.102,2.87,1.31,1.97,343,0.0,0.283,759.69,-100563.19,0.02,12,26,9,14,0.6,20,75,2.0,50,2.0
111,QQQ_TQQQ_VIX,354107.39,34.411,0.257,-0.109,3.28,1.48,2.37,343,0.0,0.283,1320.65,-175728.88,0.025,12,26,9,14,0.6,20,75,2.0,50,2.0
112,QQQ_TQQQ_VIX,85751.96,7.575,0.148,-0.095,2.33,1.06,1.55,343,0.0,0.283,446.21,-56857.84,0.015,12,26,9,14,0.6,20,75,2.0,50,2.5
113,QQQ_TQQQ_VIX,174991.22,16.499,0.202,-0.102,2.87,1.31,1.97,343,0.0,0.283,759.69,-100563.19,0.02,12,26,9,14,0.6,20,75,2.0,50,2.5
114,QQQ_TQQQ_VIX,354107.39,34.411,0.257,-0.109,3.28,1.48,2.37,343,0.0,0.283,1320.65,-175728.88,0.025,12,26,9,14,0.6,20,75,2.0,50,2.5
115,QQQ_TQQQ_VIX,85751.96,7.575,0.148,-0.095,2.33,1.06,1.55,343,0.0,0.283,446.21,-56857.84,0.015,12,26,9,14,0.6,20,75,2.0,50,1.0
116,QQQ_TQQQ_VIX,174991.22,16.499,0.202,-0.102,2.87,1.31,1.97,343,0.0,0.283,759.69,-100563.19,0.02,12,26,9,14,0.6,20,75,2.0,50,1.0
117,QQQ_TQQQ_VIX,354107.39,34.411,0.257,-0.109,3.28,1.48,2.37,343,0.0,0.283,1320.65,-175728.88,0.025,12,26,9,14,0.6,20,75,2.0,50,1.0
118,QQQ_TQQQ_VIX,85751.96,7.575,0.148,-0.095,2.33,1.06,1.55,343,0.0,0.283,446.21,-56857.84,0.015,12,26,9,14,0.6,20,75,2.0,75,2.0
119,QQQ_TQQQ_VIX,174991.22,16.499,0.202,-0.102,2.87,1.31,1.97,343,0.0,0.283,759.69,-100563.19,0.02,12,26,9,14,0.6,20,75,2.0,75,2.0
120,QQQ_TQQQ_VIX,354107.39,34.411,0.257,-0.109,3.28,1.48,2.37,343,0.0,0.283,1320.65,-175728.88,0.025,12,26,9,14,0.6,20,75,2.0,75,2.0
121,QQQ_TQQQ_VIX,85751.96,7.575,0.148,-0.095,2.33,1.06,1.55,343,0.0,0.283,446.21,-56857.84,0.015,12,26,9,14,0.6,20,75,2.0,75,2.5
122,QQQ_TQQQ_VIX,174991.22,16.499,0.202,-0.102,2.87,1.31,1.97,343,0.0,0.283,759.69,-100563.19,0.02,12,26,9,14,0.6,20,75,2.0,75,2.5
123,QQQ_TQQQ_VIX,354107.39,34.411,0.257,-0.109,3.28,1.48,2.37,343,0.0,0.283,1320.65,-175728.88,0.025,12,26,9,14,0.6,20,75,2.0,75,2.5
124,QQQ_TQQQ_VIX,85751.96,7.575,0.148,-0.095,2.33,1.06,1.55,343,0.0,0.283,446.21,-56857.84,0.015,12,26,9,14,0.6,20,75,2.0,75,1.0
125,QQQ_TQQQ_VIX,174991.22,16.499,0.202,-0.102,2.87,1.31,1.97,343,0.0,0.283,759.69,-100563.19,0.02,12,26,9,14,0.6,20,75,2.0,75,1.0
126,QQQ_TQQQ_VIX,354107.39,34.411,0.257,-0.109,3.28,1.48,2.37,343,0.0,0.283,1320.65,-175728.88,0.025,12,26,9,14,0.6,20,75,2.0,75,1.0
127,QQQ_TQQQ_VIX,85751.96,7.575,0.148,-0.095,2.33,1.06,1.55,343,0.0,0.283,446.21,-56857.84,0.015,12,26,9,14,0.6,20,75,2.0,100,2.0
128,QQQ_TQQQ_VIX,174991.22,16.499,0.202,-0.102,2.87,1.31,1.97,343,0.0,0.283,759.69,-100563.19,0.02,12,26,9,14,0.6,20,75,2.0,100,2.0
129,QQQ_TQQQ_VIX,354107.39,34.411,0.257,-0.109,3.28,1.48,2.37,343,0.0,0.283,1320.65,-175728.88,0.025,12,26,9,14,0.6,20,75,2.0,100,2.0
130,QQQ_TQQQ_VIX,85751.96,7.575,0.148,-0.095,2.33,1.06,1.55,343,0.0,0.283,446.21,-56857.84,0.015,12,26,9,14,0.6,20,75,2.0,100,2.5
131,QQQ_TQQQ_VIX,174991.22,16.499,0.202,-0.102,2.87,1.31,1.97,343,0.0,0.283,759.69,-100563.19,0.02,12,26,9,14,0.6,20,75,2.0,100,2.5
132,QQQ_TQQQ_VIX,354107.39,34.411,0.257,-0.109,3.28,1.48,2.37,343,0.0,0.283,1320.65,-175728.88,0.025,12,26,9,14,0.6,20,75,2.0,100,2.5
133,QQQ_TQQQ_VIX,85751.96,7.575,0.148,-0.095,2.33,1.06,1.55,343,0.0,0.283,446.21,-56857.84,0.015,12,26,9,14,0.6,20,75,2.0,100,1.0
134,QQQ_TQQQ_VIX,174991.22,16.499,0.202,-0.102,2.87,1.31,1.97,343,0.0,0.283,759.69,-100563.19,0.02,12,26,9,14,0.6,20,75,2.0,100,1.0
135,QQQ_TQQQ_VIX,354107.39,34.411,0.257,-0.109,3.28,1.48,2.37,343,0.0,0.283,1320.65,-175728.88,0.025,12,26,9,14,0.6,20,75,2.0,100,1.0
136,QQQ_TQQQ_VIX,792576.77,78.258,0.324,-0.116,3.51,1.51,2.79,340,0.0,0.282,2537.77,-334909.49,0.015,12,26,9,14,0.6,20,75,1.0,50,2.0
137,QQQ_TQQQ_VIX,2834027.89,282.403,0.437,-0.127,4.07,1.76,3.44,338,0.0,0.281,7250.88,-1011037.04,0.02,12,26,9,14,0.6,20,75,1.0,50,2.0
138,QQQ_TQQQ_VIX,5450486.18,544.049,0.499,-0.138,4.07,1.69,3.61,332,0.0,0.289,11777.88,-1891350.23,0.025,12,26,9,14,0.6,20,75,1.0,50,2.0
139,QQQ_TQQQ_VIX,792576.77,78.258,0.324,-0.116,3.51,1.51,2.79,340,0.0,0.282,2537.77,-334909.49,0.015,12,26,9,14,0.6,20,75,1.0,50,2.5
140,QQQ_TQQQ_VIX,2834027.89,282.403,0.437,-0.127,4.07,1.76,3.44,338,0.0,0.281,7250.88,-1011037.04,0.02,12,26,9,14,0.6,20,75,1.0,50,2.5
141,QQQ_TQQQ_VIX,5450486.18,544.049,0.499,-0.138,4.07,1.69,3.61,332,0.0,0.289,11777.88,-1891350.23,0.025,12,26,9,14,0.6,20,75,1.0,50,2.5
142,QQQ_TQQQ_VIX,792576.77,78.258,0.324,-0.116,3.51,1.51,2.79,340,0.0,0.282,2537.77,-334909.49,0.015,12,26,9,14,0.6,20,75,1.0,50,1.0
143,QQQ_TQQQ_VIX,2834027.89,282.403,0.437,-0.127,4.07,1.76,3.44,338,0.0,0.281,7250.88,-1011037.04,0.02,12,26,9,14,0.6,20,75,1.0,50,1.0
144,QQQ_TQQQ_VIX,5450486.18,544.049,0.499,-0.138,4.07,1.69,3.61,332,0.0,0.289,11777.88,-1891350.23,0.025,12,26,9,14,0.6,20,75,1.0,50,1.0
145,QQQ_TQQQ_VIX,792576.77,78.258,0.324,-0.116,3.51,1.51,2.79,340,0.0,0.282,2537.77,-334909.49,0.015,12,26,9,14,0.6,20,75,1.0,75,2.0
146,QQQ_TQQQ_VIX,2834027.89,282.403,0.437,-0.127,4.07,1.76,3.44,338,0.0,0.281,7250.88,-1011037.04,0.02,12,26,9,14,0.6,20,75,1.0,75,2.0
147,QQQ_TQQQ_VIX,5450486.18,544.049,0.499,-0.138,4.07,1.69,3.61,332,0.0,0.289,11777.88,-1891350.23,0.025,12,26,9,14,0.6,20,75,1.0,75,2.0
148,QQQ_TQQQ_VIX,792576.77,78.258,0.324,-0.116,3.51,1.51,2.79,340,0.0,0.282,2537.77,-334909.49,0.015,12,26,9,14,0.6,20,75,1.0,75,2.5
149,QQQ_TQQQ_VIX,2834027.89,282.403,0.437,-0.127,4.07,1.76,3.44,338,0.0,0.281,7250.88,-1011037.04,0.02,12,26,9,14,0.6,20,75,1.0,75,2.5
150,QQQ_TQQQ_VIX,5450486.18,544.049,0.499,-0.138,4.07,1.69,3.61,332,0.0,0.289,11777.88,-1891350.23,0.025,12,26,9,14,0.6,20,75,1.0,75,2.5
151,QQQ_TQQQ_VIX,792576.77,78.258,0.324,-0.116,3.51,1.51,2.79,340,0.0,0.282,2537.77,-334909.49,0.015,12,26,9,14,0.6,20,75,1.0,75,1.0
152,QQQ_TQQQ_VIX,2834027.89,282.403,0.437,-0.127,4.07,1.76,3.44,338,0.0,0.281,7250.88,-1011037.04,0.02,12,26,9,14,0.6,20,75,1.0,75,1.0
153,QQQ_TQQQ_VIX,5450486.18,544.049,0.499,-0.138,4.07,1.69,3.61,332,0.0,0.289,11777.88,-1891350.23,0.025,12,26,9,14,0.6,20,75,1.0,75,1.0
154,QQQ_TQQQ_VIX,792576.77,78.258,0.324,-0.116,3.51,1.51,2.79,340,0.0,0.282,2537.77,-334909.49,0.015,12,26,9,14,0.6,20,75,1.0,100,2.0
155,QQQ_TQQQ_VIX,2834027.89,282.403,0.437,-0.127,4.07,1.76,3.44,338,0.0,0.281,7250.88,-1011037.04,0.02,12,26,9,14,0.6,20,75,1.0,100,2.0
156,QQQ_TQQQ_VIX,5450486.18,544.049,0.499,-0.138,4.07,1.69,3.61,332,0.0,0.289,11777.88,-1891350.23,0.025,12,26,9,14,0.6,20,75,1.0,100,2.0
157,QQQ_TQQQ_VIX,792576.77,78.258,0.324,-0.116,3.51,1.51,2.79,340,0.0,0.282,2537.77,-334909.49,0.015,12,26,9,14,0.6,20,75,1.0,100,2.5
158,QQQ_TQQQ_VIX,2834027.89,282.403,0.437,-0.127,4.07,1.76,3.44,338,0.0,0.281,7250.88,-1011037.04,0.02,12,26,9,14,0.6,20,75,1.0,100,2.5
159,QQQ_TQQQ_VIX,5450486.18,544.049,0.499,-0.138,4.07,1.69,3.61,332,0.0,0.289,11777.88,-1891350.23,0.025,12,26,9,14,0.6,20,75,1.0,100,2.5
160,QQQ_TQQQ_VIX,792576.77,78.258,0.324,-0.116,3.51,1.51,2.79,340,0.0,0.282,2537.77,-334909.49,0.015,12,26,9,14,0.6,20,75,1.0,100,1.0
161,QQQ_TQQQ_VIX,2834027.89,282.403,0.437,-0.127,4.07,1.76,3.44,338,0.0,0.281,7250.88,-1011037.04,0.02,12,26,9,14,0.6,20,75,1.0,100,1.0
162,QQQ_TQQQ_VIX,5450486.18,544.049,0.499,-0.138,4.07,1.69,3.61,332,0.0,0.289,11777.88,-1891350.23,0.025,12,26,9,14,0.6,20,75,1.0,100,1.0
163,QQQ_TQQQ_VIX,53748.05,4.375,0.114,-0.106,1.78,0.83,1.08,331,0.0,0.305,322.74,-42878.85,0.015,12,26,9,14,0.6,20,100,2.5,50,2.0
164,QQQ_TQQQ_VIX,94468.95,8.447,0.155,-0.107,2.3,1.06,1.44,331,0.0,0.305,483.13,-69811.28,0.02,12,26,9,14,0.6,20,100,2.5,50,2.0
165,QQQ_TQQQ_VIX,165667.21,15.567,0.198,-0.109,2.72,1.25,1.81,331,0.0,0.305,736.77,-109700.56,0.025,12,26,9,14,0.6,20,100,2.5,50,2.0
166,QQQ_TQQQ_VIX,53748.05,4.375,0.114,-0.106,1.78,0.83,1.08,331,0.0,0.305,322.74,-42878.85,0.015,12,26,9,14,0.6,20,100,2.5,50,2.5
167,QQQ_TQQQ_VIX,94468.95,8.447,0.155,-0.107,2.3,1.06,1.44,331,0.0,0.305,483.13,-69811.28,0.02,12,26,9,14,0.6,20,100,2.5,50,2.5
168,QQQ_TQQQ_VIX,165667.21,15.567,0.198,-0.109,2.72,1.25,1.81,331,0.0,0.305,736.77,-109700.56,0.025,12,26,9,14,0.6,20,100,2.5,50,2.5
169,QQQ_TQQQ_VIX,53748.05,4.375,0.114,-0.106,1.78,0.83,1.08,331,0.0,0.305,322.74,-42878.85,0.015,12,26,9,14,0.6,20,100,2.5,50,1.0
170,QQQ_TQQQ_VIX,94468.95,8.447,0.155,-0.107,2.3,1.06,1.44,331,0.0,0.305,483.13,-69811.28,0.02,12,26,9,14,0.6,20,100,2.5,50,1.0
171,QQQ_TQQQ_VIX,165667.21,15.567,0.198,-0.109,2.72,1.25,1.81,331,0.0,0.305,736.77,-109700.56,0.025,12,26,9,14,0.6,20,100,2.5,50,1.0
172,QQQ_TQQQ_VIX,53748.05,4.375,0.114,-0.106,1.78,0.83,1.08,331,0.0,0.305,322.74,-42878.85,0.015,12,26,9,14,0.6,20,100,2.5,75,2.0
173,QQQ_TQQQ_VIX,94468.95,8.447,0.155,-0.107,2.3,1.06,1.44,331,0.0,0.305,483.13,-69811.28,0.02,12,26,9,14,0.6,20,100,2.5,75,2.0
174,QQQ_TQQQ_VIX,165667.21,15.567,0.198,-0.109,2.72,1.25,1.81,331,0.0,0.305,736.77,-109700.56,0.025,12,26,9,14,0.6,20,100,2.5,75,2.0
175,QQQ_TQQQ_VIX,53748.05,4.375,0.114,-0.106,1.78,0.83,1.08,331,0.0,0.305,322.74,-42878.85,0.015,12,26,9,14,0.6,20,100,2.5,75,2.5
176,QQQ_TQQQ_VIX,94468.95,8.447,0.155,-0.107,2.3,1.06,1.44,331,0.0,0.305,483.13,-69811.28,0.02,12,26,9,14,0.6,20,100,2.5,75,2.5
177,QQQ_TQQQ_VIX,165667.21,15.567,0.198,-0.109,2.72,1.25,1.81,331,0.0,0.305,736.77,-109700.56,0.025,12,26,9,14,0.6,20,100,2.5,75,2.5
178,QQQ_TQQQ_VIX,53748.05,4.375,0.114,-0.106,1.78,0.83,1.08,331,0.0,0.305,322.74,-42878.85,0.015,12,26,9,14,0.6,20,100,2.5,75,1.0
179,QQQ_TQQQ_VIX,94468.95,8.447,0.155,-0.107,2.3,1.06,1.44,331,0.0,0.305,483.13,-69811.28,0.02,12,26,9,14,0.6,20,100,2.5,75,1.0
180,QQQ_TQQQ_VIX,165667.21,15.567,0.198,-0.109,2.72,1.25,1.81,331,0.0,0.305,736.77,-109700.56,0.025,12,26,9,14,0.6,20,100,2.5,75,1.0
181,QQQ_TQQQ_VIX,53748.05,4.375,0.114,-0.106,1.78,0.83,1.08,331,0.0,0.305,322.74,-42878.85,0.015,12,26,9,14,0.6,20,100,2.5,100,2.0
182,QQQ_TQQQ_VIX,94468.95,8.447,0.155,-0.107,2.3,1.06,1.44,331,0.0,0.305,483.13,-69811.28,0.02,12,26,9,14,0.6,20,100,2.5,100,2.0
183,QQQ_TQQQ_VIX,165667.21,15.567,0.198,-0.109,2.72,1.25,1.81,331,0.0,0.305,736.77,-109700.56,0.025,12,26,9,14,0.6,20,100,2.5,100,2.0
184,QQQ_TQQQ_VIX,53748.05,4.375,0.114,-0.106,1.78,0.83,1.08,331,0.0,0.305,322.74,-42878.85,0.015,12,26,9,14,0.6,20,100,2.5,100,2.5
185,QQQ_TQQQ_VIX,94468.95,8.447,0.155,-0.107,2.3,1.06,1.44,331,0.0,0.305,483.13,-69811.28,0.02,12,26,9,14,0.6,20,100,2.5,100,2.5
186,QQQ_TQQQ_VIX,165667.21,15.567,0.198,-0.109,2.72,1.25,1.81,331,0.0,0.305,736.77,-109700.56,0.025,12,26,9,14,0.6,20,100,2.5,100,2.5
187,QQQ_TQQQ_VIX,53748.05,4.375,0.114,-0.106,1.78,0.83,1.08,331,0.0,0.305,322.74,-42878.85,0.015,12,26,9,14,0.6,20,100,2.5,100,1.0
188,QQQ_TQQQ_VIX,94468.95,8.447,0.155,-0.107,2.3,1.06,1.44,331,0.0,0.305,483.13,-69811.28,0.02,12,26,9,14,0.6,20,100,2.5,100,1.0
189,QQQ_TQQQ_VIX,165667.21,15.567,0.198,-0.109,2.72,1.25,1.81,331,0.0,0.305,736.77,-109700.56,0.025,12,26,9,14,0.6,20,100,2.5,100,1.0
190,QQQ_TQQQ_VIX,81968.77,7.197,0.145,-0.107,2.18,1.01,1.35,331,0.0,0.305,435.29,-62057.49,0.015,12,26,9,14,0.6,20,100,2.0,50,2.0
191,QQQ_TQQQ_VIX,165667.21,15.567,0.198,-0.109,2.72,1.25,1.81,331,0.0,0.305,736.77,-109700.56,0.02,12,26,9,14,0.6,20,100,2.0,50,2.0
192,QQQ_TQQQ_VIX,331943.83,32.194,0.252,-0.111,3.13,1.43,2.28,331,0.0,0.305,1269.95,-190492.82,0.025,12,26,9,14,0.6,20,100,2.0,50,2.0
193,QQQ_TQQQ_VIX,81968.77,7.197,0.145,-0.107,2.18,1.01,1.35,331,0.0,0.305,435.29,-62057.49,0.015,12,26,9,14,0.6,20,100,2.0,50,2.5
194,QQQ_TQQQ_VIX,165667.21,15.567,0.198,-0.109,2.72,1.25,1.81,331,0.0,0.305,736.77,-109700.56,0.02,12,26,9,14,0.6,20,100,2.0,50,2.5
195,QQQ_TQQQ_VIX,331943.83,32.194,0.252,-0.111,3.13,1.43,2.28,331,0.0,0.305,1269.95,-190492.82,0.025,12,26,9,14,0.6,20,100,2.0,50,2.5
196,QQQ_TQQQ_VIX,81968.77,7.197,0.145,-0.107,2.18,1.01,1.35,331,0.0,0.305,435.29,-62057.49,0.015,12,26,9,14,0.6,20,100,2.0,50,1.0
197,QQQ_TQQQ_VIX,165667.21,15.567,0.198,-0.109,2.72,1.25,1.81,331,0.0,0.305,736.77,-109700.56,0.02,12,26,9,14,0.6,20,100,2.0,50,1.0
198,QQQ_TQQQ_VIX,331943.83,32.194,0.252,-0.111,3.13,1.43,2.28,331,0.0,0.305,1269.95,-190492.82,0.025,12,26,9,14,0.6,20,100,2.0,50,1.0
199,QQQ_TQQQ_VIX,81968.77,7.197,0.145,-0.107,2.18,1.01,1.35,331,0.0,0.305,435.29,-62057.49,0.015,12,26,9,14,0.6,20,100,2.0,75,2.0
200,QQQ_TQQQ_VIX,165667.21,15.567,0.198,-0.109,2.72,1.25,1.81,331,0.0,0.305,736.77,-109700.56,0.02,12,26,9,14,0.6,20,100,2.0,75,2.0
201,QQQ_TQQQ_VIX,331943.83,32.194,0.252,-0.111,3.13,1.43,2.28,331,0.0,0.305,1269.95,-190492.82,0.025,12,26,9,14,0.6,20,100,2.0,75,2.0
202,QQQ_TQQQ_VIX,81968.77,7.197,0.145,-0.107,2.18,1.01,1.35,331,0.0,0.305,435.29,-62057.49,0.015,12,26,9,14,0.6,20,100,2.0,75,2.5
203,QQQ_TQQQ_VIX,165667.21,15.567,0.198,-0.109,2.72,1.25,1.81,331,0.0,0.305,736.77,-109700.56,0.02,12,26,9,14,0.6,20,100,2.0,75,2.5
204,QQQ_TQQQ_VIX,331943.83,32.194,0.252,-0.111,3.13,1.43,2.28,331,0.0,0.305,1269.95,-190492.82,0.025,12,26,9,14,0.6,20,100,2.0,75,2.5
205,QQQ_TQQQ_VIX,81968.77,7.197,0.145,-0.107,2.18,1.01,1.35,331,0.0,0.305,435.29,-62057.49,0.015,12,26,9,14,0.6,20,100,2.0,75,1.0
206,QQQ_TQQQ_VIX,165667.21,15.567,0.198,-0.109,2.72,1.25,1.81,331,0.0,0.305,736.77,-109700.56,0.02,12,26,9,14,0.6,20,100,2.0,75,1.0
207,QQQ_TQQQ_VIX,331943.83,32.194,0.252,-0.111,3.13,1.43,2.28,331,0.0,0.305,1269.95,-190492.82,0.025,12,26,9,14,0.6,20,100,2.0,75,1.0
208,QQQ_TQQQ_VIX,81968.77,7.197,0.145,-0.107,2.18,1.01,1.35,331,0.0,0.305,435.29,-62057.49,0.015,12,26,9,14,0.6,20,100,2.0,100,2.0
209,QQQ_TQQQ_VIX,165667.21,15.567,0.198,-0.109,2.72,1.25,1.81,331,0.0,0.305,736.77,-109700.56,0.02,12,26,9,14,0.6,20,100,2.0,100,2.0
210,QQQ_TQQQ_VIX,331943.83,32.194,0.252,-0.111,3.13,1.43,2.28,331,0.0,0.305,1269.95,-190492.82,0.025,12,26,9,14,0.6,20,100,2.0,100,2.0
211,QQQ_TQQQ_VIX,81968.77,7.197,0.145,-0.107,2.18,1.01,1.35,331,0.0,0.305,435.29,-62057.49,0.015,12,26,9,14,0.6,20,100,2.0,100,2.5
212,QQQ_TQQQ_VIX,165667.21,15.567,0.198,-0.109,2.72,1.25,1.81,331,0.0,0.305,736.77,-109700.56,0.02,12,26,9,14,0.6,20,100,2.0,100,2.5
213,QQQ_TQQQ_VIX,331943.83,32.194,0.252,-0.111,3.13,1.43,2.28,331,0.0,0.305,1269.95,-190492.82,0.025,12,26,9,14,0.6,20,100,2.0,100,2.5
214,QQQ_TQQQ_VIX,81968.77,7.197,0.145,-0.107,2.18,1.01,1.35,331,0.0,0.305,435.29,-62057.49,0.015,12,26,9,14,0.6,20,100,2.0,100,1.0
215,QQQ_TQQQ_VIX,165667.21,15.567,0.198,-0.109,2.72,1.25,1.81,331,0.0,0.305,736.77,-109700.56,0.02,12,26,9,14,0.6,20,100,2.0,100,1.0
216,QQQ_TQQQ_VIX,331943.83,32.194,0.252,-0.111,3.13,1.43,2.28,331,0.0,0.305,1269.95,-190492.82,0.025,12,26,9,14,0.6,20,100,2.0,100,1.0
217,QQQ_TQQQ_VIX,745064.70,73.506,0.319,-0.112,3.39,1.48,2.84,327,0.0,0.306,2442.79,-364369.97,0.015,12,26,9,14,0.6,20,100,1.0,50,2.0
218,QQQ_TQQQ_VIX,2615384.61,260.538,0.43,-0.117,3.94,1.73,3.69,325,0.0,0.305,6838.83,-1073676.43,0.02,12,26,9,14,0.6,20,100,1.0,50,2.0
219,QQQ_TQQQ_VIX,4975500.22,496.550,0.49,-0.132,3.96,1.67,3.71,320,0.0,0.312,10931.82,-1969091.88,0.025,12,26,9,14,0.6,20,100,1.0,50,2.0
220,QQQ_TQQQ_VIX,745064.70,73.506,0.319,-0.112,3.39,1.48,2.84,327,0.0,0.306,2442.79,-364369.97,0.015,12,26,9,14,0.6,20,100,1.0,50,2.5
221,QQQ_TQQQ_VIX,2615384.61,260.538,0.43,-0.117,3.94,1.73,3.69,325,0.0,0.305,6838.83,-1073676.43,0.02,12,26,9,14,0.6,20,100,1.0,50,2.5
222,QQQ_TQQQ_VIX,4975500.22,496.550,0.49,-0.132,3.96,1.67,3.71,320,0.0,0.312,10931.82,-1969091.88,0.025,12,26,9,14,0.6,20,100,1.0,50,2.5
223,QQQ_TQQQ_VIX,745064.70,73.506,0.319,-0.112,3.39,1.48,2.84,327,0.0,0.306,2442.79,-364369.97,0.015,12,26,9,14,0.6,20,100,1.0,50,1.0
224,QQQ_TQQQ_VIX,2615384.61,260.538,0.43,-0.117,3.94,1.73,3.69,325,0.0,0.305,6838.83,-1073676.43,0.02,12,26,9,14,0.6,20,100,1.0,50,1.0
225,QQQ_TQQQ_VIX,4975500.22,496.550,0.49,-0.132,3.96,1.67,3.71,320,0.0,0.312,10931.82,-1969091.88,0.025,12,26,9,14,0.6,20,100,1.0,50,1.0
226,QQQ_TQQQ_VIX,745064.70,73.506,0.319,-0.112,3.39,1.48,2.84,327,0.0,0.306,2442.79,-364369.97,0.015,12,26,9,14,0.6,20,100,1.0,75,2.0
227,QQQ_TQQQ_VIX,2615384.61,260.538,0.43,-0.117,3.94,1.73,3.69,325,0.0,0.305,6838.83,-1073676.43,0.02,12,26,9,14,0.6,20,100,1.0,75,2.0
228,QQQ_TQQQ_VIX,4975500.22,496.550,0.49,-0.132,3.96,1.67,3.71,320,0.0,0.312,10931.82,-1969091.88,0.025,12,26,9,14,0.6,20,100,1.0,75,2.0
229,QQQ_TQQQ_VIX,745064.70,73.506,0.319,-0.112,3.39,1.48,2.84,327,0.0,0.306,2442.79,-364369.97,0.015,12,26,9,14,0.6,20,100,1.0,75,2.5
230,QQQ_TQQQ_VIX,2615384.61,260.538,0.43,-0.117,3.94,1.73,3.69,325,0.0,0.305,6838.83,-1073676.43,0.02,12,26,9,14,0.6,20,100,1.0,75,2.5
231,QQQ_TQQQ_VIX,4975500.22,496.550,0.49,-0.132,3.96,1.67,3.71,320,0.0,0.312,10931.82,-1969091.88,0.025,12,26,9,14,0.6,20,100,1.0,75,2.5
232,QQQ_TQQQ_VIX,745064.70,73.506,0.319,-0.112,3.39,1.48,2.84,327,0.0,0.306,2442.79,-364369.97,0.015,12,26,9,14,0.6,20,100,1.0,75,1.0
233,QQQ_TQQQ_VIX,2615384.61,260.538,0.43,-0.117,3.94,1.73,3.69,325,0.0,0.305,6838.83,-1073676.43,0.02,12,26,9,14,0.6,20,100,1.0,75,1.0
234,QQQ_TQQQ_VIX,4975500.22,496.550,0.49,-0.132,3.96,1.67,3.71,320,0.0,0.312,10931.82,-1969091.88,0.025,12,26,9,14,0.6,20,100,1.0,75,1.0
235,QQQ_TQQQ_VIX,745064.70,73.506,0.319,-0.112,3.39,1.48,2.84,327,0.0,0.306,2442.79,-364369.97,0.015,12,26,9,14,0.6,20,100,1.0,100,2.0
236,QQQ_TQQQ_VIX,2615384.61,260.538,0.43,-0.117,3.94,1.73,3.69,325,0.0,0.305,6838.83,-1073676.43,0.02,12,26,9,14,0.6,20,100,1.0,100,2.0
237,QQQ_TQQQ_VIX,4975500.22,496.550,0.49,-0.132,3.96,1.67,3.71,320,0.0,0.312,10931.82,-1969091.88,0.025,12,26,9,14,0.6,20,100,1.0,100,2.0
238,QQQ_TQQQ_VIX,745064.70,73.506,0.319,-0.112,3.39,1.48,2.84,327,0.0,0.306,2442.79,-364369.97,0.015,12,26,9,14,0.6,20,100,1.0,100,2.5
239,QQQ_TQQQ_VIX,2615384.61,260.538,0.43,-0.117,3.94,1.73,3.69,325,0.0,0.305,6838.83,-1073676.43,0.02,12,26,9,14,0.6,20,100,1.0,100,2.5
240,QQQ_TQQQ_VIX,4975500.22,496.550,0.49,-0.132,3.96,1.67,3.71,320,0.0,0.312,10931.82,-1969091.88,0.025,12,26,9,14,0.6,20,100,1.0,100,2.5
241,QQQ_TQQQ_VIX,745064.70,73.506,0.319,-0.112,3.39,1.48,2.84,327,0.0,0.306,2442.79,-364369.97,0.015,12,26,9,14,0.6,20,100,1.0,100,1.0
242,QQQ_TQQQ_VIX,2615384.61,260.538,0.43,-0.117,3.94,1.73,3.69,325,0.0,0.305,6838.83,-1073676.43,0.02,12,26,9,14,0.6,20,100,1.0,100,1.0
243,QQQ_TQQQ_VIX,4975500.22,496.550,0.49,-0.132,3.96,1.67,3.71,320,0.0,0.312,10931.82,-1969091.88,0.025,12,26,9,14,0.6,20,100,1.0,100,1.0
244,QQQ_TQQQ_VIX,73544.79,6.354,0.137,-0.078,2.71,1.26,1.74,429,0.0,0.24,324.99,-39159.6,0.015,12,26,9,14,0.6,50,25,2.5,50,2.0
245,QQQ_TQQQ_VIX,144141.53,13.414,0.187,-0.08,3.3,1.54,2.34,429,0.0,0.24,526.61,-67429.05,0.02,12,26,9,14,0.6,50,25,2.5,50,2.0
246,QQQ_TQQQ_VIX,279947.71,26.995,0.239,-0.081,3.71,1.74,2.94,429,0.0,0.24,868.65,-113335.03,0.025,12,26,9,14,0.6,50,25,2.5,50,2.0
247,QQQ_TQQQ_VIX,73544.79,6.354,0.137,-0.078,2.71,1.26,1.74,429,0.0,0.24,324.99,-39159.6,0.015,12,26,9,14,0.6,50,25,2.5,50,2.5
248,QQQ_TQQQ_VIX,144141.53,13.414,0.187,-0.08,3.3,1.54,2.34,429,0.0,0.24,526.61,-67429.05,0.02,12,26,9,14,0.6,50,25,2.5,50,2.5
249,QQQ_TQQQ_VIX,279947.71,26.995,0.239,-0.081,3.71,1.74,2.94,429,0.0,0.24,868.65,-113335.03,0.025,12,26,9,14,0.6,50,25,2.5,50,2.5
250,QQQ_TQQQ_VIX,73544.79,6.354,0.137,-0.078,2.71,1.26,1.74,429,0.0,0.24,324.99,-39159.6,0.015,12,26,9,14,0.6,50,25,2.5,50,1.0
251,QQQ_TQQQ_VIX,144141.53,13.414,0.187,-0.08,3.3,1.54,2.34,429,0.0,0.24,526.61,-67429.05,0.02,12,26,9,14,0.6,50,25,2.5,50,1.0
252,QQQ_TQQQ_VIX,279947.71,26.995,0.239,-0.081,3.71,1.74,2.94,429,0.0,0.24,868.65,-113335.03,0.025,12,26,9,14,0.6,50,25,2.5,50,1.0
253,QQQ_TQQQ_VIX,73544.79,6.354,0.137,-0.078,2.71,1.26,1.74,429,0.0,0.24,324.99,-39159.6,0.015,12,26,9,14,0.6,50,25,2.5,75,2.0
254,QQQ_TQQQ_VIX,144141.53,13.414,0.187,-0.08,3.3,1.54,2.34,429,0.0,0.24,526.61,-67429.05,0.02,12,26,9,14,0.6,50,25,2.5,75,2.0
255,QQQ_TQQQ_VIX,279947.71,26.995,0.239,-0.081,3.71,1.74,2.94,429,0.0,0.24,868.65,-113335.03,0.025,12,26,9,14,0.6,50,25,2.5,75,2.0
256,QQQ_TQQQ_VIX,73544.79,6.354,0.137,-0.078,2.71,1.26,1.74,429,0.0,0.24,324.99,-39159.6,0.015,12,26,9,14,0.6,50,25,2.5,75,2.5
257,QQQ_TQQQ_VIX,144141.53,13.414,0.187,-0.08,3.3,1.54,2.34,429,0.0,0.24,526.61,-67429.05,0.02,12,26,9,14,0.6,50,25,2.5,75,2.5
258,QQQ_TQQQ_VIX,279947.71,26.995,0.239,-0.081,3.71,1.74,2.94,429,0.0,0.24,868.65,-113335.03,0.025,12,26,9,14,0.6,50,25,2.5,75,2.5
259,QQQ_TQQQ_VIX,73544.79,6.354,0.137,-0.078,2.71,1.26,1.74,429,0.0,0.24,324.99,-39159.6,0.015,12,26,9,14,0.6,50,25,2.5,75,1.0
260,QQQ_TQQQ_VIX,144141.53,13.414,0.187,-0.08,3.3,1.54,2.34,429,0.0,0.24,526.61,-67429.05,0.02,12,26,9,14,0.6,50,25,2.5,75,1.0
261,QQQ_TQQQ_VIX,279947.71,26.995,0.239,-0.081,3.71,1.74,2.94,429,0.0,0.24,868.65,-113335.03,0.025,12,26,9,14,0.6,50,25,2.5,75,1.0
262,QQQ_TQQQ_VIX,73544.79,6.354,0.137,-0.078,2.71,1.26,1.74,429,0.0,0.24,324.99,-39159.6,0.015,12,26,9,14,0.6,50,25,2.5,100,2.0
263,QQQ_TQQQ_VIX,144141.53,13.414,0.187,-0.08,3.3,1.54,2.34,429,0.0,0.24,526.61,-67429.05,0.02,12,26,9,14,0.6,50,25,2.5,100,2.0
264,QQQ_TQQQ_VIX,279947.71,26.995,0.239,-0.081,3.71,1.74,2.94,429,0.0,0.24,868.65,-113335.03,0.025,12,26,9,14,0.6,50,25,2.5,100,2.0
265,QQQ_TQQQ_VIX,73544.79,6.354,0.137,-0.078,2.71,1.26,1.74,429,0.0,0.24,324.99,-39159.6,0.015,12,26,9,14,0.6,50,25,2.5,100,2.5
266,QQQ_TQQQ_VIX,144141.53,13.414,0.187,-0.08,3.3,1.54,2.34,429,0.0,0.24,526.61,-67429.05,0.02,12,26,9,14,0.6,50,25,2.5,100,2.5
267,QQQ_TQQQ_VIX,279947.71,26.995,0.239,-0.081,3.71,1.74,2.94,429,0.0,0.24,868.65,-113335.03,0.025,12,26,9,14,0.6,50,25,2.5,100,2.5
268,QQQ_TQQQ_VIX,73544.79,6.354,0.137,-0.078,2.71,1.26,1.74,429,0.0,0.24,324.99,-39159.6,0.015,12,26,9,14,0.6,50,25,2.5,100,1.0
269,QQQ_TQQQ_VIX,144141.53,13.414,0.187,-0.08,3.3,1.54,2.34,429,0.0,0.24,526.61,-67429.05,0.02,12,26,9,14,0.6,50,25,2.5,100,1.0
270,QQQ_TQQQ_VIX,279947.71,26.995,0.239,-0.081,3.71,1.74,2.94,429,0.0,0.24,868.65,-113335.03,0.025,12,26,9,14,0.6,50,25,2.5,100,1.0
271,QQQ_TQQQ_VIX,122317.31,11.232,0.174,-0.08,3.17,1.48,2.19,428,0.0,0.241,466.44,-59311.11,0.015,12,26,9,14,0.6,50,25,2.0,50,2.0
272,QQQ_TQQQ_VIX,281302.15,27.130,0.239,-0.081,3.72,1.74,2.94,428,0.0,0.241,871.18,-113851.78,0.02,12,26,9,14,0.6,50,25,2.0,50,2.0
273,QQQ_TQQQ_VIX,641181.56,63.118,0.306,-0.083,4.11,1.91,3.7,428,0.0,0.241,1667.66,-219087.43,0.025,12,26,9,14,0.6,50,25,2.0,50,2.0
274,QQQ_TQQQ_VIX,122317.31,11.232,0.174,-0.08,3.17,1.48,2.19,428,0.0,0.241,466.44,-59311.11,0.015,12,26,9,14,0.6,50,25,2.0,50,2.5
275,QQQ_TQQQ_VIX,281302.15,27.130,0.239,-0.081,3.72,1.74,2.94,428,0.0,0.241,871.18,-113851.78,0.02,12,26,9,14,0.6,50,25,2.0,50,2.5
276,QQQ_TQQQ_VIX,641181.56,63.118,0.306,-0.083,4.11,1.91,3.7,428,0.0,0.241,1667.66,-219087.43,0.025,12,26,9,14,0.6,50,25,2.0,50,2.5
277,QQQ_TQQQ_VIX,122317.31,11.232,0.174,-0.08,3.17,1.48,2.19,428,0.0,0.241,466.44,-59311.11,0.015,12,26,9,14,0.6,50,25,2.0,50,1.0
278,QQQ_TQQQ_VIX,281302.15,27.130,0.239,-0.081,3.72,1.74,2.94,428,0.0,0.241,871.18,-113851.78,0.02,12,26,9,14,0.6,50,25,2.0,50,1.0
279,QQQ_TQQQ_VIX,641181.56,63.118,0.306,-0.083,4.11,1.91,3.7,428,0.0,0.241,1667.66,-219087.43,0.025,12,26,9,14,0.6,50,25,2.0,50,1.0
280,QQQ_TQQQ_VIX,122317.31,11.232,0.174,-0.08,3.17,1.48,2.19,428,0.0,0.241,466.44,-59311.11,0.015,12,26,9,14,0.6,50,25,2.0,75,2.0
281,QQQ_TQQQ_VIX,281302.15,27.130,0.239,-0.081,3.72,1.74,2.94,428,0.0,0.241,871.18,-113851.78,0.02,12,26,9,14,0.6,50,25,2.0,75,2.0
282,QQQ_TQQQ_VIX,641181.56,63.118,0.306,-0.083,4.11,1.91,3.7,428,0.0,0.241,1667.66,-219087.43,0.025,12,26,9,14,0.6,50,25,2.0,75,2.0
283,QQQ_TQQQ_VIX,122317.31,11.232,0.174,-0.08,3.17,1.48,2.19,428,0.0,0.241,466.44,-59311.11,0.015,12,26,9,14,0.6,50,25,2.0,75,2.5
284,QQQ_TQQQ_VIX,281302.15,27.130,0.239,-0.081,3.72,1.74,2.94,428,0.0,0.241,871.18,-113851.78,0.02,12,26,9,14,0.6,50,25,2.0,75,2.5
285,QQQ_TQQQ_VIX,641181.56,63.118,0.306,-0.083,4.11,1.91,3.7,428,0.0,0.241,1667.66,-219087.43,0.025,12,26,9,14,0.6,50,25,2.0,75,2.5
286,QQQ_TQQQ_VIX,122317.31,11.232,0.174,-0.08,3.17,1.48,2.19,428,0.0,0.241,466.44,-59311.11,0.015,12,26,9,14,0.6,50,25,2.0,75,1.0
287,QQQ_TQQQ_VIX,281302.15,27.130,0.239,-0.081,3.72,1.74,2.94,428,0.0,0.241,871.18,-113851.78,0.02,12,26,9,14,0.6,50,25,2.0,75,1.0
288,QQQ_TQQQ_VIX,641181.56,63.118,0.306,-0.083,4.11,1.91,3.7,428,0.0,0.241,1667.66,-219087.43,0.025,12,26,9,14,0.6,50,25,2.0,75,1.0
289,QQQ_TQQQ_VIX,122317.31,11.232,0.174,-0.08,3.17,1.48,2.19,428,0.0,0.241,466.44,-59311.11,0.015,12,26,9,14,0.6,50,25,2.0,100,2.0
290,QQQ_TQQQ_VIX,281302.15,27.130,0.239,-0.081,3.72,1.74,2.94,428,0.0,0.241,871.18,-113851.78,0.02,12,26,9,14,0.6,50,25,2.0,100,2.0
291,QQQ_TQQQ_VIX,641181.56,63.118,0.306,-0.083,4.11,1.91,3.7,428,0.0,0.241,1667.66,-219087.43,0.025,12,26,9,14,0.6,50,25,2.0,100,2.0
292,QQQ_TQQQ_VIX,122317.31,11.232,0.174,-0.08,3.17,1.48,2.19,428,0.0,0.241,466.44,-59311.11,0.015,12,26,9,14,0.6,50,25,2.0,100,2.5
293,QQQ_TQQQ_VIX,281302.15,27.130,0.239,-0.081,3.72,1.74,2.94,428,0.0,0.241,871.18,-113851.78,0.02,12,26,9,14,0.6,50,25,2.0,100,2.5
294,QQQ_TQQQ_VIX,641181.56,63.118,0.306,-0.083,4.11,1.91,3.7,428,0.0,0.241,1667.66,-219087.43,0.025,12,26,9,14,0.6,50,25,2.0,100,2.5
295,QQQ_TQQQ_VIX,122317.31,11.232,0.174,-0.08,3.17,1.48,2.19,428,0.0,0.241,466.44,-59311.11,0.015,12,26,9,14,0.6,50,25,2.0,100,1.0
296,QQQ_TQQQ_VIX,281302.15,27.130,0.239,-0.081,3.72,1.74,2.94,428,0.0,0.241,871.18,-113851.78,0.02,12,26,9,14,0.6,50,25,2.0,100,1.0
297,QQQ_TQQQ_VIX,641181.56,63.118,0.306,-0.083,4.11,1.91,3.7,428,0.0,0.241,1667.66,-219087.43,0.025,12,26,9,14,0.6,50,25,2.0,100,1.0
298,QQQ_TQQQ_VIX,1410438.03,140.044,0.374,-0.119,4.11,1.74,3.14,421,0.0,0.242,3145.67,-437045.01,0.015,12,26,9,14,0.6,50,25,1.0,50,2.0
299,QQQ_TQQQ_VIX,5574869.41,556.487,0.501,-0.114,4.61,1.92,4.4,422,0.0,0.242,9744.75,-1404037.19,0.02,12,26,9,14,0.6,50,25,1.0,50,2.0
300,QQQ_TQQQ_VIX,-1994787.24,-200.479,,-1.0,,0.25,,195,0.0,0.226,411.81,-639903.79,0.025,12,26,9,14,0.6,50,25,1.0,50,2.0
301,QQQ_TQQQ_VIX,1410438.03,140.044,0.374,-0.119,4.11,1.74,3.14,421,0.0,0.242,3145.67,-437045.01,0.015,12,26,9,14,0.6,50,25,1.0,50,2.5
302,QQQ_TQQQ_VIX,5574869.41,556.487,0.501,-0.114,4.61,1.92,4.4,422,0.0,0.242,9744.75,-1404037.19,0.02,12,26,9,14,0.6,50,25,1.0,50,2.5
303,QQQ_TQQQ_VIX,-1994787.24,-200.479,,-1.0,,0.25,,195,0.0,0.226,411.81,-639903.79,0.025,12,26,9,14,0.6,50,25,1.0,50,2.5
304,QQQ_TQQQ_VIX,1410438.03,140.044,0.374,-0.119,4.11,1.74,3.14,421,0.0,0.242,3145.67,-437045.01,0.015,12,26,9,14,0.6,50,25,1.0,50,1.0
305,QQQ_TQQQ_VIX,5574869.41,556.487,0.501,-0.114,4.61,1.92,4.4,422,0.0,0.242,9744.75,-1404037.19,0.02,12,26,9,14,0.6,50,25,1.0,50,1.0
306,QQQ_TQQQ_VIX,-1994787.24,-200.479,,-1.0,,0.25,,195,0.0,0.226,411.81,-639903.79,0.025,12,26,9,14,0.6,50,25,1.0,50,1.0
307,QQQ_TQQQ_VIX,1410438.03,140.044,0.374,-0.119,4.11,1.74,3.14,421,0.0,0.242,3145.67,-437045.01,0.015,12,26,9,14,0.6,50,25,1.0,75,2.0
308,QQQ_TQQQ_VIX,5574869.41,556.487,0.501,-0.114,4.61,1.92,4.4,422,0.0,0.242,9744.75,-1404037.19,0.02,12,26,9,14,0.6,50,25,1.0,75,2.0
309,QQQ_TQQQ_VIX,-1994787.24,-200.479,,-1.0,,0.25,,195,0.0,0.226,411.81,-639903.79,0.025,12,26,9,14,0.6,50,25,1.0,75,2.0
310,QQQ_TQQQ_VIX,1410438.03,140.044,0.374,-0.119,4.11,1.74,3.14,421,0.0,0.242,3145.67,-437045.01,0.015,12,26,9,14,0.6,50,25,1.0,75,2.5
311,QQQ_TQQQ_VIX,5574869.41,556.487,0.501,-0.114,4.61,1.92,4.4,422,0.0,0.242,9744.75,-1404037.19,0.02,12,26,9,14,0.6,50,25,1.0,75,2.5
312,QQQ_TQQQ_VIX,-1994787.24,-200.479,,-1.0,,0.25,,195,0.0,0.226,411.81,-639903.79,0.025,12,26,9,14,0.6,50,25,1.0,75,2.5
313,QQQ_TQQQ_VIX,1410438.03,140.044,0.374,-0.119,4.11,1.74,3.14,421,0.0,0.242,3145.67,-437045.01,0.015,12,26,9,14,0.6,50,25,1.0,75,1.0
314,QQQ_TQQQ_VIX,5574869.41,556.487,0.501,-0.114,4.61,1.92,4.4,422,0.0,0.242,9744.75,-1404037.19,0.02,12,26,9,14,0.6,50,25,1.0,75,1.0
315,QQQ_TQQQ_VIX,-1994787.24,-200.479,,-1.0,,0.25,,195,0.0,0.226,411.81,-639903.79,0.025,12,26,9,14,0.6,50,25,1.0,75,1.0
316,QQQ_TQQQ_VIX,1410438.03,140.044,0.374,-0.119,4.11,1.74,3.14,421,0.0,0.242,3145.67,-437045.01,0.015,12,26,9,14,0.6,50,25,1.0,100,2.0
317,QQQ_TQQQ_VIX,5574869.41,556.487,0.501,-0.114,4.61,1.92,4.4,422,0.0,0.242,9744.75,-1404037.19,0.02,12,26,9,14,0.6,50,25,1.0,100,2.0
318,QQQ_TQQQ_VIX,-1994787.24,-200.479,,-1.0,,0.25,,195,0.0,0.226,411.81,-639903.79,0.025,12,26,9,14,0.6,50,25,1.0,100,2.0
319,QQQ_TQQQ_VIX,1410438.03,140.044,0.374,-0.119,4.11,1.74,3.14,421,0.0,0.242,3145.67,-437045.01,0.015,12,26,9,14,0.6,50,25,1.0,100,2.5
320,QQQ_TQQQ_VIX,5574869.41,556.487,0.501,-0.114,4.61,1.92,4.4,422,0.0,0.242,9744.75,-1404037.19,0.02,12,26,9,14,0.6,50,25,1.0,100,2.5
321,QQQ_TQQQ_VIX,-1994787.24,-200.479,,-1.0,,0.25,,195,0.0,0.226,411.81,-639903.79,0.025,12,26,9,14,0.6,50,25,1.0,100,2.5
322,QQQ_TQQQ_VIX,1410438.03,140.044,0.374,-0.119,4.11,1.74,3.14,421,0.0,0.242,3145.67,-437045.01,0.015,12,26,9,14,0.6,50,25,1.0,100,1.0
323,QQQ_TQQQ_VIX,5574869.41,556.487,0.501,-0.114,4.61,1.92,4.4,422,0.0,0.242,9744.75,-1404037.19,0.02,12,26,9,14,0.6,50,25,1.0,100,1.0
324,QQQ_TQQQ_VIX,-1994787.24,-200.479,,-1.0,,0.25,,195,0.0,0.226,411.81,-639903.79,0.025,12,26,9,14,0.6,50,25,1.0,100,1.0
325,QQQ_TQQQ_VIX,55716.39,4.572,0.117,-0.091,1.92,0.88,1.29,343,0.0,0.283,328.97,-39280.9,0.015,12,26,9,14,0.6,50,75,2.5,50,2.0
326,QQQ_TQQQ_VIX,99059.81,8.906,0.159,-0.097,2.46,1.12,1.64,343,0.0,0.283,495.68,-63931.12,0.02,12,26,9,14,0.6,50,75,2.5,50,2.0
327,QQQ_TQQQ_VIX,174991.22,16.499,0.202,-0.102,2.87,1.31,1.97,343,0.0,0.283,759.69,-100563.19,0.025,12,26,9,14,0.6,50,75,2.5,50,2.0
328,QQQ_TQQQ_VIX,55716.39,4.572,0.117,-0.091,1.92,0.88,1.29,343,0.0,0.283,328.97,-39280.9,0.015,12,26,9,14,0.6,50,75,2.5,50,2.5
329,QQQ_TQQQ_VIX,99059.81,8.906,0.159,-0.097,2.46,1.12,1.64,343,0.0,0.283,495.68,-63931.12,0.02,12,26,9,14,0.6,50,75,2.5,50,2.5
330,QQQ_TQQQ_VIX,174991.22,16.499,0.202,-0.102,2.87,1.31,1.97,343,0.0,0.283,759.69,-100563.19,0.025,12,26,9,14,0.6,50,75,2.5,50,2.5
331,QQQ_TQQQ_VIX,55716.39,4.572,0.117,-0.091,1.92,0.88,1.29,343,0.0,0.283,328.97,-39280.9,0.015,12,26,9,14,0.6,50,75,2.5,50,1.0
332,QQQ_TQQQ_VIX,99059.81,8.906,0.159,-0.097,2.46,1.12,1.64,343,0.0,0.283,495.68,-63931.12,0.02,12,26,9,14,0.6,50,75,2.5,50,1.0
333,QQQ_TQQQ_VIX,174991.22,16.499,0.202,-0.102,2.87,1.31,1.97,343,0.0,0.283,759.69,-100563.19,0.025,12,26,9,14,0.6,50,75,2.5,50,1.0
334,QQQ_TQQQ_VIX,55716.39,4.572,0.117,-0.091,1.92,0.88,1.29,343,0.0,0.283,328.97,-39280.9,0.015,12,26,9,14,0.6,50,75,2.5,75,2.0
335,QQQ_TQQQ_VIX,99059.81,8.906,0.159,-0.097,2.46,1.12,1.64,343,0.0,0.283,495.68,-63931.12,0.02,12,26,9,14,0.6,50,75,2.5,75,2.0
336,QQQ_TQQQ_VIX,174991.22,16.499,0.202,-0.102,2.87,1.31,1.97,343,0.0,0.283,759.69,-100563.19,0.025,12,26,9,14,0.6,50,75,2.5,75,2.0
337,QQQ_TQQQ_VIX,55716.39,4.572,0.117,-0.091,1.92,0.88,1.29,343,0.0,0.283,328.97,-39280.9,0.015,12,26,9,14,0.6,50,75,2.5,75,2.5
338,QQQ_TQQQ_VIX,99059.81,8.906,0.159,-0.097,2.46,1.12,1.64,343,0.0,0.283,495.68,-63931.12,0.02,12,26,9,14,0.6,50,75,2.5,75,2.5
339,QQQ_TQQQ_VIX,174991.22,16.499,0.202,-0.102,2.87,1.31,1.97,343,0.0,0.283,759.69,-100563.19,0.025,12,26,9,14,0.6,50,75,2.5,75,2.5
340,QQQ_TQQQ_VIX,55716.39,4.572,0.117,-0.091,1.92,0.88,1.29,343,0.0,0.283,328.97,-39280.9,0.015,12,26,9,14,0.6,50,75,2.5,75,1.0
341,QQQ_TQQQ_VIX,99059.81,8.906,0.159,-0.097,2.46,1.12,1.64,343,0.0,0.283,495.68,-63931.12,0.02,12,26,9,14,0.6,50,75,2.5,75,1.0
342,QQQ_TQQQ_VIX,174991.22,16.499,0.202,-0.102,2.87,1.31,1.97,343,0.0,0.283,759.69,-100563.19,0.025,12,26,9,14,0.6,50,75,2.5,75,1.0
343,QQQ_TQQQ_VIX,55716.39,4.572,0.117,-0.091,1.92,0.88,1.29,343,0.0,0.283,328.97,-39280.9,0.015,12,26,9,14,0.6,50,75,2.5,100,2.0
344,QQQ_TQQQ_VIX,99059.81,8.906,0.159,-0.097,2.46,1.12,1.64,343,0.0,0.283,495.68,-63931.12,0.02,12,26,9,14,0.6,50,75,2.5,100,2.0
345,QQQ_TQQQ_VIX,174991.22,16.499,0.202,-0.102,2.87,1.31,1.97,343,0.0,0.283,759.69,-100563.19,0.025,12,26,9,14,0.6,50,75,2.5,100,2.0
346,QQQ_TQQQ_VIX,55716.39,4.572,0.117,-0.091,1.92,0.88,1.29,343,0.0,0.283,328.97,-39280.9,0.015,12,26,9,14,0.6,50,75,2.5,100,2.5
347,QQQ_TQQQ_VIX,99059.81,8.906,0.159,-0.097,2.46,1.12,1.64,343,0.0,0.283,495.68,-63931.12,0.02,12,26,9,14,0.6,50,75,2.5,100,2.5
348,QQQ_TQQQ_VIX,174991.22,16.499,0.202,-0.102,2.87,1.31,1.97,343,0.0,0.283,759.69,-100563.19,0.025,12,26,9,14,0.6,50,75,2.5,100,2.5
349,QQQ_TQQQ_VIX,55716.39,4.572,0.117,-0.091,1.92,0.88,1.29,343,0.0,0.283,328.97,-39280.9,0.015,12,26,9,14,0.6,50,75,2.5,100,1.0
350,QQQ_TQQQ_VIX,99059.81,8.906,0.159,-0.097,2.46,1.12,1.64,343,0.0,0.283,495.68,-63931.12,0.02,12,26,9,14,0.6,50,75,2.5,100,1.0
351,QQQ_TQQQ_VIX,174991.22,16.499,0.202,-0.102,2.87,1.31,1.97,343,0.0,0.283,759.69,-100563.19,0.025,12,26,9,14,0.6,50,75,2.5,100,1.0
352,QQQ_TQQQ_VIX,85751.96,7.575,0.148,-0.095,2.33,1.06,1.55,343,0.0,0.283,446.21,-56857.84,0.015,12,26,9,14,0.6,50,75,2.0,50,2.0
353,QQQ_TQQQ_VIX,174991.22,16.499,0.202,-0.102,2.87,1.31,1.97,343,0.0,0.283,759.69,-100563.19,0.02,12,26,9,14,0.6,50,75,2.0,50,2.0
354,QQQ_TQQQ_VIX,354107.39,34.411,0.257,-0.109,3.28,1.48,2.37,343,0.0,0.283,1320.65,-175728.88,0.025,12,26,9,14,0.6,50,75,2.0,50,2.0
355,QQQ_TQQQ_VIX,85751.96,7.575,0.148,-0.095,2.33,1.06,1.55,343,0.0,0.283,446.21,-56857.84,0.015,12,26,9,14,0.6,50,75,2.0,50,2.5
356,QQQ_TQQQ_VIX,174991.22,16.499,0.202,-0.102,2.87,1.31,1.97,343,0.0,0.283,759.69,-100563.19,0.02,12,26,9,14,0.6,50,75,2.0,50,2.5
357,QQQ_TQQQ_VIX,354107.39,34.411,0.257,-0.109,3.28,1.48,2.37,343,0.0,0.283,1320.65,-175728.88,0.025,12,26,9,14,0.6,50,75,2.0,50,2.5
358,QQQ_TQQQ_VIX,85751.96,7.575,0.148,-0.095,2.33,1.06,1.55,343,0.0,0.283,446.21,-56857.84,0.015,12,26,9,14,0.6,50,75,2.0,50,1.0
359,QQQ_TQQQ_VIX,174991.22,16.499,0.202,-0.102,2.87,1.31,1.97,343,0.0,0.283,759.69,-100563.19,0.02,12,26,9,14,0.6,50,75,2.0,50,1.0
360,QQQ_TQQQ_VIX,354107.39,34.411,0.257,-0.109,3.28,1.48,2.37,343,0.0,0.283,1320.65,-175728.88,0.025,12,26,9,14,0.6,50,75,2.0,50,1.0
361,QQQ_TQQQ_VIX,85751.96,7.575,0.148,-0.095,2.33,1.06,1.55,343,0.0,0.283,446.21,-56857.84,0.015,12,26,9,14,0.6,50,75,2.0,75,2.0
362,QQQ_TQQQ_VIX,174991.22,16.499,0.202,-0.102,2.87,1.31,1.97,343,0.0,0.283,759.69,-100563.19,0.02,12,26,9,14,0.6,50,75,2.0,75,2.0
363,QQQ_TQQQ_VIX,354107.39,34.411,0.257,-0.109,3.28,1.48,2.37,343,0.0,0.283,1320.65,-175728.88,0.025,12,26,9,14,0.6,50,75,2.0,75,2.0
364,QQQ_TQQQ_VIX,85751.96,7.575,0.148,-0.095,2.33,1.06,1.55,343,0.0,0.283,446.21,-56857.84,0.015,12,26,9,14,0.6,50,75,2.0,75,2.5
365,QQQ_TQQQ_VIX,174991.22,16.499,0.202,-0.102,2.87,1.31,1.97,343,0.0,0.283,759.69,-100563.19,0.02,12,26,9,14,0.6,50,75,2.0,75,2.5
366,QQQ_TQQQ_VIX,354107.39,34.411,0.257,-0.109,3.28,1.48,2.37,343,0.0,0.283,1320.65,-175728.88,0.025,12,26,9,14,0.6,50,75,2.0,75,2.5
367,QQQ_TQQQ_VIX,85751.96,7.575,0.148,-0.095,2.33,1.06,1.55,343,0.0,0.283,446.21,-56857.84,0.015,12,26,9,14,0.6,50,75,2.0,75,1.0
368,QQQ_TQQQ_VIX,174991.22,16.499,0.202,-0.102,2.87,1.31,1.97,343,0.0,0.283,759.69,-100563.19,0.02,12,26,9,14,0.6,50,75,2.0,75,1.0
369,QQQ_TQQQ_VIX,354107.39,34.411,0.257,-0.109,3.28,1.48,2.37,343,0.0,0.283,1320.65,-175728.88,0.025,12,26,9,14,0.6,50,75,2.0,75,1.0
370,QQQ_TQQQ_VIX,85751.96,7.575,0.148,-0.095,2.33,1.06,1.55,343,0.0,0.283,446.21,-56857.84,0.015,12,26,9,14,0.6,50,75,2.0,100,2.0
371,QQQ_TQQQ_VIX,174991.22,16.499,0.202,-0.102,2.87,1.31,1.97,343,0.0,0.283,759.69,-100563.19,0.02,12,26,9,14,0.6,50,75,2.0,100,2.0
372,QQQ_TQQQ_VIX,354107.39,34.411,0.257,-0.109,3.28,1.48,2.37,343,0.0,0.283,1320.65,-175728.88,0.025,12,26,9,14,0.6,50,75,2.0,100,2.0
373,QQQ_TQQQ_VIX,85751.96,7.575,0.148,-0.095,2.33,1.06,1.55,343,0.0,0.283,446.21,-56857.84,0.015,12,26,9,14,0.6,50,75,2.0,100,2.5
374,QQQ_TQQQ_VIX,174991.22,16.499,0.202,-0.102,2.87,1.31,1.97,343,0.0,0.283,759.69,-100563.19,0.02,12,26,9,14,0.6,50,75,2.0,100,2.5
375,QQQ_TQQQ_VIX,354107.39,34.411,0.257,-0.109,3.28,1.48,2.37,343,0.0,0.283,1320.65,-175728.88,0.025,12,26,9,14,0.6,50,75,2.0,100,2.5
376,QQQ_TQQQ_VIX,85751.96,7.575,0.148,-0.095,2.33,1.06,1.55,343,0.0,0.283,446.21,-56857.84,0.015,12,26,9,14,0.6,50,75,2.0,100,1.0
377,QQQ_TQQQ_VIX,174991.22,16.499,0.202,-0.102,2.87,1.31,1.97,343,0.0,0.283,759.69,-100563.19,0.02,12,26,9,14,0.6,50,75,2.0,100,1.0
378,QQQ_TQQQ_VIX,354107.39,34.411,0.257,-0.109,3.28,1.48,2.37,343,0.0,0.283,1320.65,-175728.88,0.025,12,26,9,14,0.6,50,75,2.0,100,1.0
379,QQQ_TQQQ_VIX,792576.77,78.258,0.324,-0.116,3.51,1.51,2.79,340,0.0,0.282,2537.77,-334909.49,0.015,12,26,9,14,0.6,50,75,1.0,50,2.0
380,QQQ_TQQQ_VIX,2834027.89,282.403,0.437,-0.127,4.07,1.76,3.44,338,0.0,0.281,7250.88,-1011037.04,0.02,12,26,9,14,0.6,50,75,1.0,50,2.0
381,QQQ_TQQQ_VIX,5450486.18,544.049,0.499,-0.138,4.07,1.69,3.61,332,0.0,0.289,11777.88,-1891350.23,0.025,12,26,9,14,0.6,50,75,1.0,50,2.0
382,QQQ_TQQQ_VIX,792576.77,78.258,0.324,-0.116,3.51,1.51,2.79,340,0.0,0.282,2537.77,-334909.49,0.015,12,26,9,14,0.6,50,75,1.0,50,2.5
383,QQQ_TQQQ_VIX,2834027.89,282.403,0.437,-0.127,4.07,1.76,3.44,338,0.0,0.281,7250.88,-1011037.04,0.02,12,26,9,14,0.6,50,75,1.0,50,2.5
384,QQQ_TQQQ_VIX,5450486.18,544.049,0.499,-0.138,4.07,1.69,3.61,332,0.0,0.289,11777.88,-1891350.23,0.025,12,26,9,14,0.6,50,75,1.0,50,2.5
385,QQQ_TQQQ_VIX,792576.77,78.258,0.324,-0.116,3.51,1.51,2.79,340,0.0,0.282,2537.77,-334909.49,0.015,12,26,9,14,0.6,50,75,1.0,50,1.0
386,QQQ_TQQQ_VIX,2834027.89,282.403,0.437,-0.127,4.07,1.76,3.44,338,0.0,0.281,7250.88,-1011037.04,0.02,12,26,9,14,0.6,50,75,1.0,50,1.0
387,QQQ_TQQQ_VIX,5450486.18,544.049,0.499,-0.138,4.07,1.69,3.61,332,0.0,0.289,11777.88,-1891350.23,0.025,12,26,9,14,0.6,50,75,1.0,50,1.0
388,QQQ_TQQQ_VIX,792576.77,78.258,0.324,-0.116,3.51,1.51,2.79,340,0.0,0.282,2537.77,-334909.49,0.015,12,26,9,14,0.6,50,75,1.0,75,2.0
389,QQQ_TQQQ_VIX,2834027.89,282.403,0.437,-0.127,4.07,1.76,3.44,338,0.0,0.281,7250.88,-1011037.04,0.02,12,26,9,14,0.6,50,75,1.0,75,2.0
390,QQQ_TQQQ_VIX,5450486.18,544.049,0.499,-0.138,4.07,1.69,3.61,332,0.0,0.289,11777.88,-1891350.23,0.025,12,26,9,14,0.6,50,75,1.0,75,2.0
391,QQQ_TQQQ_VIX,792576.77,78.258,0.324,-0.116,3.51,1.51,2.79,340,0.0,0.282,2537.77,-334909.49,0.015,12,26,9,14,0.6,50,75,1.0,75,2.5
392,QQQ_TQQQ_VIX,2834027.89,282.403,0.437,-0.127,4.07,1.76,3.44,338,0.0,0.281,7250.88,-1011037.04,0.02,12,26,9,14,0.6,50,75,1.0,75,2.5
393,QQQ_TQQQ_VIX,5450486.18,544.049,0.499,-0.138,4.07,1.69,3.61,332,0.0,0.289,11777.88,-1891350.23,0.025,12,26,9,14,0.6,50,75,1.0,75,2.5
394,QQQ_TQQQ_VIX,792576.77,78.258,0.324,-0.116,3.51,1.51,2.79,340,0.0,0.282,2537.77,-334909.49,0.015,12,26,9,14,0.6,50,75,1.0,75,1.0
395,QQQ_TQQQ_VIX,2834027.89,282.403,0.437,-0.127,4.07,1.76,3.44,338,0.0,0.281,7250.88,-1011037.04,0.02,12,26,9,14,0.6,50,75,1.0,75,1.0
396,QQQ_TQQQ_VIX,5450486.18,544.049,0.499,-0.138,4.07,1.69,3.61,332,0.0,0.289,11777.88,-1891350.23,0.025,12,26,9,14,0.6,50,75,1.0,75,1.0
397,QQQ_TQQQ_VIX,792576.77,78.258,0.324,-0.116,3.51,1.51,2.79,340,0.0,0.282,2537.77,-334909.49,0.015,12,26,9,14,0.6,50,75,1.0,100,2.0
398,QQQ_TQQQ_VIX,2834027.89,282.403,0.437,-0.127,4.07,1.76,3.44,338,0.0,0.281,7250.88,-1011037.04,0.02,12,26,9,14,0.6,50,75,1.0,100,2.0
399,QQQ_TQQQ_VIX,5450486.18,544.049,0.499,-0.138,4.07,1.69,3.61,332,0.0,0.289,11777.88,-1891350.23,0.025,12,26,9,14,0.6,50,75,1.0,100,2.0
400,QQQ_TQQQ_VIX,792576.77,78.258,0.324,-0.116,3.51,1.51,2.79,340,0.0,0.282,2537.77,-334909.49,0.015,12,26,9,14,0.6,50,75,1.0,100,2.5
401,QQQ_TQQQ_VIX,2834027.89,282.403,0.437,-0.127,4.07,1.76,3.44,338,0.0,0.281,7250.88,-1011037.04,0.02,12,26,9,14,0.6,50,75,1.0,100,2.5
402,QQQ_TQQQ_VIX,5450486.18,544.049,0.499,-0.138,4.07,1.69,3.61,332,0.0,0.289,11777.88,-1891350.23,0.025,12,26,9,14,0.6,50,75,1.0,100,2.5
403,QQQ_TQQQ_VIX,792576.77,78.258,0.324,-0.116,3.51,1.51,2.79,340,0.0,0.282,2537.77,-334909.49,0.015,12,26,9,14,0.6,50,75,1.0,100,1.0
404,QQQ_TQQQ_VIX,2834027.89,282.403,0.437,-0.127,4.07,1.76,3.44,338,0.0,0.281,7250.88,-1011037.04,0.02,12,26,9,14,0.6,50,75,1.0,100,1.0
405,QQQ_TQQQ_VIX,5450486.18,544.049,0.499,-0.138,4.07,1.69,3.61,332,0.0,0.289,11777.88,-1891350.23,0.025,12,26,9,14,0.6,50,75,1.0,100,1.0
406,QQQ_TQQQ_VIX,53748.05,4.375,0.114,-0.106,1.78,0.83,1.08,331,0.0,0.305,322.74,-42878.85,0.015,12,26,9,14,0.6,50,100,2.5,50,2.0
407,QQQ_TQQQ_VIX,94468.95,8.447,0.155,-0.107,2.3,1.06,1.44,331,0.0,0.305,483.13,-69811.28,0.02,12,26,9,14,0.6,50,100,2.5,50,2.0
408,QQQ_TQQQ_VIX,165667.21,15.567,0.198,-0.109,2.72,1.25,1.81,331,0.0,0.305,736.77,-109700.56,0.025,12,26,9,14,0.6,50,100,2.5,50,2.0
409,QQQ_TQQQ_VIX,53748.05,4.375,0.114,-0.106,1.78,0.83,1.08,331,0.0,0.305,322.74,-42878.85,0.015,12,26,9,14,0.6,50,100,2.5,50,2.5
410,QQQ_TQQQ_VIX,94468.95,8.447,0.155,-0.107,2.3,1.06,1.44,331,0.0,0.305,483.13,-69811.28,0.02,12,26,9,14,0.6,50,100,2.5,50,2.5
411,QQQ_TQQQ_VIX,165667.21,15.567,0.198,-0.109,2.72,1.25,1.81,331,0.0,0.305,736.77,-109700.56,0.025,12,26,9,14,0.6,50,100,2.5,50,2.5
412,QQQ_TQQQ_VIX,53748.05,4.375,0.114,-0.106,1.78,0.83,1.08,331,0.0,0.305,322.74,-42878.85,0.015,12,26,9,14,0.6,50,100,2.5,50,1.0
413,QQQ_TQQQ_VIX,94468.95,8.447,0.155,-0.107,2.3,1.06,1.44,331,0.0,0.305,483.13,-69811.28,0.02,12,26,9,14,0.6,50,100,2.5,50,1.0
414,QQQ_TQQQ_VIX,165667.21,15.567,0.198,-0.109,2.72,1.25,1.81,331,0.0,0.305,736.77,-109700.56,0.025,12,26,9,14,0.6,50,100,2.5,50,1.0
415,QQQ_TQQQ_VIX,53748.05,4.375,0.114,-0.106,1.78,0.83,1.08,331,0.0,0.305,322.74,-42878.85,0.015,12,26,9,14,0.6,50,100,2.5,75,2.0
416,QQQ_TQQQ_VIX,94468.95,8.447,0.155,-0.107,2.3,1.06,1.44,331,0.0,0.305,483.13,-69811.28,0.02,12,26,9,14,0.6,50,100,2.5,75,2.0
417,QQQ_TQQQ_VIX,165667.21,15.567,0.198,-0.109,2.72,1.25,1.81,331,0.0,0.305,736.77,-109700.56,0.025,12,26,9,14,0.6,50,100,2.5,75,2.0
418,QQQ_TQQQ_VIX,53748.05,4.375,0.114,-0.106,1.78,0.83,1.08,331,0.0,0.305,322.74,-42878.85,0.015,12,26,9,14,0.6,50,100,2.5,75,2.5
419,QQQ_TQQQ_VIX,94468.95,8.447,0.155,-0.107,2.3,1.06,1.44,331,0.0,0.305,483.13,-69811.28,0.02,12,26,9,14,0.6,50,100,2.5,75,2.5
420,QQQ_TQQQ_VIX,165667.21,15.567,0.198,-0.109,2.72,1.25,1.81,331,0.0,0.305,736.77,-109700.56,0.025,12,26,9,14,0.6,50,100,2.5,75,2.5
421,QQQ_TQQQ_VIX,53748.05,4.375,0.114,-0.106,1.78,0.83,1.08,331,0.0,0.305,322.74,-42878.85,0.015,12,26,9,14,0.6,50,100,2.5,75,1.0
422,QQQ_TQQQ_VIX,94468.95,8.447,0.155,-0.107,2.3,1.06,1.44,331,0.0,0.305,483.13,-69811.28,0.02,12,26,9,14,0.6,50,100,2.5,75,1.0
423,QQQ_TQQQ_VIX,165667.21,15.567,0.198,-0.109,2.72,1.25,1.81,331,0.0,0.305,736.77,-109700.56,0.025,12,26,9,14,0.6,50,100,2.5,75,1.0
424,QQQ_TQQQ_VIX,53748.05,4.375,0.114,-0.106,1.78,0.83,1.08,331,0.0,0.305,322.74,-42878.85,0.015,12,26,9,14,0.6,50,100,2.5,100,2.0
425,QQQ_TQQQ_VIX,94468.95,8.447,0.155,-0.107,2.3,1.06,1.44,331,0.0,0.305,483.13,-69811.28,0.02,12,26,9,14,0.6,50,100,2.5,100,2.0
426,QQQ_TQQQ_VIX,165667.21,15.567,0.198,-0.109,2.72,1.25,1.81,331,0.0,0.305,736.77,-109700.56,0.025,12,26,9,14,0.6,50,100,2.5,100,2.0
427,QQQ_TQQQ_VIX,53748.05,4.375,0.114,-0.106,1.78,0.83,1.08,331,0.0,0.305,322.74,-42878.85,0.015,12,26,9,14,0.6,50,100,2.5,100,2.5
428,QQQ_TQQQ_VIX,94468.95,8.447,0.155,-0.107,2.3,1.06,1.44,331,0.0,0.305,483.13,-69811.28,0.02,12,26,9,14,0.6,50,100,2.5,100,2.5
429,QQQ_TQQQ_VIX,165667.21,15.567,0.198,-0.109,2.72,1.25,1.81,331,0.0,0.305,736.77,-109700.56,0.025,12,26,9,14,0.6,50,100,2.5,100,2.5
430,QQQ_TQQQ_VIX,53748.05,4.375,0.114,-0.106,1.78,0.83,1.08,331,0.0,0.305,322.74,-42878.85,0.015,12,26,9,14,0.6,50,100,2.5,100,1.0
431,QQQ_TQQQ_VIX,94468.95,8.447,0.155,-0.107,2.3,1.06,1.44,331,0.0,0.305,483.13,-69811.28,0.02,12,26,9,14,0.6,50,100,2.5,100,1.0
432,QQQ_TQQQ_VIX,165667.21,15.567,0.198,-0.109,2.72,1.25,1.81,331,0.0,0.305,736.77,-109700.56,0.025,12,26,9,14,0.6,50,100,2.5,100,1.0
433,QQQ_TQQQ_VIX,81968.77,7.197,0.145,-0.107,2.18,1.01,1.35,331,0.0,0.305,435.29,-62057.49,0.015,12,26,9,14,0.6,50,100,2.0,50,2.0
434,QQQ_TQQQ_VIX,165667.21,15.567,0.198,-0.109,2.72,1.25,1.81,331,0.0,0.305,736.77,-109700.56,0.02,12,26,9,14,0.6,50,100,2.0,50,2.0
435,QQQ_TQQQ_VIX,331943.83,32.194,0.252,-0.111,3.13,1.43,2.28,331,0.0,0.305,1269.95,-190492.82,0.025,12,26,9,14,0.6,50,100,2.0,50,2.0
436,QQQ_TQQQ_VIX,81968.77,7.197,0.145,-0.107,2.18,1.01,1.35,331,0.0,0.305,435.29,-62057.49,0.015,12,26,9,14,0.6,50,100,2.0,50,2.5
437,QQQ_TQQQ_VIX,165667.21,15.567,0.198,-0.109,2.72,1.25,1.81,331,0.0,0.305,736.77,-109700.56,0.02,12,26,9,14,0.6,50,100,2.0,50,2.5
438,QQQ_TQQQ_VIX,331943.83,32.194,0.252,-0.111,3.13,1.43,2.28,331,0.0,0.305,1269.95,-190492.82,0.025,12,26,9,14,0.6,50,100,2.0,50,2.5
439,QQQ_TQQQ_VIX,81968.77,7.197,0.145,-0.107,2.18,1.01,1.35,331,0.0,0.305,435.29,-62057.49,0.015,12,26,9,14,0.6,50,100,2.0,50,1.0
440,QQQ_TQQQ_VIX,165667.21,15.567,0.198,-0.109,2.72,1.25,1.81,331,0.0,0.305,736.77,-109700.56,0.02,12,26,9,14,0.6,50,100,2.0,50,1.0
441,QQQ_TQQQ_VIX,331943.83,32.194,0.252,-0.111,3.13,1.43,2.28,331,0.0,0.305,1269.95,-190492.82,0.025,12,26,9,14,0.6,50,100,2.0,50,1.0
442,QQQ_TQQQ_VIX,81968.77,7.197,0.145,-0.107,2.18,1.01,1.35,331,0.0,0.305,435.29,-62057.49,0.015,12,26,9,14,0.6,50,100,2.0,75,2.0
443,QQQ_TQQQ_VIX,165667.21,15.567,0.198,-0.109,2.72,1.25,1.81,331,0.0,0.305,736.77,-109700.56,0.02,12,26,9,14,0.6,50,100,2.0,75,2.0
444,QQQ_TQQQ_VIX,331943.83,32.194,0.252,-0.111,3.13,1.43,2.28,331,0.0,0.305,1269.95,-190492.82,0.025,12,26,9,14,0.6,50,100,2.0,75,2.0
445,QQQ_TQQQ_VIX,81968.77,7.197,0.145,-0.107,2.18,1.01,1.35,331,0.0,0.305,435.29,-62057.49,0.015,12,26,9,14,0.6,50,100,2.0,75,2.5
446,QQQ_TQQQ_VIX,165667.21,15.567,0.198,-0.109,2.72,1.25,1.81,331,0.0,0.305,736.77,-109700.56,0.02,12,26,9,14,0.6,50,100,2.0,75,2.5
447,QQQ_TQQQ_VIX,331943.83,32.194,0.252,-0.111,3.13,1.43,2.28,331,0.0,0.305,1269.95,-190492.82,0.025,12,26,9,14,0.6,50,100,2.0,75,2.5
448,QQQ_TQQQ_VIX,81968.77,7.197,0.145,-0.107,2.18,1.01,1.35,331,0.0,0.305,435.29,-62057.49,0.015,12,26,9,14,0.6,50,100,2.0,75,1.0
449,QQQ_TQQQ_VIX,165667.21,15.567,0.198,-0.109,2.72,1.25,1.81,331,0.0,0.305,736.77,-109700.56,0.02,12,26,9,14,0.6,50,100,2.0,75,1.0
450,QQQ_TQQQ_VIX,331943.83,32.194,0.252,-0.111,3.13,1.43,2.28,331,0.0,0.305,1269.95,-190492.82,0.025,12,26,9,14,0.6,50,100,2.0,75,1.0
451,QQQ_TQQQ_VIX,81968.77,7.197,0.145,-0.107,2.18,1.01,1.35,331,0.0,0.305,435.29,-62057.49,0.015,12,26,9,14,0.6,50,100,2.0,100,2.0
452,QQQ_TQQQ_VIX,165667.21,15.567,0.198,-0.109,2.72,1.25,1.81,331,0.0,0.305,736.77,-109700.56,0.02,12,26,9,14,0.6,50,100,2.0,100,2.0
453,QQQ_TQQQ_VIX,331943.83,32.194,0.252,-0.111,3.13,1.43,2.28,331,0.0,0.305,1269.95,-190492.82,0.025,12,26,9,14,0.6,50,100,2.0,100,2.0
454,QQQ_TQQQ_VIX,81968.77,7.197,0.145,-0.107,2.18,1.01,1.35,331,0.0,0.305,435.29,-62057.49,0.015,12,26,9,14,0.6,50,100,2.0,100,2.5
455,QQQ_TQQQ_VIX,165667.21,15.567,0.198,-0.109,2.72,1.25,1.81,331,0.0,0.305,736.77,-109700.56,0.02,12,26,9,14,0.6,50,100,2.0,100,2.5
456,QQQ_TQQQ_VIX,331943.83,32.194,0.252,-0.111,3.13,1.43,2.28,331,0.0,0.305,1269.95,-190492.82,0.025,12,26,9,14,0.6,50,100,2.0,100,2.5
457,QQQ_TQQQ_VIX,81968.77,7.197,0.145,-0.107,2.18,1.01,1.35,331,0.0,0.305,435.29,-62057.49,0.015,12,26,9,14,0.6,50,100,2.0,100,1.0
458,QQQ_TQQQ_VIX,165667.21,15.567,0.198,-0.109,2.72,1.25,1.81,331,0.0,0.305,736.77,-109700.56,0.02,12,26,9,14,0.6,50,100,2.0,100,1.0
459,QQQ_TQQQ_VIX,331943.83,32.194,0.252,-0.111,3.13,1.43,2.28,331,0.0,0.305,1269.95,-190492.82,0.025,12,26,9,14,0.6,50,100,2.0,100,1.0
460,QQQ_TQQQ_VIX,745064.70,73.506,0.319,-0.112,3.39,1.48,2.84,327,0.0,0.306,2442.79,-364369.97,0.015,12,26,9,14,0.6,50,100,1.0,50,2.0
461,QQQ_TQQQ_VIX,2615384.61,260.538,0.43,-0.117,3.94,1.73,3.69,325,0.0,0.305,6838.83,-1073676.43,0.02,12,26,9,14,0.6,50,100,1.0,50,2.0
462,QQQ_TQQQ_VIX,4975500.22,496.550,0.49,-0.132,3.96,1.67,3.71,320,0.0,0.312,10931.82,-1969091.88,0.025,12,26,9,14,0.6,50,100,1.0,50,2.0
463,QQQ_TQQQ_VIX,745064.70,73.506,0.319,-0.112,3.39,1.48,2.84,327,0.0,0.306,2442.79,-364369.97,0.015,12,26,9,14,0.6,50,100,1.0,50,2.5
464,QQQ_TQQQ_VIX,2615384.61,260.538,0.43,-0.117,3.94,1.73,3.69,325,0.0,0.305,6838.83,-1073676.43,0.02,12,26,9,14,0.6,50,100,1.0,50,2.5
465,QQQ_TQQQ_VIX,4975500.22,496.550,0.49,-0.132,3.96,1.67,3.71,320,0.0,0.312,10931.82,-1969091.88,0.025,12,26,9,14,0.6,50,100,1.0,50,2.5
466,QQQ_TQQQ_VIX,745064.70,73.506,0.319,-0.112,3.39,1.48,2.84,327,0.0,0.306,2442.79,-364369.97,0.015,12,26,9,14,0.6,50,100,1.0,50,1.0
467,QQQ_TQQQ_VIX,2615384.61,260.538,0.43,-0.117,3.94,1.73,3.69,325,0.0,0.305,6838.83,-1073676.43,0.02,12,26,9,14,0.6,50,100,1.0,50,1.0
468,QQQ_TQQQ_VIX,4975500.22,496.550,0.49,-0.132,3.96,1.67,3.71,320,0.0,0.312,10931.82,-1969091.88,0.025,12,26,9,14,0.6,50,100,1.0,50,1.0
469,QQQ_TQQQ_VIX,745064.70,73.506,0.319,-0.112,3.39,1.48,2.84,327,0.0,0.306,2442.79,-364369.97,0.015,12,26,9,14,0.6,50,100,1.0,75,2.0
470,QQQ_TQQQ_VIX,2615384.61,260.538,0.43,-0.117,3.94,1.73,3.69,325,0.0,0.305,6838.83,-1073676.43,0.02,12,26,9,14,0.6,50,100,1.0,75,2.0
471,QQQ_TQQQ_VIX,4975500.22,496.550,0.49,-0.132,3.96,1.67,3.71,320,0.0,0.312,10931.82,-1969091.88,0.025,12,26,9,14,0.6,50,100,1.0,75,2.0
472,QQQ_TQQQ_VIX,745064.70,73.506,0.319,-0.112,3.39,1.48,2.84,327,0.0,0.306,2442.79,-364369.97,0.015,12,26,9,14,0.6,50,100,1.0,75,2.5
473,QQQ_TQQQ_VIX,2615384.61,260.538,0.43,-0.117,3.94,1.73,3.69,325,0.0,0.305,6838.83,-1073676.43,0.02,12,26,9,14,0.6,50,100,1.0,75,2.5
474,QQQ_TQQQ_VIX,4975500.22,496.550,0.49,-0.132,3.96,1.67,3.71,320,0.0,0.312,10931.82,-1969091.88,0.025,12,26,9,14,0.6,50,100,1.0,75,2.5
475,QQQ_TQQQ_VIX,745064.70,73.506,0.319,-0.112,3.39,1.48,2.84,327,0.0,0.306,2442.79,-364369.97,0.015,12,26,9,14,0.6,50,100,1.0,75,1.0
476,QQQ_TQQQ_VIX,2615384.61,260.538,0.43,-0.117,3.94,1.73,3.69,325,0.0,0.305,6838.83,-1073676.43,0.02,12,26,9,14,0.6,50,100,1.0,75,1.0
477,QQQ_TQQQ_VIX,4975500.22,496.550,0.49,-0.132,3.96,1.67,3.71,320,0.0,0.312,10931.82,-1969091.88,0.025,12,26,9,14,0.6,50,100,1.0,75,1.0
478,QQQ_TQQQ_VIX,745064.70,73.506,0.319,-0.112,3.39,1.48,2.84,327,0.0,0.306,2442.79,-364369.97,0.015,12,26,9,14,0.6,50,100,1.0,100,2.0
479,QQQ_TQQQ_VIX,2615384.61,260.538,0.43,-0.117,3.94,1.73,3.69,325,0.0,0.305,6838.83,-1073676.43,0.02,12,26,9,14,0.6,50,100,1.0,100,2.0
480,QQQ_TQQQ_VIX,4975500.22,496.550,0.49,-0.132,3.96,1.67,3.71,320,0.0,0.312,10931.82,-1969091.88,0.025,12,26,9,14,0.6,50,100,1.0,100,2.0
481,QQQ_TQQQ_VIX,745064.70,73.506,0.319,-0.112,3.39,1.48,2.84,327,0.0,0.306,2442.79,-364369.97,0.015,12,26,9,14,0.6,50,100,1.0,100,2.5
482,QQQ_TQQQ_VIX,2615384.61,260.538,0.43,-0.117,3.94,1.73,3.69,325,0.0,0.305,6838.83,-1073676.43,0.02,12,26,9,14,0.6,50,100,1.0,100,2.5
483,QQQ_TQQQ_VIX,4975500.22,496.550,0.49,-0.132,3.96,1.67,3.71,320,0.0,0.312,10931.82,-1969091.88,0.025,12,26,9,14,0.6,50,100,1.0,100,2.5
484,QQQ_TQQQ_VIX,745064.70,73.506,0.319,-0.112,3.39,1.48,2.84,327,0.0,0.306,2442.79,-364369.97,0.015,12,26,9,14,0.6,50,100,1.0,100,1.0
485,QQQ_TQQQ_VIX,2615384.61,260.538,0.43,-0.117,3.94,1.73,3.69,325,0.0,0.305,6838.83,-1073676.43,0.02,12,26,9,14,0.6,50,100,1.0,100,1.0
486,QQQ_TQQQ_VIX,4975500.22,496.550,0.49,-0.132,3.96,1.67,3.71,320,0.0,0.312,10931.82,-1969091.88,0.025,12,26,9,14,0.6,50,100,1.0,100,1.0
487,QQQ_TQQQ_VIX,73544.79,6.354,0.137,-0.078,2.71,1.26,1.74,429,0.0,0.24,324.99,-39159.6,0.015,12,26,9,14,0.6,100,25,2.5,50,2.0
488,QQQ_TQQQ_VIX,144141.53,13.414,0.187,-0.08,3.3,1.54,2.34,429,0.0,0.24,526.61,-67429.05,0.02,12,26,9,14,0.6,100,25,2.5,50,2.0
489,QQQ_TQQQ_VIX,279947.71,26.995,0.239,-0.081,3.71,1.74,2.94,429,0.0,0.24,868.65,-113335.03,0.025,12,26,9,14,0.6,100,25,2.5,50,2.0
490,QQQ_TQQQ_VIX,73544.79,6.354,0.137,-0.078,2.71,1.26,1.74,429,0.0,0.24,324.99,-39159.6,0.015,12,26,9,14,0.6,100,25,2.5,50,2.5
491,QQQ_TQQQ_VIX,144141.53,13.414,0.187,-0.08,3.3,1.54,2.34,429,0.0,0.24,526.61,-67429.05,0.02,12,26,9,14,0.6,100,25,2.5,50,2.5
492,QQQ_TQQQ_VIX,279947.71,26.995,0.239,-0.081,3.71,1.74,2.94,429,0.0,0.24,868.65,-113335.03,0.025,12,26,9,14,0.6,100,25,2.5,50,2.5
493,QQQ_TQQQ_VIX,73544.79,6.354,0.137,-0.078,2.71,1.26,1.74,429,0.0,0.24,324.99,-39159.6,0.015,12,26,9,14,0.6,100,25,2.5,50,1.0
494,QQQ_TQQQ_VIX,144141.53,13.414,0.187,-0.08,3.3,1.54,2.34,429,0.0,0.24,526.61,-67429.05,0.02,12,26,9,14,0.6,100,25,2.5,50,1.0
495,QQQ_TQQQ_VIX,279947.71,26.995,0.239,-0.081,3.71,1.74,2.94,429,0.0,0.24,868.65,-113335.03,0.025,12,26,9,14,0.6,100,25,2.5,50,1.0
496,QQQ_TQQQ_VIX,73544.79,6.354,0.137,-0.078,2.71,1.26,1.74,429,0.0,0.24,324.99,-39159.6,0.015,12,26,9,14,0.6,100,25,2.5,75,2.0
497,QQQ_TQQQ_VIX,144141.53,13.414,0.187,-0.08,3.3,1.54,2.34,429,0.0,0.24,526.61,-67429.05,0.02,12,26,9,14,0.6,100,25,2.5,75,2.0
498,QQQ_TQQQ_VIX,279947.71,26.995,0.239,-0.081,3.71,1.74,2.94,429,0.0,0.24,868.65,-113335.03,0.025,12,26,9,14,0.6,100,25,2.5,75,2.0
499,QQQ_TQQQ_VIX,73544.79,6.354,0.137,-0.078,2.71,1.26,1.74,429,0.0,0.24,324.99,-39159.6,0.015,12,26,9,14,0.6,100,25,2.5,75,2.5
500,QQQ_TQQQ_VIX,144141.53,13.414,0.187,-0.08,3.3,1.54,2.34,429,0.0,0.24,526.61,-67429.05,0.02,12,26,9,14,0.6,100,25,2.5,75,2.5
501,QQQ_TQQQ_VIX,279947.71,26.995,0.239,-0.081,3.71,1.74,2.94,429,0.0,0.24,868.65,-113335.03,0.025,12,26,9,14,0.6,100,25,2.5,75,2.5
502,QQQ_TQQQ_VIX,73544.79,6.354,0.137,-0.078,2.71,1.26,1.74,429,0.0,0.24,324.99,-39159.6,0.015,12,26,9,14,0.6,100,25,2.5,75,1.0
503,QQQ_TQQQ_VIX,144141.53,13.414,0.187,-0.08,3.3,1.54,2.34,429,0.0,0.24,526.61,-67429.05,0.02,12,26,9,14,0.6,100,25,2.5,75,1.0
504,QQQ_TQQQ_VIX,279947.71,26.995,0.239,-0.081,3.71,1.74,2.94,429,0.0,0.24,868.65,-113335.03,0.025,12,26,9,14,0.6,100,25,2.5,75,1.0
505,QQQ_TQQQ_VIX,73544.79,6.354,0.137,-0.078,2.71,1.26,1.74,429,0.0,0.24,324.99,-39159.6,0.015,12,26,9,14,0.6,100,25,2.5,100,2.0
506,QQQ_TQQQ_VIX,144141.53,13.414,0.187,-0.08,3.3,1.54,2.34,429,0.0,0.24,526.61,-67429.05,0.02,12,26,9,14,0.6,100,25,2.5,100,2.0
507,QQQ_TQQQ_VIX,279947.71,26.995,0.239,-0.081,3.71,1.74,2.94,429,0.0,0.24,868.65,-113335.03,0.025,12,26,9,14,0.6,100,25,2.5,100,2.0
508,QQQ_TQQQ_VIX,73544.79,6.354,0.137,-0.078,2.71,1.26,1.74,429,0.0,0.24,324.99,-39159.6,0.015,12,26,9,14,0.6,100,25,2.5,100,2.5
509,QQQ_TQQQ_VIX,144141.53,13.414,0.187,-0.08,3.3,1.54,2.34,429,0.0,0.24,526.61,-67429.05,0.02,12,26,9,14,0.6,100,25,2.5,100,2.5
510,QQQ_TQQQ_VIX,279947.71,26.995,0.239,-0.081,3.71,1.74,2.94,429,0.0,0.24,868.65,-113335.03,0.025,12,26,9,14,0.6,100,25,2.5,100,2.5
511,QQQ_TQQQ_VIX,73544.79,6.354,0.137,-0.078,2.71,1.26,1.74,429,0.0,0.24,324.99,-39159.6,0.015,12,26,9,14,0.6,100,25,2.5,100,1.0
512,QQQ_TQQQ_VIX,144141.53,13.414,0.187,-0.08,3.3,1.54,2.34,429,0.0,0.24,526.61,-67429.05,0.02,12,26,9,14,0.6,100,25,2.5,100,1.0
513,QQQ_TQQQ_VIX,279947.71,26.995,0.239,-0.081,3.71,1.74,2.94,429,0.0,0.24,868.65,-113335.03,0.025,12,26,9,14,0.6,100,25,2.5,100,1.0
514,QQQ_TQQQ_VIX,122317.31,11.232,0.174,-0.08,3.17,1.48,2.19,428,0.0,0.241,466.44,-59311.11,0.015,12,26,9,14,0.6,100,25,2.0,50,2.0
515,QQQ_TQQQ_VIX,281302.15,27.130,0.239,-0.081,3.72,1.74,2.94,428,0.0,0.241,871.18,-113851.78,0.02,12,26,9,14,0.6,100,25,2.0,50,2.0
516,QQQ_TQQQ_VIX,641181.56,63.118,0.306,-0.083,4.11,1.91,3.7,428,0.0,0.241,1667.66,-219087.43,0.025,12,26,9,14,0.6,100,25,2.0,50,2.0
517,QQQ_TQQQ_VIX,122317.31,11.232,0.174,-0.08,3.17,1.48,2.19,428,0.0,0.241,466.44,-59311.11,0.015,12,26,9,14,0.6,100,25,2.0,50,2.5
518,QQQ_TQQQ_VIX,281302.15,27.130,0.239,-0.081,3.72,1.74,2.94,428,0.0,0.241,871.18,-113851.78,0.02,12,26,9,14,0.6,100,25,2.0,50,2.5
519,QQQ_TQQQ_VIX,641181.56,63.118,0.306,-0.083,4.11,1.91,3.7,428,0.0,0.241,1667.66,-219087.43,0.025,12,26,9,14,0.6,100,25,2.0,50,2.5
520,QQQ_TQQQ_VIX,122317.31,11.232,0.174,-0.08,3.17,1.48,2.19,428,0.0,0.241,466.44,-59311.11,0.015,12,26,9,14,0.6,100,25,2.0,50,1.0
521,QQQ_TQQQ_VIX,281302.15,27.130,0.239,-0.081,3.72,1.74,2.94,428,0.0,0.241,871.18,-113851.78,0.02,12,26,9,14,0.6,100,25,2.0,50,1.0
522,QQQ_TQQQ_VIX,641181.56,63.118,0.306,-0.083,4.11,1.91,3.7,428,0.0,0.241,1667.66,-219087.43,0.025,12,26,9,14,0.6,100,25,2.0,50,1.0
523,QQQ_TQQQ_VIX,122317.31,11.232,0.174,-0.08,3.17,1.48,2.19,428,0.0,0.241,466.44,-59311.11,0.015,12,26,9,14,0.6,100,25,2.0,75,2.0
524,QQQ_TQQQ_VIX,281302.15,27.130,0.239,-0.081,3.72,1.74,2.94,428,0.0,0.241,871.18,-113851.78,0.02,12,26,9,14,0.6,100,25,2.0,75,2.0
525,QQQ_TQQQ_VIX,641181.56,63.118,0.306,-0.083,4.11,1.91,3.7,428,0.0,0.241,1667.66,-219087.43,0.025,12,26,9,14,0.6,100,25,2.0,75,2.0
526,QQQ_TQQQ_VIX,122317.31,11.232,0.174,-0.08,3.17,1.48,2.19,428,0.0,0.241,466.44,-59311.11,0.015,12,26,9,14,0.6,100,25,2.0,75,2.5
527,QQQ_TQQQ_VIX,281302.15,27.130,0.239,-0.081,3.72,1.74,2.94,428,0.0,0.241,871.18,-113851.78,0.02,12,26,9,14,0.6,100,25,2.0,75,2.5
528,QQQ_TQQQ_VIX,641181.56,63.118,0.306,-0.083,4.11,1.91,3.7,428,0.0,0.241,1667.66,-219087.43,0.025,12,26,9,14,0.6,100,25,2.0,75,2.5
529,QQQ_TQQQ_VIX,122317.31,11.232,0.174,-0.08,3.17,1.48,2.19,428,0.0,0.241,466.44,-59311.11,0.015,12,26,9,14,0.6,100,25,2.0,75,1.0
530,QQQ_TQQQ_VIX,281302.15,27.130,0.239,-0.081,3.72,1.74,2.94,428,0.0,0.241,871.18,-113851.78,0.02,12,26,9,14,0.6,100,25,2.0,75,1.0
531,QQQ_TQQQ_VIX,641181.56,63.118,0.306,-0.083,4.11,1.91,3.7,428,0.0,0.241,1667.66,-219087.43,0.025,12,26,9,14,0.6,100,25,2.0,75,1.0
532,QQQ_TQQQ_VIX,122317.31,11.232,0.174,-0.08,3.17,1.48,2.19,428,0.0,0.241,466.44,-59311.11,0.015,12,26,9,14,0.6,100,25,2.0,100,2.0
533,QQQ_TQQQ_VIX,281302.15,27.130,0.239,-0.081,3.72,1.74,2.94,428,0.0,0.241,871.18,-113851.78,0.02,12,26,9,14,0.6,100,25,2.0,100,2.0
534,QQQ_TQQQ_VIX,641181.56,63.118,0.306,-0.083,4.11,1.91,3.7,428,0.0,0.241,1667.66,-219087.43,0.025,12,26,9,14,0.6,100,25,2.0,100,2.0
535,QQQ_TQQQ_VIX,122317.31,11.232,0.174,-0.08,3.17,1.48,2.19,428,0.0,0.241,466.44,-59311.11,0.015,12,26,9,14,0.6,100,25,2.0,100,2.5
536,QQQ_TQQQ_VIX,281302.15,27.130,0.239,-0.081,3.72,1.74,2.94,428,0.0,0.241,871.18,-113851.78,0.02,12,26,9,14,0.6,100,25,2.0,100,2.5
537,QQQ_TQQQ_VIX,641181.56,63.118,0.306,-0.083,4.11,1.91,3.7,428,0.0,0.241,1667.66,-219087.43,0.025,12,26,9,14,0.6,100,25,2.0,100,2.5
538,QQQ_TQQQ_VIX,122317.31,11.232,0.174,-0.08,3.17,1.48,2.19,428,0.0,0.241,466.44,-59311.11,0.015,12,26,9,14,0.6,100,25,2.0,100,1.0
539,QQQ_TQQQ_VIX,281302.15,27.130,0.239,-0.081,3.72,1.74,2.94,428,0.0,0.241,871.18,-113851.78,0.02,12,26,9,14,0.6,100,25,2.0,100,1.0
540,QQQ_TQQQ_VIX,641181.56,63.118,0.306,-0.083,4.11,1.91,3.7,428,0.0,0.241,1667.66,-219087.43,0.025,12,26,9,14,0.6,100,25,2.0,100,1.0
541,QQQ_TQQQ_VIX,1410438.03,140.044,0.374,-0.119,4.11,1.74,3.14,421,0.0,0.242,3145.67,-437045.01,0.015,12,26,9,14,0.6,100,25,1.0,50,2.0
542,QQQ_TQQQ_VIX,5574869.41,556.487,0.501,-0.114,4.61,1.92,4.4,422,0.0,0.242,9744.75,-1404037.19,0.02,12,26,9,14,0.6,100,25,1.0,50,2.0
543,QQQ_TQQQ_VIX,-1994787.24,-200.479,,-1.0,,0.25,,195,0.0,0.226,411.81,-639903.79,0.025,12,26,9,14,0.6,100,25,1.0,50,2.0
544,QQQ_TQQQ_VIX,1410438.03,140.044,0.374,-0.119,4.11,1.74,3.14,421,0.0,0.242,3145.67,-437045.01,0.015,12,26,9,14,0.6,100,25,1.0,50,2.5
545,QQQ_TQQQ_VIX,5574869.41,556.487,0.501,-0.114,4.61,1.92,4.4,422,0.0,0.242,9744.75,-1404037.19,0.02,12,26,9,14,0.6,100,25,1.0,50,2.5
546,QQQ_TQQQ_VIX,-1994787.24,-200.479,,-1.0,,0.25,,195,0.0,0.226,411.81,-639903.79,0.025,12,26,9,14,0.6,100,25,1.0,50,2.5
547,QQQ_TQQQ_VIX,1410438.03,140.044,0.374,-0.119,4.11,1.74,3.14,421,0.0,0.242,3145.67,-437045.01,0.015,12,26,9,14,0.6,100,25,1.0,50,1.0
548,QQQ_TQQQ_VIX,5574869.41,556.487,0.501,-0.114,4.61,1.92,4.4,422,0.0,0.242,9744.75,-1404037.19,0.02,12,26,9,14,0.6,100,25,1.0,50,1.0
549,QQQ_TQQQ_VIX,-1994787.24,-200.479,,-1.0,,0.25,,195,0.0,0.226,411.81,-639903.79,0.025,12,26,9,14,0.6,100,25,1.0,50,1.0
550,QQQ_TQQQ_VIX,1410438.03,140.044,0.374,-0.119,4.11,1.74,3.14,421,0.0,0.242,3145.67,-437045.01,0.015,12,26,9,14,0.6,100,25,1.0,75,2.0
551,QQQ_TQQQ_VIX,5574869.41,556.487,0.501,-0.114,4.61,1.92,4.4,422,0.0,0.242,9744.75,-1404037.19,0.02,12,26,9,14,0.6,100,25,1.0,75,2.0
552,QQQ_TQQQ_VIX,-1994787.24,-200.479,,-1.0,,0.25,,195,0.0,0.226,411.81,-639903.79,0.025,12,26,9,14,0.6,100,25,1.0,75,2.0
553,QQQ_TQQQ_VIX,1410438.03,140.044,0.374,-0.119,4.11,1.74,3.14,421,0.0,0.242,3145.67,-437045.01,0.015,12,26,9,14,0.6,100,25,1.0,75,2.5
554,QQQ_TQQQ_VIX,5574869.41,556.487,0.501,-0.114,4.61,1.92,4.4,422,0.0,0.242,9744.75,-1404037.19,0.02,12,26,9,14,0.6,100,25,1.0,75,2.5
555,QQQ_TQQQ_VIX,-1994787.24,-200.479,,-1.0,,0.25,,195,0.0,0.226,411.81,-639903.79,0.025,12,26,9,14,0.6,100,25,1.0,75,2.5
556,QQQ_TQQQ_VIX,1410438.03,140.044,0.374,-0.119,4.11,1.74,3.14,421,0.0,0.242,3145.67,-437045.01,0.015,12,26,9,14,0.6,100,25,1.0,75,1.0
557,QQQ_TQQQ_VIX,5574869.41,556.487,0.501,-0.114,4.61,1.92,4.4,422,0.0,0.242,9744.75,-1404037.19,0.02,12,26,9,14,0.6,100,25,1.0,75,1.0
558,QQQ_TQQQ_VIX,-1994787.24,-200.479,,-1.0,,0.25,,195,0.0,0.226,411.81,-639903.79,0.025,12,26,9,14,0.6,100,25,1.0,75,1.0
559,QQQ_TQQQ_VIX,1410438.03,140.044,0.374,-0.119,4.11,1.74,3.14,421,0.0,0.242,3145.67,-437045.01,0.015,12,26,9,14,0.6,100,25,1.0,100,2.0
560,QQQ_TQQQ_VIX,5574869.41,556.487,0.501,-0.114,4.61,1.92,4.4,422,0.0,0.242,9744.75,-1404037.19,0.02,12,26,9,14,0.6,100,25,1.0,100,2.0
561,QQQ_TQQQ_VIX,-1994787.24,-200.479,,-1.0,,0.25,,195,0.0,0.226,411.81,-639903.79,0.025,12,26,9,14,0.6,100,25,1.0,100,2.0
562,QQQ_TQQQ_VIX,1410438.03,140.044,0.374,-0.119,4.11,1.74,3.14,421,0.0,0.242,3145.67,-437045.01,0.015,12,26,9,14,0.6,100,25,1.0,100,2.5
563,QQQ_TQQQ_VIX,5574869.41,556.487,0.501,-0.114,4.61,1.92,4.4,422,0.0,0.242,9744.75,-1404037.19,0.02,12,26,9,14,0.6,100,25,1.0,100,2.5
564,QQQ_TQQQ_VIX,-1994787.24,-200.479,,-1.0,,0.25,,195,0.0,0.226,411.81,-639903.79,0.025,12,26,9,14,0.6,100,25,1.0,100,2.5
565,QQQ_TQQQ_VIX,1410438.03,140.044,0.374,-0.119,4.11,1.74,3.14,421,0.0,0.242,3145.67,-437045.01,0.015,12,26,9,14,0.6,100,25,1.0,100,1.0
566,QQQ_TQQQ_VIX,5574869.41,556.487,0.501,-0.114,4.61,1.92,4.4,422,0.0,0.242,9744.75,-1404037.19,0.02,12,26,9,14,0.6,100,25,1.0,100,1.0
567,QQQ_TQQQ_VIX,-1994787.24,-200.479,,-1.0,,0.25,,195,0.0,0.226,411.81,-639903.79,0.025,12,26,9,14,0.6,100,25,1.0,100,1.0
568,QQQ_TQQQ_VIX,55716.39,4.572,0.117,-0.091,1.92,0.88,1.29,343,0.0,0.283,328.97,-39280.9,0.015,12,26,9,14,0.6,100,75,2.5,50,2.0
569,QQQ_TQQQ_VIX,99059.81,8.906,0.159,-0.097,2.46,1.12,1.64,343,0.0,0.283,495.68,-63931.12,0.02,12,26,9,14,0.6,100,75,2.5,50,2.0
570,QQQ_TQQQ_VIX,174991.22,16.499,0.202,-0.102,2.87,1.31,1.97,343,0.0,0.283,759.69,-100563.19,0.025,12,26,9,14,0.6,100,75,2.5,50,2.0
571,QQQ_TQQQ_VIX,55716.39,4.572,0.117,-0.091,1.92,0.88,1.29,343,0.0,0.283,328.97,-39280.9,0.015,12,26,9,14,0.6,100,75,2.5,50,2.5
572,QQQ_TQQQ_VIX,99059.81,8.906,0.159,-0.097,2.46,1.12,1.64,343,0.0,0.283,495.68,-63931.12,0.02,12,26,9,14,0.6,100,75,2.5,50,2.5
573,QQQ_TQQQ_VIX,174991.22,16.499,0.202,-0.102,2.87,1.31,1.97,343,0.0,0.283,759.69,-100563.19,0.025,12,26,9,14,0.6,100,75,2.5,50,2.5
574,QQQ_TQQQ_VIX,55716.39,4.572,0.117,-0.091,1.92,0.88,1.29,343,0.0,0.283,328.97,-39280.9,0.015,12,26,9,14,0.6,100,75,2.5,50,1.0
575,QQQ_TQQQ_VIX,99059.81,8.906,0.159,-0.097,2.46,1.12,1.64,343,0.0,0.283,495.68,-63931.12,0.02,12,26,9,14,0.6,100,75,2.5,50,1.0
576,QQQ_TQQQ_VIX,174991.22,16.499,0.202,-0.102,2.87,1.31,1.97,343,0.0,0.283,759.69,-100563.19,0.025,12,26,9,14,0.6,100,75,2.5,50,1.0
577,QQQ_TQQQ_VIX,55716.39,4.572,0.117,-0.091,1.92,0.88,1.29,343,0.0,0.283,328.97,-39280.9,0.015,12,26,9,14,0.6,100,75,2.5,75,2.0
578,QQQ_TQQQ_VIX,99059.81,8.906,0.159,-0.097,2.46,1.12,1.64,343,0.0,0.283,495.68,-63931.12,0.02,12,26,9,14,0.6,100,75,2.5,75,2.0
579,QQQ_TQQQ_VIX,174991.22,16.499,0.202,-0.102,2.87,1.31,1.97,343,0.0,0.283,759.69,-100563.19,0.025,12,26,9,14,0.6,100,75,2.5,75,2.0
580,QQQ_TQQQ_VIX,55716.39,4.572,0.117,-0.091,1.92,0.88,1.29,343,0.0,0.283,328.97,-39280.9,0.015,12,26,9,14,0.6,100,75,2.5,75,2.5
581,QQQ_TQQQ_VIX,99059.81,8.906,0.159,-0.097,2.46,1.12,1.64,343,0.0,0.283,495.68,-63931.12,0.02,12,26,9,14,0.6,100,75,2.5,75,2.5
582,QQQ_TQQQ_VIX,174991.22,16.499,0.202,-0.102,2.87,1.31,1.97,343,0.0,0.283,759.69,-100563.19,0.025,12,26,9,14,0.6,100,75,2.5,75,2.5
583,QQQ_TQQQ_VIX,55716.39,4.572,0.117,-0.091,1.92,0.88,1.29,343,0.0,0.283,328.97,-39280.9,0.015,12,26,9,14,0.6,100,75,2.5,75,1.0
584,QQQ_TQQQ_VIX,99059.81,8.906,0.159,-0.097,2.46,1.12,1.64,343,0.0,0.283,495.68,-63931.12,0.02,12,26,9,14,0.6,100,75,2.5,75,1.0
585,QQQ_TQQQ_VIX,174991.22,16.499,0.202,-0.102,2.87,1.31,1.97,343,0.0,0.283,759.69,-100563.19,0.025,12,26,9,14,0.6,100,75,2.5,75,1.0
586,QQQ_TQQQ_VIX,55716.39,4.572,0.117,-0.091,1.92,0.88,1.29,343,0.0,0.283,328.97,-39280.9,0.015,12,26,9,14,0.6,100,75,2.5,100,2.0
587,QQQ_TQQQ_VIX,99059.81,8.906,0.159,-0.097,2.46,1.12,1.64,343,0.0,0.283,495.68,-63931.12,0.02,12,26,9,14,0.6,100,75,2.5,100,2.0
588,QQQ_TQQQ_VIX,174991.22,16.499,0.202,-0.102,2.87,1.31,1.97,343,0.0,0.283,759.69,-100563.19,0.025,12,26,9,14,0.6,100,75,2.5,100,2.0
589,QQQ_TQQQ_VIX,55716.39,4.572,0.117,-0.091,1.92,0.88,1.29,343,0.0,0.283,328.97,-39280.9,0.015,12,26,9,14,0.6,100,75,2.5,100,2.5
590,QQQ_TQQQ_VIX,99059.81,8.906,0.159,-0.097,2.46,1.12,1.64,343,0.0,0.283,495.68,-63931.12,0.02,12,26,9,14,0.6,100,75,2.5,100,2.5
591,QQQ_TQQQ_VIX,174991.22,16.499,0.202,-0.102,2.87,1.31,1.97,343,0.0,0.283,759.69,-100563.19,0.025,12,26,9,14,0.6,100,75,2.5,100,2.5
592,QQQ_TQQQ_VIX,55716.39,4.572,0.117,-0.091,1.92,0.88,1.29,343,0.0,0.283,328.97,-39280.9,0.015,12,26,9,14,0.6,100,75,2.5,100,1.0
593,QQQ_TQQQ_VIX,99059.81,8.906,0.159,-0.097,2.46,1.12,1.64,343,0.0,0.283,495.68,-63931.12,0.02,12,26,9,14,0.6,100,75,2.5,100,1.0
594,QQQ_TQQQ_VIX,174991.22,16.499,0.202,-0.102,2.87,1.31,1.97,343,0.0,0.283,759.69,-100563.19,0.025,12,26,9,14,0.6,100,75,2.5,100,1.0
595,QQQ_TQQQ_VIX,85751.96,7.575,0.148,-0.095,2.33,1.06,1.55,343,0.0,0.283,446.21,-56857.84,0.015,12,26,9,14,0.6,100,75,2.0,50,2.0
596,QQQ_TQQQ_VIX,174991.22,16.499,0.202,-0.102,2.87,1.31,1.97,343,0.0,0.283,759.69,-100563.19,0.02,12,26,9,14,0.6,100,75,2.0,50,2.0
597,QQQ_TQQQ_VIX,354107.39,34.411,0.257,-0.109,3.28,1.48,2.37,343,0.0,0.283,1320.65,-175728.88,0.025,12,26,9,14,0.6,100,75,2.0,50,2.0
598,QQQ_TQQQ_VIX,85751.96,7.575,0.148,-0.095,2.33,1.06,1.55,343,0.0,0.283,446.21,-56857.84,0.015,12,26,9,14,0.6,100,75,2.0,50,2.5
599,QQQ_TQQQ_VIX,174991.22,16.499,0.202,-0.102,2.87,1.31,1.97,343,0.0,0.283,759.69,-100563.19,0.02,12,26,9,14,0.6,100,75,2.0,50,2.5
600,QQQ_TQQQ_VIX,354107.39,34.411,0.257,-0.109,3.28,1.48,2.37,343,0.0,0.283,1320.65,-175728.88,0.025,12,26,9,14,0.6,100,75,2.0,50,2.5
601,QQQ_TQQQ_VIX,85751.96,7.575,0.148,-0.095,2.33,1.06,1.55,343,0.0,0.283,446.21,-56857.84,0.015,12,26,9,14,0.6,100,75,2.0,50,1.0
602,QQQ_TQQQ_VIX,174991.22,16.499,0.202,-0.102,2.87,1.31,1.97,343,0.0,0.283,759.69,-100563.19,0.02,12,26,9,14,0.6,100,75,2.0,50,1.0
603,QQQ_TQQQ_VIX,354107.39,34.411,0.257,-0.109,3.28,1.48,2.37,343,0.0,0.283,1320.65,-175728.88,0.025,12,26,9,14,0.6,100,75,2.0,50,1.0
604,QQQ_TQQQ_VIX,85751.96,7.575,0.148,-0.095,2.33,1.06,1.55,343,0.0,0.283,446.21,-56857.84,0.015,12,26,9,14,0.6,100,75,2.0,75,2.0
605,QQQ_TQQQ_VIX,174991.22,16.499,0.202,-0.102,2.87,1.31,1.97,343,0.0,0.283,759.69,-100563.19,0.02,12,26,9,14,0.6,100,75,2.0,75,2.0
606,QQQ_TQQQ_VIX,354107.39,34.411,0.257,-0.109,3.28,1.48,2.37,343,0.0,0.283,1320.65,-175728.88,0.025,12,26,9,14,0.6,100,75,2.0,75,2.0
607,QQQ_TQQQ_VIX,85751.96,7.575,0.148,-0.095,2.33,1.06,1.55,343,0.0,0.283,446.21,-56857.84,0.015,12,26,9,14,0.6,100,75,2.0,75,2.5
608,QQQ_TQQQ_VIX,174991.22,16.499,0.202,-0.102,2.87,1.31,1.97,343,0.0,0.283,759.69,-100563.19,0.02,12,26,9,14,0.6,100,75,2.0,75,2.5
609,QQQ_TQQQ_VIX,354107.39,34.411,0.257,-0.109,3.28,1.48,2.37,343,0.0,0.283,1320.65,-175728.88,0.025,12,26,9,14,0.6,100,75,2.0,75,2.5
610,QQQ_TQQQ_VIX,85751.96,7.575,0.148,-0.095,2.33,1.06,1.55,343,0.0,0.283,446.21,-56857.84,0.015,12,26,9,14,0.6,100,75,2.0,75,1.0
611,QQQ_TQQQ_VIX,174991.22,16.499,0.202,-0.102,2.87,1.31,1.97,343,0.0,0.283,759.69,-100563.19,0.02,12,26,9,14,0.6,100,75,2.0,75,1.0
612,QQQ_TQQQ_VIX,354107.39,34.411,0.257,-0.109,3.28,1.48,2.37,343,0.0,0.283,1320.65,-175728.88,0.025,12,26,9,14,0.6,100,75,2.0,75,1.0
613,QQQ_TQQQ_VIX,85751.96,7.575,0.148,-0.095,2.33,1.06,1.55,343,0.0,0.283,446.21,-56857.84,0.015,12,26,9,14,0.6,100,75,2.0,100,2.0
614,QQQ_TQQQ_VIX,174991.22,16.499,0.202,-0.102,2.87,1.31,1.97,343,0.0,0.283,759.69,-100563.19,0.02,12,26,9,14,0.6,100,75,2.0,100,2.0
615,QQQ_TQQQ_VIX,354107.39,34.411,0.257,-0.109,3.28,1.48,2.37,343,0.0,0.283,1320.65,-175728.88,0.025,12,26,9,14,0.6,100,75,2.0,100,2.0
616,QQQ_TQQQ_VIX,85751.96,7.575,0.148,-0.095,2.33,1.06,1.55,343,0.0,0.283,446.21,-56857.84,0.015,12,26,9,14,0.6,100,75,2.0,100,2.5
617,QQQ_TQQQ_VIX,174991.22,16.499,0.202,-0.102,2.87,1.31,1.97,343,0.0,0.283,759.69,-100563.19,0.02,12,26,9,14,0.6,100,75,2.0,100,2.5
618,QQQ_TQQQ_VIX,354107.39,34.411,0.257,-0.109,3.28,1.48,2.37,343,0.0,0.283,1320.65,-175728.88,0.025,12,26,9,14,0.6,100,75,2.0,100,2.5
619,QQQ_TQQQ_VIX,85751.96,7.575,0.148,-0.095,2.33,1.06,1.55,343,0.0,0.283,446.21,-56857.84,0.015,12,26,9,14,0.6,100,75,2.0,100,1.0
620,QQQ_TQQQ_VIX,174991.22,16.499,0.202,-0.102,2.87,1.31,1.97,343,0.0,0.283,759.69,-100563.19,0.02,12,26,9,14,0.6,100,75,2.0,100,1.0
621,QQQ_TQQQ_VIX,354107.39,34.411,0.257,-0.109,3.28,1.48,2.37,343,0.0,0.283,1320.65,-175728.88,0.025,12,26,9,14,0.6,100,75,2.0,100,1.0
622,QQQ_TQQQ_VIX,792576.77,78.258,0.324,-0.116,3.51,1.51,2.79,340,0.0,0.282,2537.77,-334909.49,0.015,12,26,9,14,0.6,100,75,1.0,50,2.0
623,QQQ_TQQQ_VIX,2834027.89,282.403,0.437,-0.127,4.07,1.76,3.44,338,0.0,0.281,7250.88,-1011037.04,0.02,12,26,9,14,0.6,100,75,1.0,50,2.0
624,QQQ_TQQQ_VIX,5450486.18,544.049,0.499,-0.138,4.07,1.69,3.61,332,0.0,0.289,11777.88,-1891350.23,0.025,12,26,9,14,0.6,100,75,1.0,50,2.0
625,QQQ_TQQQ_VIX,792576.77,78.258,0.324,-0.116,3.51,1.51,2.79,340,0.0,0.282,2537.77,-334909.49,0.015,12,26,9,14,0.6,100,75,1.0,50,2.5
626,QQQ_TQQQ_VIX,2834027.89,282.403,0.437,-0.127,4.07,1.76,3.44,338,0.0,0.281,7250.88,-1011037.04,0.02,12,26,9,14,0.6,100,75,1.0,50,2.5
627,QQQ_TQQQ_VIX,5450486.18,544.049,0.499,-0.138,4.07,1.69,3.61,332,0.0,0.289,11777.88,-1891350.23,0.025,12,26,9,14,0.6,100,75,1.0,50,2.5
628,QQQ_TQQQ_VIX,792576.77,78.258,0.324,-0.116,3.51,1.51,2.79,340,0.0,0.282,2537.77,-334909.49,0.015,12,26,9,14,0.6,100,75,1.0,50,1.0
629,QQQ_TQQQ_VIX,2834027.89,282.403,0.437,-0.127,4.07,1.76,3.44,338,0.0,0.281,7250.88,-1011037.04,0.02,12,26,9,14,0.6,100,75,1.0,50,1.0
630,QQQ_TQQQ_VIX,5450486.18,544.049,0.499,-0.138,4.07,1.69,3.61,332,0.0,0.289,11777.88,-1891350.23,0.025,12,26,9,14,0.6,100,75,1.0,50,1.0
631,QQQ_TQQQ_VIX,792576.77,78.258,0.324,-0.116,3.51,1.51,2.79,340,0.0,0.282,2537.77,-334909.49,0.015,12,26,9,14,0.6,100,75,1.0,75,2.0
632,QQQ_TQQQ_VIX,2834027.89,282.403,0.437,-0.127,4.07,1.76,3.44,338,0.0,0.281,7250.88,-1011037.04,0.02,12,26,9,14,0.6,100,75,1.0,75,2.0
633,QQQ_TQQQ_VIX,5450486.18,544.049,0.499,-0.138,4.07,1.69,3.61,332,0.0,0.289,11777.88,-1891350.23,0.025,12,26,9,14,0.6,100,75,1.0,75,2.0
634,QQQ_TQQQ_VIX,792576.77,78.258,0.324,-0.116,3.51,1.51,2.79,340,0.0,0.282,2537.77,-334909.49,0.015,12,26,9,14,0.6,100,75,1.0,75,2.5
635,QQQ_TQQQ_VIX,2834027.89,282.403,0.437,-0.127,4.07,1.76,3.44,338,0.0,0.281,7250.88,-1011037.04,0.02,12,26,9,14,0.6,100,75,1.0,75,2.5
636,QQQ_TQQQ_VIX,5450486.18,544.049,0.499,-0.138,4.07,1.69,3.61,332,0.0,0.289,11777.88,-1891350.23,0.025,12,26,9,14,0.6,100,75,1.0,75,2.5
637,QQQ_TQQQ_VIX,792576.77,78.258,0.324,-0.116,3.51,1.51,2.79,340,0.0,0.282,2537.77,-334909.49,0.015,12,26,9,14,0.6,100,75,1.0,75,1.0
638,QQQ_TQQQ_VIX,2834027.89,282.403,0.437,-0.127,4.07,1.76,3.44,338,0.0,0.281,7250.88,-1011037.04,0.02,12,26,9,14,0.6,100,75,1.0,75,1.0
639,QQQ_TQQQ_VIX,5450486.18,544.049,0.499,-0.138,4.07,1.69,3.61,332,0.0,0.289,11777.88,-1891350.23,0.025,12,26,9,14,0.6,100,75,1.0,75,1.0
640,QQQ_TQQQ_VIX,792576.77,78.258,0.324,-0.116,3.51,1.51,2.79,340,0.0,0.282,2537.77,-334909.49,0.015,12,26,9,14,0.6,100,75,1.0,100,2.0
641,QQQ_TQQQ_VIX,2834027.89,282.403,0.437,-0.127,4.07,1.76,3.44,338,0.0,0.281,7250.88,-1011037.04,0.02,12,26,9,14,0.6,100,75,1.0,100,2.0
642,QQQ_TQQQ_VIX,5450486.18,544.049,0.499,-0.138,4.07,1.69,3.61,332,0.0,0.289,11777.88,-1891350.23,0.025,12,26,9,14,0.6,100,75,1.0,100,2.0
643,QQQ_TQQQ_VIX,792576.77,78.258,0.324,-0.116,3.51,1.51,2.79,340,0.0,0.282,2537.77,-334909.49,0.015,12,26,9,14,0.6,100,75,1.0,100,2.5
644,QQQ_TQQQ_VIX,2834027.89,282.403,0.437,-0.127,4.07,1.76,3.44,338,0.0,0.281,7250.88,-1011037.04,0.02,12,26,9,14,0.6,100,75,1.0,100,2.5
645,QQQ_TQQQ_VIX,5450486.18,544.049,0.499,-0.138,4.07,1.69,3.61,332,0.0,0.289,11777.88,-1891350.23,0.025,12,26,9,14,0.6,100,75,1.0,100,2.5
646,QQQ_TQQQ_VIX,792576.77,78.258,0.324,-0.116,3.51,1.51,2.79,340,0.0,0.282,2537.77,-334909.49,0.015,12,26,9,14,0.6,100,75,1.0,100,1.0
647,QQQ_TQQQ_VIX,2834027.89,282.403,0.437,-0.127,4.07,1.76,3.44,338,0.0,0.281,7250.88,-1011037.04,0.02,12,26,9,14,0.6,100,75,1.0,100,1.0
648,QQQ_TQQQ_VIX,5450486.18,544.049,0.499,-0.138,4.07,1.69,3.61,332,0.0,0.289,11777.88,-1891350.23,0.025,12,26,9,14,0.6,100,75,1.0,100,1.0
649,QQQ_TQQQ_VIX,53748.05,4.375,0.114,-0.106,1.78,0.83,1.08,331,0.0,0.305,322.74,-42878.85,0.015,12,26,9,14,0.6,100,100,2.5,50,2.0
650,QQQ_TQQQ_VIX,94468.95,8.447,0.155,-0.107,2.3,1.06,1.44,331,0.0,0.305,483.13,-69811.28,0.02,12,26,9,14,0.6,100,100,2.5,50,2.0
651,QQQ_TQQQ_VIX,165667.21,15.567,0.198,-0.109,2.72,1.25,1.81,331,0.0,0.305,736.77,-109700.56,0.025,12,26,9,14,0.6,100,100,2.5,50,2.0
652,QQQ_TQQQ_VIX,53748.05,4.375,0.114,-0.106,1.78,0.83,1.08,331,0.0,0.305,322.74,-42878.85,0.015,12,26,9,14,0.6,100,100,2.5,50,2.5
653,QQQ_TQQQ_VIX,94468.95,8.447,0.155,-0.107,2.3,1.06,1.44,331,0.0,0.305,483.13,-69811.28,0.02,12,26,9,14,0.6,100,100,2.5,50,2.5
654,QQQ_TQQQ_VIX,165667.21,15.567,0.198,-0.109,2.72,1.25,1.81,331,0.0,0.305,736.77,-109700.56,0.025,12,26,9,14,0.6,100,100,2.5,50,2.5
655,QQQ_TQQQ_VIX,53748.05,4.375,0.114,-0.106,1.78,0.83,1.08,331,0.0,0.305,322.74,-42878.85,0.015,12,26,9,14,0.6,100,100,2.5,50,1.0
656,QQQ_TQQQ_VIX,94468.95,8.447,0.155,-0.107,2.3,1.06,1.44,331,0.0,0.305,483.13,-69811.28,0.02,12,26,9,14,0.6,100,100,2.5,50,1.0
657,QQQ_TQQQ_VIX,165667.21,15.567,0.198,-0.109,2.72,1.25,1.81,331,0.0,0.305,736.77,-109700.56,0.025,12,26,9,14,0.6,100,100,2.5,50,1.0
658,QQQ_TQQQ_VIX,53748.05,4.375,0.114,-0.106,1.78,0.83,1.08,331,0.0,0.305,322.74,-42878.85,0.015,12,26,9,14,0.6,100,100,2.5,75,2.0
659,QQQ_TQQQ_VIX,94468.95,8.447,0.155,-0.107,2.3,1.06,1.44,331,0.0,0.305,483.13,-69811.28,0.02,12,26,9,14,0.6,100,100,2.5,75,2.0
660,QQQ_TQQQ_VIX,165667.21,15.567,0.198,-0.109,2.72,1.25,1.81,331,0.0,0.305,736.77,-109700.56,0.025,12,26,9,14,0.6,100,100,2.5,75,2.0
661,QQQ_TQQQ_VIX,53748.05,4.375,0.114,-0.106,1.78,0.83,1.08,331,0.0,0.305,322.74,-42878.85,0.015,12,26,9,14,0.6,100,100,2.5,75,2.5
662,QQQ_TQQQ_VIX,94468.95,8.447,0.155,-0.107,2.3,1.06,1.44,331,0.0,0.305,483.13,-69811.28,0.02,12,26,9,14,0.6,100,100,2.5,75,2.5
663,QQQ_TQQQ_VIX,165667.21,15.567,0.198,-0.109,2.72,1.25,1.81,331,0.0,0.305,736.77,-109700.56,0.025,12,26,9,14,0.6,100,100,2.5,75,2.5
664,QQQ_TQQQ_VIX,53748.05,4.375,0.114,-0.106,1.78,0.83,1.08,331,0.0,0.305,322.74,-42878.85,0.015,12,26,9,14,0.6,100,100,2.5,75,1.0
665,QQQ_TQQQ_VIX,94468.95,8.447,0.155,-0.107,2.3,1.06,1.44,331,0.0,0.305,483.13,-69811.28,0.02,12,26,9,14,0.6,100,100,2.5,75,1.0
666,QQQ_TQQQ_VIX,165667.21,15.567,0.198,-0.109,2.72,1.25,1.81,331,0.0,0.305,736.77,-109700.56,0.025,12,26,9,14,0.6,100,100,2.5,75,1.0
667,QQQ_TQQQ_VIX,53748.05,4.375,0.114,-0.106,1.78,0.83,1.08,331,0.0,0.305,322.74,-42878.85,0.015,12,26,9,14,0.6,100,100,2.5,100,2.0
668,QQQ_TQQQ_VIX,94468.95,8.447,0.155,-0.107,2.3,1.06,1.44,331,0.0,0.305,483.13,-69811.28,0.02,12,26,9,14,0.6,100,100,2.5,100,2.0
669,QQQ_TQQQ_VIX,165667.21,15.567,0.198,-0.109,2.72,1.25,1.81,331,0.0,0.305,736.77,-109700.56,0.025,12,26,9,14,0.6,100,100,2.5,100,2.0
670,QQQ_TQQQ_VIX,53748.05,4.375,0.114,-0.106,1.78,0.83,1.08,331,0.0,0.305,322.74,-42878.85,0.015,12,26,9,14,0.6,100,100,2.5,100,2.5
671,QQQ_TQQQ_VIX,94468.95,8.447,0.155,-0.107,2.3,1.06,1.44,331,0.0,0.305,483.13,-69811.28,0.02,12,26,9,14,0.6,100,100,2.5,100,2.5
672,QQQ_TQQQ_VIX,165667.21,15.567,0.198,-0.109,2.72,1.25,1.81,331,0.0,0.305,736.77,-109700.56,0.025,12,26,9,14,0.6,100,100,2.5,100,2.5
673,QQQ_TQQQ_VIX,53748.05,4.375,0.114,-0.106,1.78,0.83,1.08,331,0.0,0.305,322.74,-42878.85,0.015,12,26,9,14,0.6,100,100,2.5,100,1.0
674,QQQ_TQQQ_VIX,94468.95,8.447,0.155,-0.107,2.3,1.06,1.44,331,0.0,0.305,483.13,-69811.28,0.02,12,26,9,14,0.6,100,100,2.5,100,1.0
675,QQQ_TQQQ_VIX,165667.21,15.567,0.198,-0.109,2.72,1.25,1.81,331,0.0,0.305,736.77,-109700.56,0.025,12,26,9,14,0.6,100,100,2.5,100,1.0
676,QQQ_TQQQ_VIX,81968.77,7.197,0.145,-0.107,2.18,1.01,1.35,331,0.0,0.305,435.29,-62057.49,0.015,12,26,9,14,0.6,100,100,2.0,50,2.0
677,QQQ_TQQQ_VIX,165667.21,15.567,0.198,-0.109,2.72,1.25,1.81,331,0.0,0.305,736.77,-109700.56,0.02,12,26,9,14,0.6,100,100,2.0,50,2.0
678,QQQ_TQQQ_VIX,331943.83,32.194,0.252,-0.111,3.13,1.43,2.28,331,0.0,0.305,1269.95,-190492.82,0.025,12,26,9,14,0.6,100,100,2.0,50,2.0
679,QQQ_TQQQ_VIX,81968.77,7.197,0.145,-0.107,2.18,1.01,1.35,331,0.0,0.305,435.29,-62057.49,0.015,12,26,9,14,0.6,100,100,2.0,50,2.5
680,QQQ_TQQQ_VIX,165667.21,15.567,0.198,-0.109,2.72,1.25,1.81,331,0.0,0.305,736.77,-109700.56,0.02,12,26,9,14,0.6,100,100,2.0,50,2.5
681,QQQ_TQQQ_VIX,331943.83,32.194,0.252,-0.111,3.13,1.43,2.28,331,0.0,0.305,1269.95,-190492.82,0.025,12,26,9,14,0.6,100,100,2.0,50,2.5
682,QQQ_TQQQ_VIX,81968.77,7.197,0.145,-0.107,2.18,1.01,1.35,331,0.0,0.305,435.29,-62057.49,0.015,12,26,9,14,0.6,100,100,2.0,50,1.0
683,QQQ_TQQQ_VIX,165667.21,15.567,0.198,-0.109,2.72,1.25,1.81,331,0.0,0.305,736.77,-109700.56,0.02,12,26,9,14,0.6,100,100,2.0,50,1.0
684,QQQ_TQQQ_VIX,331943.83,32.194,0.252,-0.111,3.13,1.43,2.28,331,0.0,0.305,1269.95,-190492.82,0.025,12,26,9,14,0.6,100,100,2.0,50,1.0
685,QQQ_TQQQ_VIX,81968.77,7.197,0.145,-0.107,2.18,1.01,1.35,331,0.0,0.305,435.29,-62057.49,0.015,12,26,9,14,0.6,100,100,2.0,75,2.0
686,QQQ_TQQQ_VIX,165667.21,15.567,0.198,-0.109,2.72,1.25,1.81,331,0.0,0.305,736.77,-109700.56,0.02,12,26,9,14,0.6,100,100,2.0,75,2.0
687,QQQ_TQQQ_VIX,331943.83,32.194,0.252,-0.111,3.13,1.43,2.28,331,0.0,0.305,1269.95,-190492.82,0.025,12,26,9,14,0.6,100,100,2.0,75,2.0
688,QQQ_TQQQ_VIX,81968.77,7.197,0.145,-0.107,2.18,1.01,1.35,331,0.0,0.305,435.29,-62057.49,0.015,12,26,9,14,0.6,100,100,2.0,75,2.5
689,QQQ_TQQQ_VIX,165667.21,15.567,0.198,-0.109,2.72,1.25,1.81,331,0.0,0.305,736.77,-109700.56,0.02,12,26,9,14,0.6,100,100,2.0,75,2.5
690,QQQ_TQQQ_VIX,331943.83,32.194,0.252,-0.111,3.13,1.43,2.28,331,0.0,0.305,1269.95,-190492.82,0.025,12,26,9,14,0.6,100,100,2.0,75,2.5
691,QQQ_TQQQ_VIX,81968.77,7.197,0.145,-0.107,2.18,1.01,1.35,331,0.0,0.305,435.29,-62057.49,0.015,12,26,9,14,0.6,100,100,2.0,75,1.0
692,QQQ_TQQQ_VIX,165667.21,15.567,0.198,-0.109,2.72,1.25,1.81,331,0.0,0.305,736.77,-109700.56,0.02,12,26,9,14,0.6,100,100,2.0,75,1.0
693,QQQ_TQQQ_VIX,331943.83,32.194,0.252,-0.111,3.13,1.43,2.28,331,0.0,0.305,1269.95,-190492.82,0.025,12,26,9,14,0.6,100,100,2.0,75,1.0
694,QQQ_TQQQ_VIX,81968.77,7.197,0.145,-0.107,2.18,1.01,1.35,331,0.0,0.305,435.29,-62057.49,0.015,12,26,9,14,0.6,100,100,2.0,100,2.0
695,QQQ_TQQQ_VIX,165667.21,15.567,0.198,-0.109,2.72,1.25,1.81,331,0.0,0.305,736.77,-109700.56,0.02,12,26,9,14,0.6,100,100,2.0,100,2.0
696,QQQ_TQQQ_VIX,331943.83,32.194,0.252,-0.111,3.13,1.43,2.28,331,0.0,0.305,1269.95,-190492.82,0.025,12,26,9,14,0.6,100,100,2.0,100,2.0
697,QQQ_TQQQ_VIX,81968.77,7.197,0.145,-0.107,2.18,1.01,1.35,331,0.0,0.305,435.29,-62057.49,0.015,12,26,9,14,0.6,100,100,2.0,100,2.5
698,QQQ_TQQQ_VIX,165667.21,15.567,0.198,-0.109,2.72,1.25,1.81,331,0.0,0.305,736.77,-109700.56,0.02,12,26,9,14,0.6,100,100,2.0,100,2.5
699,QQQ_TQQQ_VIX,331943.83,32.194,0.252,-0.111,3.13,1.43,2.28,331,0.0,0.305,1269.95,-190492.82,0.025,12,26,9,14,0.6,100,100,2.0,100,2.5
700,QQQ_TQQQ_VIX,81968.77,7.197,0.145,-0.107,2.18,1.01,1.35,331,0.0,0.305,435.29,-62057.49,0.015,12,26,9,14,0.6,100,100,2.0,100,1.0
701,QQQ_TQQQ_VIX,165667.21,15.567,0.198,-0.109,2.72,1.25,1.81,331,0.0,0.305,736.77,-109700.56,0.02,12,26,9,14,0.6,100,100,2.0,100,1.0
702,QQQ_TQQQ_VIX,331943.83,32.194,0.252,-0.111,3.13,1.43,2.28,331,0.0,0.305,1269.95,-190492.82,0.025,12,26,9,14,0.6,100,100,2.0,100,1.0
703,QQQ_TQQQ_VIX,745064.70,73.506,0.319,-0.112,3.39,1.48,2.84,327,0.0,0.306,2442.79,-364369.97,0.015,12,26,9,14,0.6,100,100,1.0,50,2.0
704,QQQ_TQQQ_VIX,2615384.61,260.538,0.43,-0.117,3.94,1.73,3.69,325,0.0,0.305,6838.83,-1073676.43,0.02,12,26,9,14,0.6,100,100,1.0,50,2.0
705,QQQ_TQQQ_VIX,4975500.22,496.550,0.49,-0.132,3.96,1.67,3.71,320,0.0,0.312,10931.82,-1969091.88,0.025,12,26,9,14,0.6,100,100,1.0,50,2.0
706,QQQ_TQQQ_VIX,745064.70,73.506,0.319,-0.112,3.39,1.48,2.84,327,0.0,0.306,2442.79,-364369.97,0.015,12,26,9,14,0.6,100,100,1.0,50,2.5
707,QQQ_TQQQ_VIX,2615384.61,260.538,0.43,-0.117,3.94,1.73,3.69,325,0.0,0.305,6838.83,-1073676.43,0.02,12,26,9,14,0.6,100,100,1.0,50,2.5
708,QQQ_TQQQ_VIX,4975500.22,496.550,0.49,-0.132,3.96,1.67,3.71,320,0.0,0.312,10931.82,-1969091.88,0.025,12,26,9,14,0.6,100,100,1.0,50,2.5
709,QQQ_TQQQ_VIX,745064.70,73.506,0.319,-0.112,3.39,1.48,2.84,327,0.0,0.306,2442.79,-364369.97,0.015,12,26,9,14,0.6,100,100,1.0,50,1.0
710,QQQ_TQQQ_VIX,2615384.61,260.538,0.43,-0.117,3.94,1.73,3.69,325,0.0,0.305,6838.83,-1073676.43,0.02,12,26,9,14,0.6,100,100,1.0,50,1.0
711,QQQ_TQQQ_VIX,4975500.22,496.550,0.49,-0.132,3.96,1.67,3.71,320,0.0,0.312,10931.82,-1969091.88,0.025,12,26,9,14,0.6,100,100,1.0,50,1.0
712,QQQ_TQQQ_VIX,745064.70,73.506,0.319,-0.112,3.39,1.48,2.84,327,0.0,0.306,2442.79,-364369.97,0.015,12,26,9,14,0.6,100,100,1.0,75,2.0
713,QQQ_TQQQ_VIX,2615384.61,260.538,0.43,-0.117,3.94,1.73,3.69,325,0.0,0.305,6838.83,-1073676.43,0.02,12,26,9,14,0.6,100,100,1.0,75,2.0
714,QQQ_TQQQ_VIX,4975500.22,496.550,0.49,-0.132,3.96,1.67,3.71,320,0.0,0.312,10931.82,-1969091.88,0.025,12,26,9,14,0.6,100,100,1.0,75,2.0
715,QQQ_TQQQ_VIX,745064.70,73.506,0.319,-0.112,3.39,1.48,2.84,327,0.0,0.306,2442.79,-364369.97,0.015,12,26,9,14,0.6,100,100,1.0,75,2.5
716,QQQ_TQQQ_VIX,2615384.61,260.538,0.43,-0.117,3.94,1.73,3.69,325,0.0,0.305,6838.83,-1073676.43,0.02,12,26,9,14,0.6,100,100,1.0,75,2.5
717,QQQ_TQQQ_VIX,4975500.22,496.550,0.49,-0.132,3.96,1.67,3.71,320,0.0,0.312,10931.82,-1969091.88,0.025,12,26,9,14,0.6,100,100,1.0,75,2.5
718,QQQ_TQQQ_VIX,745064.70,73.506,0.319,-0.112,3.39,1.48,2.84,327,0.0,0.306,2442.79,-364369.97,0.015,12,26,9,14,0.6,100,100,1.0,75,1.0
719,QQQ_TQQQ_VIX,2615384.61,260.538,0.43,-0.117,3.94,1.73,3.69,325,0.0,0.305,6838.83,-1073676.43,0.02,12,26,9,14,0.6,100,100,1.0,75,1.0
720,QQQ_TQQQ_VIX,4975500.22,496.550,0.49,-0.132,3.96,1.67,3.71,320,0.0,0.312,10931.82,-1969091.88,0.025,12,26,9,14,0.6,100,100,1.0,75,1.0
721,QQQ_TQQQ_VIX,745064.70,73.506,0.319,-0.112,3.39,1.48,2.84,327,0.0,0.306,2442.79,-364369.97,0.015,12,26,9,14,0.6,100,100,1.0,100,2.0
722,QQQ_TQQQ_VIX,2615384.61,260.538,0.43,-0.117,3.94,1.73,3.69,325,0.0,0.305,6838.83,-1073676.43,0.02,12,26,9,14,0.6,100,100,1.0,100,2.0
723,QQQ_TQQQ_VIX,4975500.22,496.550,0.49,-0.132,3.96,1.67,3.71,320,0.0,0.312,10931.82,-1969091.88,0.025,12,26,9,14,0.6,100,100,1.0,100,2.0
724,QQQ_TQQQ_VIX,745064.70,73.506,0.319,-0.112,3.39,1.48,2.84,327,0.0,0.306,2442.79,-364369.97,0.015,12,26,9,14,0.6,100,100,1.0,100,2.5
725,QQQ_TQQQ_VIX,2615384.61,260.538,0.43,-0.117,3.94,1.73,3.69,325,0.0,0.305,6838.83,-1073676.43,0.02,12,26,9,14,0.6,100,100,1.0,100,2.5
726,QQQ_TQQQ_VIX,4975500.22,496.550,0.49,-0.132,3.96,1.67,3.71,320,0.0,0.312,10931.82,-1969091.88,0.025,12,26,9,14,0.6,100,100,1.0,100,2.5
727,QQQ_TQQQ_VIX,745064.70,73.506,0.319,-0.112,3.39,1.48,2.84,327,0.0,0.306,2442.79,-364369.97,0.015,12,26,9,14,0.6,100,100,1.0,100,1.0
728,QQQ_TQQQ_VIX,2615384.61,260.538,0.43,-0.117,3.94,1.73,3.69,325,0.0,0.305,6838.83,-1073676.43,0.02,12,26,9,14,0.6,100,100,1.0,100,1.0
729,QQQ_TQQQ_VIX,4975500.22,496.550,0.49,-0.132,3.96,1.67,3.71,320,0.0,0.312,10931.82,-1969091.88,0.025,12,26,9,14,0.6,100,100,1.0,100,1.0
