Trade_ID,Date,Bar_Number,Strategy_State,Ticker,Decision,Decision_Reason,Indicator_EMA_100,Indicator_MACD_Line,Indicator_Price,Indicator_Signal_Line,Threshold_ATR_Stop_Multiplier,Threshold_EMA_Period,Threshold_QQQ_Allocation,Threshold_TQQQ_Risk,Order_Type,Shares,Fill_Price,Position_Value,Slippage,Commission,Portfolio_Value_Before,Portfolio_Value_After,Cash_Before,Cash_After,Allocation_Before,Allocation_After,Cumulative_Return_Pct
1,2010-09-12 22:00:00,222,Regime TQQQ: RISK-ON (STRONG): Price > EMA AND MACD_Line > Signal_Line,TQQQ,BUY,"Price(47.25) > EMA(46.78), MACD(0.3290) > Signal(-0.0062)",46.77621123366382,0.32898057739734554,47.25,-0.0062339444588451936,3.0,200.0,0.7,0.04,MARKET,6096,0.485119635,2957.28929496,0.0,60.96,10000.0,9936.08566504,10000.0,6981.75070504,CASH: 100.0%,"CASH: 70.3%, TQQQ: 29.7%",-0.6391433496
2,2010-10-03 22:00:00,251,Liquidating TQQQ position (regime change),TQQQ,SELL,"Price(48.48) > EMA(47.05), MACD(0.8981) <= Signal(0.9360)",47.046070501753945,0.8980513994550137,48.48,0.9360282410992139,3.0,200.0,0.7,0.04,MARKET,6096,0.566360073,3452.531005008,0.0,60.96,10437.73769704,10373.321710048,6981.75070504,10373.321710048,"CASH: 66.9%, TQQQ: 33.1%",CASH: 100.0%,3.73321710048
3,2010-10-03 22:00:00,251,Regime QQQ: RISK-ON (PAUSE): Price > EMA AND MACD_Line <= Signal_Line,QQQ,BUY,"Price(48.48) > EMA(47.05), MACD(0.8981) <= Signal(0.9360)",47.046070501753945,0.8980513994550137,48.48,0.9360282410992139,3.0,200.0,0.7,0.04,MARKET,149,48.52848,7230.74352,0.0,1.49,10373.321710048,10364.608190048,10373.321710048,3141.088190048,CASH: 100.0%,"CASH: 30.3%, QQQ: 69.7%",3.64608190048
4,2010-10-12 22:00:00,265,Liquidating QQQ position (regime change),QQQ,SELL,"Price(50.52) > EMA(47.23), MACD(0.8901) > Signal(0.8832)",47.231261936157075,0.890077872691684,50.52,0.8831969067136991,3.0,200.0,0.7,0.04,MARKET,149,50.46948,7519.95252,0.0,1.49,10668.568190048,10659.550710048,3141.088190048,10659.550710048,"CASH: 29.4%, QQQ: 70.6%",CASH: 100.0%,6.59550710048
5,2010-10-12 22:00:00,265,Regime TQQQ: RISK-ON (STRONG): Price > EMA AND MACD_Line > Signal_Line,TQQQ,BUY,"Price(50.52) > EMA(47.23), MACD(0.8901) > Signal(0.8832)",47.231261936157075,0.890077872691684,50.52,0.8831969067136991,3.0,200.0,0.7,0.04,MARKET,5518,0.605083479,3338.850637122,0.0,55.18,10659.550710048,10601.035194926,10659.550710048,7265.520072926,CASH: 100.0%,"CASH: 68.5%, TQQQ: 31.5%",6.01035194926
6,2010-11-10 22:00:00,307,Liquidating TQQQ position (regime change),TQQQ,SELL,"Price(53.38) > EMA(48.20), MACD(1.0822) <= Signal(1.1000)",48.203206691750935,1.0822415919416457,53.385,1.1000302831185311,3.0,200.0,0.7,0.04,MARKET,5518,0.740300958,4084.980686244,0.0,55.18,11354.589828926,11295.32075917,7265.520072926,11295.32075917,"CASH: 64.0%, TQQQ: 36.0%",CASH: 100.0%,12.9532075917
7,2010-11-10 22:00:00,307,Regime QQQ: RISK-ON (PAUSE): Price > EMA AND MACD_Line <= Signal_Line,QQQ,BUY,"Price(53.38) > EMA(48.20), MACD(1.0822) <= Signal(1.1000)",48.203206691750935,1.0822415919416457,53.385,1.1000302831185311,3.0,200.0,0.7,0.04,MARKET,148,53.438385,7908.88098,0.0,1.48,11295.32075917,11285.93977917,11295.32075917,3384.95977917,CASH: 100.0%,"CASH: 30.0%, QQQ: 70.0%",12.8593977917
8,2010-12-02 22:00:00,337,Liquidating QQQ position (regime change),QQQ,SELL,"Price(53.87) > EMA(48.82), MACD(0.4599) > Signal(0.4424)",48.82081082575078,0.45993369227367964,53.87,0.44238678123562103,3.0,200.0,0.7,0.04,MARKET,148,53.81613,7964.78724,0.0,1.48,11357.71977917,11348.26701917,3384.95977917,11348.26701917,"CASH: 29.8%, QQQ: 70.2%",CASH: 100.0%,13.4826701917
9,2010-12-02 22:00:00,337,Regime TQQQ: RISK-ON (STRONG): Price > EMA AND MACD_Line > Signal_Line,TQQQ,BUY,"Price(53.87) > EMA(48.82), MACD(0.4599) > Signal(0.4424)",48.82081082575078,0.45993369227367964,53.87,0.44238678123562103,3.0,200.0,0.7,0.04,MARKET,4389,0.736830094,3233.947282566,0.0,43.89,11348.26701917,11301.146302604,11348.26701917,8070.429736604,CASH: 100.0%,"CASH: 71.4%, TQQQ: 28.6%",13.01146302604
10,2010-12-26 22:00:00,367,Liquidating TQQQ position (regime change),TQQQ,SELL,"Price(54.77) > EMA(49.60), MACD(0.5919) <= Signal(0.6008)",49.60196100779826,0.5918798422176366,54.77,0.600811950451419,3.0,200.0,0.7,0.04,MARKET,4389,0.780989229,3427.761726081,0.0,43.89,11501.622655604,11454.301462685,8070.429736604,11454.301462685,"CASH: 70.2%, TQQQ: 29.8%",CASH: 100.0%,14.54301462685
11,2010-12-26 22:00:00,367,Regime QQQ: RISK-ON (PAUSE): Price > EMA AND MACD_Line <= Signal_Line,QQQ,BUY,"Price(54.77) > EMA(49.60), MACD(0.5919) <= Signal(0.6008)",49.60196100779826,0.5918798422176366,54.77,0.600811950451419,3.0,200.0,0.7,0.04,MARKET,146,54.82477,8004.41642,0.0,1.46,11454.301462685,11444.845042685,11454.301462685,3448.425042685,CASH: 100.0%,"CASH: 30.1%, QQQ: 69.9%",14.44845042685
12,2011-01-04 22:00:00,381,Liquidating QQQ position (regime change),QQQ,SELL,"Price(55.74) > EMA(49.97), MACD(0.5459) > Signal(0.5344)",49.96635723488322,0.5458797596278018,55.74,0.534377516424831,3.0,200.0,0.7,0.04,MARKET,146,55.68426,8129.90196,0.0,1.46,11586.465042685,11576.867002685,3448.425042685,11576.867002685,"CASH: 29.8%, QQQ: 70.2%",CASH: 100.0%,15.76867002685
13,2011-01-04 22:00:00,381,Regime TQQQ: RISK-ON (STRONG): Price > EMA AND MACD_Line > Signal_Line,TQQQ,BUY,"Price(55.74) > EMA(49.97), MACD(0.5459) > Signal(0.5344)",49.96635723488322,0.5458797596278018,55.74,0.534377516424831,3.0,200.0,0.7,0.04,MARKET,7286,0.804188385,5859.31657311,0.0,72.86,11576.867002685,11498.153539575,11576.867002685,5644.690429575,CASH: 100.0%,"CASH: 49.1%, TQQQ: 50.9%",14.98153539575
14,2011-01-20 22:00:00,403,Liquidating TQQQ position (regime change),TQQQ,SELL,"Price(55.68) > EMA(50.63), MACD(0.6142) <= Signal(0.6859)",50.629456655357316,0.6141959599654712,55.68,0.6858586172090079,3.0,200.0,0.7,0.04,MARKET,7286,0.838483677,6109.192070622,0.0,72.86,11759.997807575,11681.022500197,5644.690429575,11681.022500197,"CASH: 48.0%, TQQQ: 52.0%",CASH: 100.0%,16.81022500197
15,2011-01-20 22:00:00,403,Regime QQQ: RISK-ON (PAUSE): Price > EMA AND MACD_Line <= Signal_Line,QQQ,BUY,"Price(55.68) > EMA(50.63), MACD(0.6142) <= Signal(0.6859)",50.629456655357316,0.6141959599654712,55.68,0.6858586172090079,3.0,200.0,0.7,0.04,MARKET,146,55.73568,8137.40928,0.0,1.46,11681.022500197,11671.433220197,11681.022500197,3542.153220197,CASH: 100.0%,"CASH: 30.3%, QQQ: 69.7%",16.71433220197
16,2011-02-06 22:00:00,424,Liquidating QQQ position (regime change),QQQ,SELL,"Price(57.65) > EMA(51.33), MACD(0.5575) > Signal(0.5348)",51.328831572040315,0.557479337151463,57.65,0.534761922911355,3.0,200.0,0.7,0.04,MARKET,146,57.59235,8408.4831,0.0,1.46,11959.053220197,11949.176320197,3542.153220197,11949.176320197,"CASH: 29.6%, QQQ: 70.4%",CASH: 100.0%,19.49176320197
17,2011-02-06 22:00:00,424,Regime TQQQ: RISK-ON (STRONG): Price > EMA AND MACD_Line > Signal_Line,TQQQ,BUY,"Price(57.65) > EMA(51.33), MACD(0.5575) > Signal(0.5348)",51.328831572040315,0.557479337151463,57.65,0.534761922911355,3.0,200.0,0.7,0.04,MARKET,5043,0.895217323,4514.580959889,0.0,50.43,11949.176320197,11894.236249308,11949.176320197,7384.165360308,CASH: 100.0%,"CASH: 62.1%, TQQQ: 37.9%",18.94236249308
18,2011-02-21 22:00:00,444,Liquidating TQQQ position (regime change),TQQQ,SELL,"Price(57.03) > EMA(52.15), MACD(0.6401) <= Signal(0.7064)",52.14767596934308,0.6400687815009363,57.03,0.7063641732139083,3.0,200.0,0.7,0.04,MARKET,5043,0.957843198,4830.403247514,0.0,50.43,12219.403846308,12164.138607822,7384.165360308,12164.138607822,"CASH: 60.4%, TQQQ: 39.6%",CASH: 100.0%,21.64138607822
19,2011-02-21 22:00:00,444,Regime QQQ: RISK-ON (PAUSE): Price > EMA AND MACD_Line <= Signal_Line,QQQ,BUY,"Price(57.03) > EMA(52.15), MACD(0.6401) <= Signal(0.7064)",52.14767596934308,0.6400687815009363,57.03,0.7063641732139083,3.0,200.0,0.7,0.04,MARKET,149,57.08703,8505.96747,0.0,1.49,12164.138607822,12154.151137822,12164.138607822,3656.681137822,CASH: 100.0%,"CASH: 30.1%, QQQ: 69.9%",21.54151137822
20,2011-03-24 22:00:00,490,Liquidating QQQ position (regime change),QQQ,SELL,"Price(56.84) > EMA(52.55), MACD(-0.3311) > Signal(-0.4037)",52.548660750957886,-0.3311458321391427,56.84,-0.40372785695376173,3.0,200.0,0.7,0.04,MARKET,149,56.78316,8460.69084,0.0,1.49,12125.841137822,12115.881977822,3656.681137822,12115.881977822,"CASH: 30.2%, QQQ: 69.8%",CASH: 100.0%,21.15881977822
21,2011-03-24 22:00:00,490,Regime TQQQ: RISK-ON (STRONG): Price > EMA AND MACD_Line > Signal_Line,TQQQ,BUY,"Price(56.84) > EMA(52.55), MACD(-0.3311) > Signal(-0.4037)",52.548660750957886,-0.3311458321391427,56.84,-0.40372785695376173,3.0,200.0,0.7,0.04,MARKET,3739,0.855542688,3198.874110432,0.0,37.39,12115.881977822,12075.29629939,12115.881977822,8879.61786739,CASH: 100.0%,"CASH: 73.5%, TQQQ: 26.5%",20.7529629939
22,2011-04-13 22:00:00,518,Liquidating TQQQ position (regime change),TQQQ,SELL,"Price(56.75) > EMA(53.28), MACD(0.0603) <= Signal(0.0688)",53.28394124300197,0.06032383513820605,56.75,0.06877055684139921,3.0,200.0,0.7,0.04,MARKET,3739,0.857787354,3207.266916606,0.0,37.39,12090.09526139,12049.494783996,8879.61786739,12049.494783996,"CASH: 73.4%, TQQQ: 26.6%",CASH: 100.0%,20.49494783996
23,2011-04-13 22:00:00,518,Regime QQQ: RISK-ON (PAUSE): Price > EMA AND MACD_Line <= Signal_Line,QQQ,BUY,"Price(56.75) > EMA(53.28), MACD(0.0603) <= Signal(0.0688)",53.28394124300197,0.06032383513820605,56.75,0.06877055684139921,3.0,200.0,0.7,0.04,MARKET,148,56.80675,8407.399,0.0,1.48,12049.494783996,12039.615783996,12049.494783996,3640.615783996,CASH: 100.0%,"CASH: 30.2%, QQQ: 69.8%",20.39615783996
24,2011-04-19 22:00:00,525,Liquidating QQQ position (regime change),QQQ,SELL,"Price(57.88) > EMA(53.30), MACD(0.0805) > Signal(0.0455)",53.30285780073745,0.08052117598298736,57.875,0.04552643846040416,3.0,200.0,0.7,0.04,MARKET,148,57.817125,8556.9345,0.0,1.48,12206.115783996,12196.070283996,3640.615783996,12196.070283996,"CASH: 29.8%, QQQ: 70.2%",CASH: 100.0%,21.96070283996
25,2011-04-19 22:00:00,525,Regime TQQQ: RISK-ON (STRONG): Price > EMA AND MACD_Line > Signal_Line,TQQQ,BUY,"Price(57.88) > EMA(53.30), MACD(0.0805) > Signal(0.0455)",53.30285780073745,0.08052117598298736,57.875,0.04552643846040416,3.0,200.0,0.7,0.04,MARKET,4784,0.832498667,3982.673622928,0.0,47.84,12196.070283996,12144.251589068,12196.070283996,8165.556661068,CASH: 100.0%,"CASH: 67.2%, TQQQ: 32.8%",21.44251589068
26,2011-05-08 22:00:00,549,Liquidating TQQQ position (regime change),TQQQ,SELL,"Price(58.69) > EMA(53.79), MACD(0.4851) <= Signal(0.4894)",53.785655164265876,0.4851145926470295,58.69,0.4893755441483321,3.0,200.0,0.7,0.04,MARKET,4784,0.932191875,4459.60593,0.0,47.84,12629.626661068,12577.322591068,8165.556661068,12577.322591068,"CASH: 64.7%, TQQQ: 35.3%",CASH: 100.0%,25.77322591068
27,2011-05-08 22:00:00,549,Regime QQQ: RISK-ON (PAUSE): Price > EMA AND MACD_Line <= Signal_Line,QQQ,BUY,"Price(58.69) > EMA(53.79), MACD(0.4851) <= Signal(0.4894)",53.785655164265876,0.4851145926470295,58.69,0.4893755441483321,3.0,200.0,0.7,0.04,MARKET,149,58.74869,8753.55481,0.0,1.49,12577.322591068,12567.087781068,12577.322591068,3822.277781068,CASH: 100.0%,"CASH: 30.4%, QQQ: 69.6%",25.67087781068
28,2011-05-09 22:00:00,551,Liquidating QQQ position (regime change),QQQ,SELL,"Price(59.19) > EMA(53.91), MACD(0.5092) > Signal(0.4933)",53.91045322519206,0.5092339617520665,59.19,0.4933471571276622,3.0,200.0,0.7,0.04,MARKET,149,59.13081,8810.49069,0.0,1.49,12641.587781068,12631.278471068,3822.277781068,12631.278471068,"CASH: 30.2%, QQQ: 69.8%",CASH: 100.0%,26.31278471068
29,2011-05-09 22:00:00,551,Regime TQQQ: RISK-ON (STRONG): Price > EMA AND MACD_Line > Signal_Line,TQQQ,BUY,"Price(59.19) > EMA(53.91), MACD(0.5092) > Signal(0.4933)",53.91045322519206,0.5092339617520665,59.19,0.4933471571276622,3.0,200.0,0.7,0.04,MARKET,5372,0.943234292,5067.054616624,0.0,53.72,12631.278471068,12572.496478444,12631.278471068,7510.503854444,CASH: 100.0%,"CASH: 59.7%, TQQQ: 40.3%",25.72496478444
30,2011-05-10 22:00:00,553,Liquidating TQQQ position (regime change),TQQQ,SELL,"Price(58.76) > EMA(53.99), MACD(0.4876) <= Signal(0.4922)",53.98682215632052,0.48762683758770464,58.755,0.4922030652463557,3.0,200.0,0.7,0.04,MARKET,5372,0.965491542,5186.620563624,0.0,53.72,12702.316230444,12643.404418068,7510.503854444,12643.404418068,"CASH: 59.1%, TQQQ: 40.9%",CASH: 100.0%,26.43404418068
31,2011-05-10 22:00:00,553,Regime QQQ: RISK-ON (PAUSE): Price > EMA AND MACD_Line <= Signal_Line,QQQ,BUY,"Price(58.76) > EMA(53.99), MACD(0.4876) <= Signal(0.4922)",53.98682215632052,0.48762683758770464,58.755,0.4922030652463557,3.0,200.0,0.7,0.04,MARKET,150,58.813755,8822.06325,0.0,1.5,12643.404418068,12633.091168068,12643.404418068,3819.841168068,CASH: 100.0%,"CASH: 30.2%, QQQ: 69.8%",26.33091168068
32,2011-05-11 22:00:00,555,Liquidating QQQ position (regime change),QQQ,SELL,"Price(59.11) > EMA(54.04), MACD(0.4935) > Signal(0.4925)",54.04269722169757,0.49346028117538765,59.11,0.49245450356723813,3.0,200.0,0.7,0.04,MARKET,150,59.05089,8857.6335,0.0,1.5,12686.341168068,12675.974668068,3819.841168068,12675.974668068,"CASH: 30.1%, QQQ: 69.9%",CASH: 100.0%,26.75974668068
33,2011-05-11 22:00:00,555,Regime TQQQ: RISK-ON (STRONG): Price > EMA AND MACD_Line > Signal_Line,TQQQ,BUY,"Price(59.11) > EMA(54.04), MACD(0.4935) > Signal(0.4925)",54.04269722169757,0.49346028117538765,59.11,0.49245450356723813,3.0,200.0,0.7,0.04,MARKET,5556,0.945527583,5253.351251148,0.0,55.56,12675.974668068,12615.16656492,12675.974668068,7367.06341692,CASH: 100.0%,"CASH: 58.4%, TQQQ: 41.6%",26.1516656492
34,2011-05-12 22:00:00,557,Liquidating TQQQ position (regime change),TQQQ,SELL,"Price(58.41) > EMA(53.93), MACD(0.4366) <= Signal(0.4813)",53.931860571317785,0.4365668319817999,58.41,0.48127712249528376,3.0,200.0,0.7,0.04,MARKET,5556,0.961017021,5339.410568676,0.0,55.56,12711.81874092,12650.913985596,7367.06341692,12650.913985596,"CASH: 58.0%, TQQQ: 42.0%",CASH: 100.0%,26.50913985596
35,2011-05-12 22:00:00,557,Regime QQQ: RISK-ON (PAUSE): Price > EMA AND MACD_Line <= Signal_Line,QQQ,BUY,"Price(58.41) > EMA(53.93), MACD(0.4366) <= Signal(0.4813)",53.931860571317785,0.4365668319817999,58.41,0.48127712249528376,3.0,200.0,0.7,0.04,MARKET,151,58.46841,8828.72991,0.0,1.51,12650.913985596,12640.584075596,12650.913985596,3820.674075596,CASH: 100.0%,"CASH: 30.2%, QQQ: 69.8%",26.40584075596
36,2011-06-14 22:00:00,601,Liquidating QQQ position (regime change),QQQ,SELL,"Price(54.29) <= EMA(54.53), MACD(-0.8187) <= Signal(-0.5873)",54.52752582872485,-0.8187458744868792,54.29,-0.5873034477244549,3.0,200.0,0.7,0.04,MARKET,151,54.23571,8189.59221,0.0,1.51,12018.464075596,12008.756285596,3820.674075596,12008.756285596,"CASH: 31.8%, QQQ: 68.2%",CASH: 100.0%,20.08756285596
37,2011-06-20 22:00:00,609,Regime QQQ: RISK-ON (PAUSE): Price > EMA AND MACD_Line <= Signal_Line,QQQ,BUY,"Price(55.23) > EMA(54.41), MACD(-0.8682) <= Signal(-0.7787)",54.41022035373081,-0.8681619800476739,55.23,-0.7787440981618199,3.0,200.0,0.7,0.04,MARKET,152,55.28523,8403.35496,0.0,1.52,12008.756285596,11998.841325596,12008.756285596,3603.881325596,CASH: 100.0%,"CASH: 30.0%, QQQ: 70.0%",19.98841325596
38,2011-06-22 22:00:00,613,Liquidating QQQ position (regime change),QQQ,SELL,"Price(55.34) > EMA(54.37), MACD(-0.7299) > Signal(-0.7754)",54.374422151375924,-0.7299206900362947,55.34,-0.7753639116070347,3.0,200.0,0.7,0.04,MARKET,152,55.28466,8403.26832,0.0,1.52,12015.561325596,12005.629645596,3603.881325596,12005.629645596,"CASH: 30.0%, QQQ: 70.0%",CASH: 100.0%,20.05629645596
39,2011-06-22 22:00:00,613,Regime TQQQ: RISK-ON (STRONG): Price > EMA AND MACD_Line > Signal_Line,TQQQ,BUY,"Price(55.34) > EMA(54.37), MACD(-0.7299) > Signal(-0.7754)",54.374422151375924,-0.7299206900362947,55.34,-0.7753639116070347,3.0,200.0,0.7,0.04,MARKET,12288,0.821237417,10091.365380096,0.0,122.88,12005.629645596,11872.6683615,12005.629645596,1791.3842655,CASH: 100.0%,"CASH: 15.1%, TQQQ: 84.9%",18.726683615
40,2011-06-23 22:00:00,616,Stop-Loss Triggered,TQQQ,SELL,Price breached stop at 0.78,54.30957688117364,-0.728668406133238,54.38,-0.7660247460520072,3.0,200.0,0.7,0.04,MARKET,9708,0.743942313,7222.191974604,0.0,97.08,10942.0981215,10837.788700104,1791.3842655,8916.496240104,"CASH: 16.4%, TQQQ: 83.6%","CASH: 82.3%, TQQQ: 17.7%",8.37788700104
41,2011-06-26 22:00:00,617,Regime TQQQ: RISK-ON (STRONG): Price > EMA AND MACD_Line > Signal_Line,TQQQ,BUY,"Price(55.24) > EMA(54.38), MACD(-0.6504) > Signal(-0.7429)",54.383785345081876,-0.6503806032183306,55.245,-0.7428959819455344,3.0,200.0,0.7,0.04,MARKET,6993,0.745431687,5212.803787191,0.0,69.93,10837.788700104,10762.651103913,8916.496240104,3633.762452913,"CASH: 82.3%, TQQQ: 17.7%","CASH: 33.8%, TQQQ: 66.2%",7.62651103913
42,2011-07-27 22:00:00,661,Liquidating TQQQ position (regime change),TQQQ,SELL,"Price(58.19) > EMA(55.70), MACD(0.6004) <= Signal(0.6216)",55.70020966114748,0.600413339014878,58.19,0.621610003541639,3.0,200.0,0.7,0.04,MARKET,9573,0.896810292,8585.164925316,0.0,95.73,12227.521136913,12123.197378229,3633.762452913,12123.197378229,"CASH: 29.7%, TQQQ: 70.3%",CASH: 100.0%,21.23197378229
43,2011-07-27 22:00:00,661,Regime QQQ: RISK-ON (PAUSE): Price > EMA AND MACD_Line <= Signal_Line,QQQ,BUY,"Price(58.19) > EMA(55.70), MACD(0.6004) <= Signal(0.6216)",55.70020966114748,0.600413339014878,58.19,0.621610003541639,3.0,200.0,0.7,0.04,MARKET,145,58.24819,8445.98755,0.0,1.45,12123.197378229,12113.309828229,12123.197378229,3675.759828229,CASH: 100.0%,"CASH: 30.3%, QQQ: 69.7%",21.13309828229
44,2011-08-03 22:00:00,671,Liquidating QQQ position (regime change),QQQ,SELL,"Price(54.17) <= EMA(55.74), MACD(-0.1818) <= Signal(0.3012)",55.73683359389729,-0.18182610832985802,54.17,0.30119073437211,3.0,200.0,0.7,0.04,MARKET,145,54.11583,7846.79535,0.0,1.45,11530.409828229,11521.105178229,3675.759828229,11521.105178229,"CASH: 31.9%, QQQ: 68.1%",CASH: 100.0%,15.21105178229
45,2011-09-14 22:00:00,727,Regime TQQQ: RISK-ON (STRONG): Price > EMA AND MACD_Line > Signal_Line,TQQQ,BUY,"Price(56.18) > EMA(55.33), MACD(0.1631) > Signal(-0.2029)",55.33295496870724,0.16307001931877352,56.18,-0.20290905893397795,3.0,200.0,0.7,0.04,MARKET,3186,0.726038313,2313.158065218,0.0,31.86,11521.105178229,11486.934331011,11521.105178229,9176.087113011,CASH: 100.0%,"CASH: 79.9%, TQQQ: 20.1%",14.86934331011
46,2011-09-20 22:00:00,735,Liquidating TQQQ position (regime change),TQQQ,SELL,"Price(55.38) <= EMA(55.54), MACD(0.4923) > Signal(0.1891)",55.54431337802942,0.492345672071167,55.38,0.18906129331362861,3.0,200.0,0.7,0.04,MARKET,3186,0.766315917,2441.482511562,0.0,31.86,11620.013551011,11585.709624573,9176.087113011,11585.709624573,"CASH: 79.0%, TQQQ: 21.0%",CASH: 100.0%,15.85709624573
47,2011-10-09 22:00:00,761,Regime TQQQ: RISK-ON (STRONG): Price > EMA AND MACD_Line > Signal_Line,TQQQ,BUY,"Price(55.94) > EMA(55.53), MACD(-0.0883) > Signal(-0.1757)",55.52637024318004,-0.08830125282759127,55.94,-0.17566286587330085,3.0,200.0,0.7,0.04,MARKET,2642,0.668375708,1765.848620536,0.0,26.42,11585.709624573,11557.525540037,11585.709624573,9793.441004037,CASH: 100.0%,"CASH: 84.7%, TQQQ: 15.3%",15.57525540037
48,2011-10-31 22:00:00,791,Liquidating TQQQ position (regime change),TQQQ,SELL,"Price(56.44) > EMA(55.91), MACD(0.8059) <= Signal(0.8408)",55.90759480911463,0.8059094970088481,56.44,0.8407552499467755,3.0,200.0,0.7,0.04,MARKET,2642,0.808669521,2136.504874482,0.0,26.42,11932.084522037,11903.525878519,9793.441004037,11903.525878519,"CASH: 82.1%, TQQQ: 17.9%",CASH: 100.0%,19.03525878519
49,2011-10-31 22:00:00,791,Regime QQQ: RISK-ON (PAUSE): Price > EMA AND MACD_Line <= Signal_Line,QQQ,BUY,"Price(56.44) > EMA(55.91), MACD(0.8059) <= Signal(0.8408)",55.90759480911463,0.8059094970088481,56.44,0.8407552499467755,3.0,200.0,0.7,0.04,MARKET,147,56.49644,8304.97668,0.0,1.47,11903.525878519,11893.759198519,11903.525878519,3597.079198519,CASH: 100.0%,"CASH: 30.2%, QQQ: 69.8%",18.93759198519
50,2011-11-16 22:00:00,815,Liquidating QQQ position (regime change),QQQ,SELL,"Price(55.83) <= EMA(56.12), MACD(0.2203) <= Signal(0.4746)",56.12325204761377,0.22025228325792767,55.83,0.4746126870101203,3.0,200.0,0.7,0.04,MARKET,147,55.77417,8198.80299,0.0,1.47,11804.089198519,11794.412188519,3597.079198519,11794.412188519,"CASH: 30.5%, QQQ: 69.5%",CASH: 100.0%,17.94412188519
51,2011-11-29 22:00:00,831,Regime QQQ: RISK-ON (PAUSE): Price > EMA AND MACD_Line <= Signal_Line,QQQ,BUY,"Price(56.39) > EMA(56.15), MACD(-0.5875) <= Signal(-0.3953)",56.147070707398015,-0.5875467373366803,56.39,-0.3952655658706581,3.0,200.0,0.7,0.04,MARKET,146,56.44639,8241.17294,0.0,1.46,11794.412188519,11784.719248519,11794.412188519,3551.779248519,CASH: 100.0%,"CASH: 30.1%, QQQ: 69.9%",17.84719248519
52,2011-12-01 22:00:00,834,Liquidating QQQ position (regime change),QQQ,SELL,"Price(56.62) > EMA(56.21), MACD(-0.3108) > Signal(-0.3836)",56.209317519313956,-0.3107812530042722,56.62,-0.38359688895259003,3.0,200.0,0.7,0.04,MARKET,146,56.56338,8258.25348,0.0,1.46,11818.299248519,11808.572728519,3551.779248519,11808.572728519,"CASH: 30.1%, QQQ: 69.9%",CASH: 100.0%,18.08572728519
53,2011-12-01 22:00:00,834,Regime TQQQ: RISK-ON (STRONG): Price > EMA AND MACD_Line > Signal_Line,TQQQ,BUY,"Price(56.62) > EMA(56.21), MACD(-0.3108) > Signal(-0.3836)",56.209317519313956,-0.3107812530042722,56.62,-0.38359688895259003,3.0,200.0,0.7,0.04,MARKET,2854,0.745640896,2128.059117184,0.0,28.54,11808.572728519,11777.906795335,11808.572728519,9651.973611335,CASH: 100.0%,"CASH: 81.9%, TQQQ: 18.1%",17.77906795335
54,2011-12-07 22:00:00,842,Liquidating TQQQ position (regime change),TQQQ,SELL,"Price(56.12) <= EMA(56.31), MACD(0.0044) > Signal(-0.1785)",56.31276717215006,0.004408650502348621,56.12,-0.17852823931401668,3.0,200.0,0.7,0.04,MARKET,2854,0.754869375,2154.39719625,0.0,28.54,11808.527361335,11777.830807585,9651.973611335,11777.830807585,"CASH: 81.7%, TQQQ: 18.3%",CASH: 100.0%,17.77830807585
55,2011-12-08 22:00:00,844,Regime TQQQ: RISK-ON (STRONG): Price > EMA AND MACD_Line > Signal_Line,TQQQ,BUY,"Price(57.02) > EMA(56.37), MACD(0.0658) > Signal(-0.1297)",56.37111266023637,0.06576782729433006,57.02,-0.12966907695243804,3.0,200.0,0.7,0.04,MARKET,3678,0.719260542,2645.440273476,0.0,36.78,11777.830807585,11738.408010109,11777.830807585,9095.610534109,CASH: 100.0%,"CASH: 77.5%, TQQQ: 22.5%",17.38408010109
56,2011-12-11 22:00:00,846,Liquidating TQQQ position (regime change),TQQQ,SELL,"Price(56.38) <= EMA(56.39), MACD(0.0620) > Signal(-0.0913)",56.388344691413074,0.06203765497741642,56.38,-0.09132774759370424,3.0,200.0,0.7,0.04,MARKET,3678,0.7517475,2764.927305,0.0,36.78,11863.305534109,11823.757839109,9095.610534109,11823.757839109,"CASH: 76.7%, TQQQ: 23.3%",CASH: 100.0%,18.23757839109
57,2011-12-26 22:00:00,865,Regime TQQQ: RISK-ON (STRONG): Price > EMA AND MACD_Line > Signal_Line,TQQQ,BUY,"Price(56.24) > EMA(56.09), MACD(-0.1428) > Signal(-0.2114)",56.08549616226298,-0.14275825856424973,56.24,-0.21143183630610557,3.0,200.0,0.7,0.04,MARKET,4040,0.699970271,2827.87989484,0.0,40.4,11823.757839109,11780.532784269,11823.757839109,8955.477944269,CASH: 100.0%,"CASH: 76.0%, TQQQ: 24.0%",17.80532784269
58,2011-12-27 22:00:00,867,Liquidating TQQQ position (regime change),TQQQ,SELL,"Price(55.59) <= EMA(56.12), MACD(-0.1406) > Signal(-0.1973)",56.11730213776632,-0.14064903808363738,55.59,-0.19727531314855115,3.0,200.0,0.7,0.04,MARKET,4040,0.722922354,2920.60631016,0.0,40.4,11879.007784269,11835.684254429,8955.477944269,11835.684254429,"CASH: 75.4%, TQQQ: 24.6%",CASH: 100.0%,18.35684254429
59,2012-01-02 22:00:00,873,Regime TQQQ: RISK-ON (STRONG): Price > EMA AND MACD_Line > Signal_Line,TQQQ,BUY,"Price(56.90) > EMA(56.12), MACD(0.0094) > Signal(-0.1269)",56.12477561671975,0.009407001269472914,56.9,-0.12694495587246415,3.0,200.0,0.7,0.04,MARKET,4750,0.709562854,3370.4235565,0.0,47.5,11835.684254429,11784.817197929,11835.684254429,8417.760697929,CASH: 100.0%,"CASH: 71.4%, TQQQ: 28.6%",17.84817197929
60,2012-02-21 22:00:00,939,Liquidating TQQQ position (regime change),TQQQ,SELL,"Price(63.32) > EMA(57.66), MACD(1.2578) <= Signal(1.2819)",57.660287812001314,1.257842400208716,63.32,1.2819441265715863,3.0,200.0,0.7,0.04,MARKET,4750,1.039376583,4937.03876925,0.0,47.5,13359.741447929,13307.299467179,8417.760697929,13307.299467179,"CASH: 63.0%, TQQQ: 37.0%",CASH: 100.0%,33.07299467179
61,2012-02-21 22:00:00,939,Regime QQQ: RISK-ON (PAUSE): Price > EMA AND MACD_Line <= Signal_Line,QQQ,BUY,"Price(63.32) > EMA(57.66), MACD(1.2578) <= Signal(1.2819)",57.660287812001314,1.257842400208716,63.32,1.2819441265715863,3.0,200.0,0.7,0.04,MARKET,147,63.38332,9317.34804,0.0,1.47,13307.299467179,13296.521427179,13307.299467179,3988.481427179,CASH: 100.0%,"CASH: 30.0%, QQQ: 70.0%",32.96521427179
62,2012-03-13 22:00:00,969,Liquidating QQQ position (regime change),QQQ,SELL,"Price(66.49) > EMA(58.50), MACD(1.1104) > Signal(1.0640)",58.50145356941949,1.1104272056225994,66.49,1.0639882821495907,3.0,200.0,0.7,0.04,MARKET,147,66.42351,9764.25597,0.0,1.47,13762.511427179,13751.267397179,3988.481427179,13751.267397179,"CASH: 29.0%, QQQ: 71.0%",CASH: 100.0%,37.51267397179
63,2012-03-13 22:00:00,969,Regime TQQQ: RISK-ON (STRONG): Price > EMA AND MACD_Line > Signal_Line,TQQQ,BUY,"Price(66.49) > EMA(58.50), MACD(1.1104) > Signal(1.0640)",58.50145356941949,1.1104272056225994,66.49,1.0639882821495907,3.0,200.0,0.7,0.04,MARKET,5307,1.172838667,6224.254805769,0.0,53.07,13751.267397179,13691.97936041,13751.267397179,7473.94259141,CASH: 100.0%,"CASH: 54.6%, TQQQ: 45.4%",36.9197936041
64,2012-03-29 22:00:00,993,Liquidating TQQQ position (regime change),TQQQ,SELL,"Price(67.55) > EMA(59.48), MACD(1.1868) <= Signal(1.2269)",59.47652758464307,1.1867862044613702,67.55,1.2269124762776227,3.0,200.0,0.7,0.04,MARKET,5307,1.254473271,6657.489649197,0.0,53.07,14138.09639441,14078.362240607,7473.94259141,14078.362240607,"CASH: 52.9%, TQQQ: 47.1%",CASH: 100.0%,40.78362240607
65,2012-03-29 22:00:00,993,Regime QQQ: RISK-ON (PAUSE): Price > EMA AND MACD_Line <= Signal_Line,QQQ,BUY,"Price(67.55) > EMA(59.48), MACD(1.1868) <= Signal(1.2269)",59.47652758464307,1.1867862044613702,67.55,1.2269124762776227,3.0,200.0,0.7,0.04,MARKET,145,67.61755,9804.54475,0.0,1.45,14078.362240607,14067.117490607,14078.362240607,4272.367490607,CASH: 100.0%,"CASH: 30.4%, QQQ: 69.6%",40.67117490607
66,2012-04-30 22:00:00,1035,Liquidating QQQ position (regime change),QQQ,SELL,"Price(66.87) > EMA(60.95), MACD(0.1040) > Signal(0.0938)",60.95499531867182,0.10399519062747231,66.87,0.09381774255344616,3.0,200.0,0.7,0.04,MARKET,145,66.80313,9686.45385,0.0,1.45,13968.517490607,13957.371340607,4272.367490607,13957.371340607,"CASH: 30.6%, QQQ: 69.4%",CASH: 100.0%,39.57371340607
67,2012-04-30 22:00:00,1035,Regime TQQQ: RISK-ON (STRONG): Price > EMA AND MACD_Line > Signal_Line,TQQQ,BUY,"Price(66.87) > EMA(60.95), MACD(0.1040) > Signal(0.0938)",60.95499531867182,0.10399519062747231,66.87,0.09381774255344616,3.0,200.0,0.7,0.04,MARKET,3471,1.195881687,4150.905335577,0.0,34.71,13957.371340607,13918.51458203,13957.371340607,9771.75600503,CASH: 100.0%,"CASH: 70.2%, TQQQ: 29.8%",39.1851458203
68,2012-05-03 22:00:00,1041,Liquidating TQQQ position (regime change),TQQQ,SELL,"Price(64.70) > EMA(61.26), MACD(-0.0421) <= Signal(0.0759)",61.26075678157431,-0.04209105418730985,64.7,0.07588926499751199,3.0,200.0,0.7,0.04,MARKET,3471,1.169350479,4058.815512609,0.0,34.71,13834.63439603,13795.861517639,9771.75600503,13795.861517639,"CASH: 70.6%, TQQQ: 29.4%",CASH: 100.0%,37.95861517639
69,2012-05-03 22:00:00,1041,Regime QQQ: RISK-ON (PAUSE): Price > EMA AND MACD_Line <= Signal_Line,QQQ,BUY,"Price(64.70) > EMA(61.26), MACD(-0.0421) <= Signal(0.0759)",61.26075678157431,-0.04209105418730985,64.7,0.07588926499751199,3.0,200.0,0.7,0.04,MARKET,149,64.7647,9649.9403,0.0,1.49,13795.861517639,13784.731217639,13795.861517639,4144.431217639,CASH: 100.0%,"CASH: 30.1%, QQQ: 69.9%",37.84731217639
70,2012-05-17 22:00:00,1061,Liquidating QQQ position (regime change),QQQ,SELL,"Price(60.81) <= EMA(61.45), MACD(-1.1195) <= Signal(-0.6675)",61.451662130037796,-1.1194545214144895,60.81,-0.6674725881949005,3.0,200.0,0.7,0.04,MARKET,149,60.74919,9051.62931,0.0,1.49,13205.121217639,13194.570527639,4144.431217639,13194.570527639,"CASH: 31.4%, QQQ: 68.6%",CASH: 100.0%,31.94570527639
71,2012-05-20 22:00:00,1063,Regime QQQ: RISK-ON (PAUSE): Price > EMA AND MACD_Line <= Signal_Line,QQQ,BUY,"Price(62.51) > EMA(61.54), MACD(-1.1155) <= Signal(-0.7571)",61.53688996911584,-1.1154701815731514,62.51,-0.7570721810606496,3.0,200.0,0.7,0.04,MARKET,147,62.57251,9198.15897,0.0,1.47,13194.570527639,13183.911557639,13194.570527639,3994.941557639,CASH: 100.0%,"CASH: 30.3%, QQQ: 69.7%",31.83911557639
72,2012-05-29 22:00:00,1075,Liquidating QQQ position (regime change),QQQ,SELL,"Price(62.33) > EMA(61.36), MACD(-0.9489) > Signal(-0.9517)",61.36383992873061,-0.9488997001286705,62.33,-0.9517064663247821,3.0,200.0,0.7,0.04,MARKET,147,62.26767,9153.34749,0.0,1.47,13157.451557639,13146.819047639,3994.941557639,13146.819047639,"CASH: 30.4%, QQQ: 69.6%",CASH: 100.0%,31.46819047639
73,2012-05-29 22:00:00,1075,Regime TQQQ: RISK-ON (STRONG): Price > EMA AND MACD_Line > Signal_Line,TQQQ,BUY,"Price(62.33) > EMA(61.36), MACD(-0.9489) > Signal(-0.9517)",61.36383992873061,-0.9488997001286705,62.33,-0.9517064663247821,3.0,200.0,0.7,0.04,MARKET,3476,0.987411425,3432.2421133,0.0,34.76,13146.819047639,13108.630234339,13146.819047639,9679.816934339,CASH: 100.0%,"CASH: 73.8%, TQQQ: 26.2%",31.08630234339
74,2012-05-31 22:00:00,1079,Liquidating TQQQ position (regime change),TQQQ,SELL,"Price(60.41) <= EMA(61.25), MACD(-1.0431) <= Signal(-0.9671)",61.250318070210355,-1.0431166007101496,60.409,-0.967131018155136,3.0,200.0,0.7,0.04,MARKET,3476,0.94780125,3294.557145,0.0,34.76,12977.671934339,12939.614079339,9679.816934339,12939.614079339,"CASH: 74.6%, TQQQ: 25.4%",CASH: 100.0%,29.39614079339
75,2012-06-04 22:00:00,1083,Regime QQQ: RISK-ON (PAUSE): Price > EMA AND MACD_Line <= Signal_Line,QQQ,BUY,"Price(61.12) > EMA(60.88), MACD(-1.0768) <= Signal(-1.0071)",60.88357770744318,-1.0767592907336265,61.12,-1.0071255755622257,3.0,200.0,0.7,0.04,MARKET,148,61.18112,9054.80576,0.0,1.48,12939.614079339,12929.088319339,12939.614079339,3883.328319339,CASH: 100.0%,"CASH: 30.0%, QQQ: 70.0%",29.29088319339
76,2012-06-05 22:00:00,1085,Liquidating QQQ position (regime change),QQQ,SELL,"Price(62.52) > EMA(60.50), MACD(-0.9502) > Signal(-0.9957)",60.503108632107576,-0.9502185476946892,62.52,-0.9957437759297563,3.0,200.0,0.7,0.04,MARKET,148,62.45748,9243.70704,0.0,1.48,13136.288319339,13125.555359339,3883.328319339,13125.555359339,"CASH: 29.6%, QQQ: 70.4%",CASH: 100.0%,31.25555359339
77,2012-06-05 22:00:00,1085,Regime TQQQ: RISK-ON (STRONG): Price > EMA AND MACD_Line > Signal_Line,TQQQ,BUY,"Price(62.52) > EMA(60.50), MACD(-0.9502) > Signal(-0.9957)",60.503108632107576,-0.9502185476946892,62.52,-0.9957437759297563,3.0,200.0,0.7,0.04,MARKET,3799,0.906113208,3442.324077192,0.0,37.99,13125.555359339,13084.126474147,13125.555359339,9645.241282147,CASH: 100.0%,"CASH: 73.7%, TQQQ: 26.3%",30.84126474147
78,2012-07-11 22:00:00,1134,Liquidating TQQQ position (regime change),TQQQ,SELL,"Price(62.43) > EMA(61.53), MACD(0.0998) <= Signal(0.1708)",61.52716800256541,0.0997657680140378,62.43,0.17084483155255062,3.0,200.0,0.7,0.04,MARKET,3799,0.986304708,3746.971585692,0.0,37.99,13395.963590147,13354.222867839,9645.241282147,13354.222867839,"CASH: 72.0%, TQQQ: 28.0%",CASH: 100.0%,33.54222867839
79,2012-07-11 22:00:00,1134,Regime QQQ: RISK-ON (PAUSE): Price > EMA AND MACD_Line <= Signal_Line,QQQ,BUY,"Price(62.43) > EMA(61.53), MACD(0.0998) <= Signal(0.1708)",61.52716800256541,0.0997657680140378,62.43,0.17084483155255062,3.0,200.0,0.7,0.04,MARKET,149,62.49243,9311.37207,0.0,1.49,13354.222867839,13343.430797839,13354.222867839,4041.360797839,CASH: 100.0%,"CASH: 30.3%, QQQ: 69.7%",33.43430797839
80,2012-07-17 22:00:00,1142,Liquidating QQQ position (regime change),QQQ,SELL,"Price(64.39) > EMA(61.85), MACD(0.1443) > Signal(0.1276)",61.854050805923194,0.14426865391105537,64.39,0.12755983448535288,3.0,200.0,0.7,0.04,MARKET,149,64.32561,9584.51589,0.0,1.49,13635.470797839,13624.386687839,4041.360797839,13624.386687839,"CASH: 29.6%, QQQ: 70.4%",CASH: 100.0%,36.24386687839
81,2012-07-17 22:00:00,1142,Regime TQQQ: RISK-ON (STRONG): Price > EMA AND MACD_Line > Signal_Line,TQQQ,BUY,"Price(64.39) > EMA(61.85), MACD(0.1443) > Signal(0.1276)",61.854050805923194,0.14426865391105537,64.39,0.12755983448535288,3.0,200.0,0.7,0.04,MARKET,3881,1.009196188,3916.690405628,0.0,38.81,13624.386687839,13581.663910211,13624.386687839,9668.886282211,CASH: 100.0%,"CASH: 71.2%, TQQQ: 28.8%",35.81663910211
82,2012-07-23 22:00:00,1150,Liquidating TQQQ position (regime change),TQQQ,SELL,"Price(62.96) > EMA(61.64), MACD(0.1367) <= Signal(0.1759)",61.639677957679396,0.13665464388065374,62.96,0.17593919241522002,3.0,200.0,0.7,0.04,MARKET,3881,1.002121875,3889.234996875,0.0,38.81,13562.014407211,13519.311279086,9668.886282211,13519.311279086,"CASH: 71.3%, TQQQ: 28.7%",CASH: 100.0%,35.19311279086
83,2012-07-23 22:00:00,1150,Regime QQQ: RISK-ON (PAUSE): Price > EMA AND MACD_Line <= Signal_Line,QQQ,BUY,"Price(62.96) > EMA(61.64), MACD(0.1367) <= Signal(0.1759)",61.639677957679396,0.13665464388065374,62.96,0.17593919241522002,3.0,200.0,0.7,0.04,MARKET,150,63.02296,9453.444,0.0,1.5,13519.311279086,13508.367279086,13519.311279086,4064.367279086,CASH: 100.0%,"CASH: 30.1%, QQQ: 69.9%",35.08367279086
84,2012-07-26 22:00:00,1156,Liquidating QQQ position (regime change),QQQ,SELL,"Price(64.87) > EMA(61.74), MACD(0.1326) > Signal(0.1250)",61.74195782543945,0.1326161271525308,64.87,0.12497178981816098,3.0,200.0,0.7,0.04,MARKET,150,64.80513,9720.7695,0.0,1.5,13794.867279086,13783.636779086,4064.367279086,13783.636779086,"CASH: 29.5%, QQQ: 70.5%",CASH: 100.0%,37.83636779086
85,2012-07-26 22:00:00,1156,Regime TQQQ: RISK-ON (STRONG): Price > EMA AND MACD_Line > Signal_Line,TQQQ,BUY,"Price(64.87) > EMA(61.74), MACD(0.1326) > Signal(0.1250)",61.74195782543945,0.1326161271525308,64.87,0.12497178981816098,3.0,200.0,0.7,0.04,MARKET,3491,0.996828833,3479.929456003,0.0,34.91,13783.636779086,13745.250326083,13783.636779086,10268.797323083,CASH: 100.0%,"CASH: 74.7%, TQQQ: 25.3%",37.45250326083
86,2012-08-28 22:00:00,1202,Liquidating TQQQ position (regime change),TQQQ,SELL,"Price(68.40) > EMA(63.22), MACD(1.0137) <= Signal(1.0345)",63.22096469687779,1.0137162058914555,68.4,1.0344794340821883,3.0,200.0,0.7,0.04,MARKET,3491,1.24750125,4355.02686375,0.0,34.91,14628.183573083,14588.914186833,10268.797323083,14588.914186833,"CASH: 70.2%, TQQQ: 29.8%",CASH: 100.0%,45.88914186833
87,2012-08-28 22:00:00,1202,Regime QQQ: RISK-ON (PAUSE): Price > EMA AND MACD_Line <= Signal_Line,QQQ,BUY,"Price(68.40) > EMA(63.22), MACD(1.0137) <= Signal(1.0345)",63.22096469687779,1.0137162058914555,68.4,1.0344794340821883,3.0,200.0,0.7,0.04,MARKET,149,68.4684,10201.7916,0.0,1.49,14588.914186833,14577.232586833,14588.914186833,4385.632586833,CASH: 100.0%,"CASH: 30.1%, QQQ: 69.9%",45.77232586833
88,2012-09-13 22:00:00,1224,Liquidating QQQ position (regime change),QQQ,SELL,"Price(70.18) > EMA(63.83), MACD(0.8251) > Signal(0.8168)",63.82596743916617,0.8251093988395723,70.18,0.8168096667698992,3.0,200.0,0.7,0.04,MARKET,149,70.10982,10446.36318,0.0,1.49,14842.452586833,14830.505766833,4385.632586833,14830.505766833,"CASH: 29.5%, QQQ: 70.5%",CASH: 100.0%,48.30505766833
89,2012-09-13 22:00:00,1224,Regime TQQQ: RISK-ON (STRONG): Price > EMA AND MACD_Line > Signal_Line,TQQQ,BUY,"Price(70.18) > EMA(63.83), MACD(0.8251) > Signal(0.8168)",63.82596743916617,0.8251093988395723,70.18,0.8168096667698992,3.0,200.0,0.7,0.04,MARKET,4668,1.310496187,6117.396200916,0.0,46.68,14830.505766833,14777.714481917,14830.505766833,8666.429565917,CASH: 100.0%,"CASH: 58.6%, TQQQ: 41.4%",47.77714481917
90,2012-09-23 22:00:00,1236,Liquidating TQQQ position (regime change),TQQQ,SELL,"Price(69.74) > EMA(63.62), MACD(0.8471) <= Signal(0.8741)",63.61940458654773,0.8470999046949999,69.735,0.874062226299278,3.0,200.0,0.7,0.04,MARKET,4668,1.352188458,6312.015721944,0.0,46.68,14984.763621917,14931.765287861,8666.429565917,14931.765287861,"CASH: 57.8%, TQQQ: 42.2%",CASH: 100.0%,49.31765287861
91,2012-09-23 22:00:00,1236,Regime QQQ: RISK-ON (PAUSE): Price > EMA AND MACD_Line <= Signal_Line,QQQ,BUY,"Price(69.74) > EMA(63.62), MACD(0.8471) <= Signal(0.8741)",63.61940458654773,0.8470999046949999,69.735,0.874062226299278,3.0,200.0,0.7,0.04,MARKET,149,69.804735,10400.905515,0.0,1.49,14931.765287861,14919.884772861,14931.765287861,4529.369772861,CASH: 100.0%,"CASH: 30.4%, QQQ: 69.6%",49.19884772861
92,2012-11-06 22:00:00,1296,Liquidating QQQ position (regime change),QQQ,SELL,"Price(64.17) <= EMA(64.91), MACD(-0.8378) <= Signal(-0.7611)",64.91212358710358,-0.8377843354383856,64.17,-0.7610944592764424,3.0,200.0,0.7,0.04,MARKET,149,64.10583,9551.76867,0.0,1.49,14090.699772861,14079.648442861,4529.369772861,14079.648442861,"CASH: 32.1%, QQQ: 67.9%",CASH: 100.0%,40.79648442861
93,2012-11-25 22:00:00,1319,Regime TQQQ: RISK-ON (STRONG): Price > EMA AND MACD_Line > Signal_Line,TQQQ,BUY,"Price(65.18) > EMA(65.05), MACD(-0.6589) > Signal(-0.9695)",65.04547424135698,-0.658927754749314,65.181,-0.969549102376073,3.0,200.0,0.7,0.04,MARKET,4365,1.009966958,4408.50577167,0.0,43.65,14079.648442861,14031.594341191,14079.648442861,9627.492671191,CASH: 100.0%,"CASH: 68.6%, TQQQ: 31.4%",40.31594341191
94,2012-11-26 22:00:00,1321,Liquidating TQQQ position (regime change),TQQQ,SELL,"Price(64.96) <= EMA(65.07), MACD(-0.5385) > Signal(-0.8833)",65.06666552273865,-0.5384583839761774,64.96,-0.883330980588265,3.0,200.0,0.7,0.04,MARKET,4365,1.06768125,4660.42865625,0.0,43.65,14292.586421191,14244.271327441,9627.492671191,14244.271327441,"CASH: 67.4%, TQQQ: 32.6%",CASH: 100.0%,42.44271327441
95,2012-11-27 22:00:00,1323,Regime TQQQ: RISK-ON (STRONG): Price > EMA AND MACD_Line > Signal_Line,TQQQ,BUY,"Price(65.52) > EMA(65.08), MACD(-0.3933) > Signal(-0.7853)",65.07729902781979,-0.3932648969793462,65.52,-0.785317769947651,3.0,200.0,0.7,0.04,MARKET,4550,1.057723667,4812.64268485,0.0,45.5,14244.271327441,14193.963492591,14244.271327441,9386.128642591,CASH: 100.0%,"CASH: 66.1%, TQQQ: 33.9%",41.93963492591
96,2012-12-04 22:00:00,1333,Liquidating TQQQ position (regime change),TQQQ,SELL,"Price(64.90) <= EMA(65.29), MACD(-0.0082) > Signal(-0.2990)",65.28789390732875,-0.008217903750548317,64.9032,-0.29896124082511877,3.0,200.0,0.7,0.04,MARKET,4550,1.086204708,4942.2314214,0.0,45.5,14333.307242591,14282.860063991,9386.128642591,14282.860063991,"CASH: 65.5%, TQQQ: 34.5%",CASH: 100.0%,42.82860063991
97,2012-12-05 22:00:00,1335,Regime TQQQ: RISK-ON (STRONG): Price > EMA AND MACD_Line > Signal_Line,TQQQ,BUY,"Price(65.32) > EMA(65.30), MACD(0.0157) > Signal(-0.2360)",65.3041324280202,0.015661009693502592,65.32,-0.23603680653240275,3.0,200.0,0.7,0.04,MARKET,4907,1.05480375,5175.92200125,0.0,49.07,14282.860063991,14228.619312741,14282.860063991,9057.868062741,CASH: 100.0%,"CASH: 63.7%, TQQQ: 36.3%",42.28619312741
98,2012-12-06 22:00:00,1337,Liquidating TQQQ position (regime change),TQQQ,SELL,"Price(64.93) <= EMA(65.34), MACD(0.0031) > Signal(-0.1882)",65.34081963142681,0.003079954897771131,64.93,-0.18821349438199322,3.0,200.0,0.7,0.04,MARKET,4907,1.072051875,5260.558550625,0.0,49.07,14323.692437741,14269.356613366,9057.868062741,14269.356613366,"CASH: 63.2%, TQQQ: 36.8%",CASH: 100.0%,42.69356613366
99,2012-12-10 22:00:00,1341,Regime TQQQ: RISK-ON (STRONG): Price > EMA AND MACD_Line > Signal_Line,TQQQ,BUY,"Price(65.97) > EMA(65.35), MACD(0.0802) > Signal(-0.1031)",65.34619329664142,0.08018054210366188,65.97,-0.10308538562297509,3.0,200.0,0.7,0.04,MARKET,4558,1.065231167,4855.323659186,0.0,45.58,14269.356613366,14218.92614018,14269.356613366,9368.45295418,CASH: 100.0%,"CASH: 65.9%, TQQQ: 34.1%",42.1892614018
100,2012-12-12 22:00:00,1345,Liquidating TQQQ position (regime change),TQQQ,SELL,"Price(65.31) <= EMA(65.44), MACD(0.1162) > Signal(-0.0228)",65.43991349675588,0.11619870040497915,65.3111,-0.022834125030937853,3.0,200.0,0.7,0.04,MARKET,4558,1.096610292,4998.349710936,0.0,45.58,14371.80601818,14321.222665116,9368.45295418,14321.222665116,"CASH: 65.2%, TQQQ: 34.8%",CASH: 100.0%,43.21222665116
101,2012-12-16 22:00:00,1349,Regime TQQQ: RISK-ON (STRONG): Price > EMA AND MACD_Line > Signal_Line,TQQQ,BUY,"Price(65.55) > EMA(65.49), MACD(0.0820) > Signal(0.0112)",65.48558822410244,0.08197237284298353,65.55,0.011207450418975884,3.0,200.0,0.7,0.04,MARKET,4573,1.0435425,4772.1198525,0.0,45.73,14321.222665116,14270.725312616,14321.222665116,9503.372812616,CASH: 100.0%,"CASH: 66.6%, TQQQ: 33.4%",42.70725312616
102,2012-12-20 22:00:00,1357,Liquidating TQQQ position (regime change),TQQQ,SELL,"Price(65.20) <= EMA(65.52), MACD(0.2082) > Signal(0.1366)",65.52229514001236,0.20819059511457283,65.2,0.13656270807402326,3.0,200.0,0.7,0.04,MARKET,4573,1.116799083,5107.122206559,0.0,45.73,14615.607253616,14564.765019175,9503.372812616,14564.765019175,"CASH: 65.0%, TQQQ: 35.0%",CASH: 100.0%,45.64765019175
103,2013-01-01 22:00:00,1369,Regime TQQQ: RISK-ON (STRONG): Price > EMA AND MACD_Line > Signal_Line,TQQQ,BUY,"Price(67.20) > EMA(65.63), MACD(0.0654) > Signal(0.0243)",65.62759753515955,0.06539245219478573,67.2,0.024337873528477477,3.0,200.0,0.7,0.04,MARKET,4501,1.079620542,4859.372059542,0.0,45.01,14564.765019175,14514.900501633,14564.765019175,9660.382959633,CASH: 100.0%,"CASH: 66.6%, TQQQ: 33.4%",45.14900501633
104,2013-01-24 22:00:00,1401,Liquidating TQQQ position (regime change),TQQQ,SELL,"Price(67.00) > EMA(66.20), MACD(0.4142) <= Signal(0.4328)",66.20197739670944,0.4141829065207361,67.0,0.43284624888994777,3.0,200.0,0.7,0.04,MARKET,4501,1.148433417,5169.098809917,0.0,45.01,14834.656042633,14784.47176955,9660.382959633,14784.47176955,"CASH: 65.1%, TQQQ: 34.9%",CASH: 100.0%,47.8447176955
105,2013-01-24 22:00:00,1401,Regime QQQ: RISK-ON (PAUSE): Price > EMA AND MACD_Line <= Signal_Line,QQQ,BUY,"Price(67.00) > EMA(66.20), MACD(0.4142) <= Signal(0.4328)",66.20197739670944,0.4141829065207361,67.0,0.43284624888994777,3.0,200.0,0.7,0.04,MARKET,154,67.067,10328.318,0.0,1.54,14784.47176955,14772.61376955,14784.47176955,4454.61376955,CASH: 100.0%,"CASH: 30.2%, QQQ: 69.8%",47.7261376955
106,2013-02-07 22:00:00,1421,Liquidating QQQ position (regime change),QQQ,SELL,"Price(67.99) > EMA(66.06), MACD(0.3393) > Signal(0.3334)",66.06157991839324,0.3392820401288361,67.99,0.3334499094810869,3.0,200.0,0.7,0.04,MARKET,154,67.92201,10459.98954,0.0,1.54,14925.07376955,14913.06330955,4454.61376955,14913.06330955,"CASH: 29.8%, QQQ: 70.2%",CASH: 100.0%,49.1306330955
107,2013-02-07 22:00:00,1421,Regime TQQQ: RISK-ON (STRONG): Price > EMA AND MACD_Line > Signal_Line,TQQQ,BUY,"Price(67.99) > EMA(66.06), MACD(0.3393) > Signal(0.3334)",66.06157991839324,0.3392820401288361,67.99,0.3334499094810869,3.0,200.0,0.7,0.04,MARKET,5297,1.18118,6256.71046,0.0,52.97,14913.06330955,14853.84284955,14913.06330955,8603.38284955,CASH: 100.0%,"CASH: 57.9%, TQQQ: 42.1%",48.5384284955
108,2013-02-19 22:00:00,1435,Liquidating TQQQ position (regime change),TQQQ,SELL,"Price(67.19) > EMA(66.15), MACD(0.3342) <= Signal(0.3676)",66.14594520247002,0.3341821654781114,67.19,0.3675976584010537,3.0,200.0,0.7,0.04,MARKET,5297,1.227313458,6501.079387026,0.0,52.97,15110.96982355,15051.492236576,8603.38284955,15051.492236576,"CASH: 56.9%, TQQQ: 43.1%",CASH: 100.0%,50.51492236576
109,2013-02-19 22:00:00,1435,Regime QQQ: RISK-ON (PAUSE): Price > EMA AND MACD_Line <= Signal_Line,QQQ,BUY,"Price(67.19) > EMA(66.15), MACD(0.3342) <= Signal(0.3676)",66.14594520247002,0.3341821654781114,67.19,0.3675976584010537,3.0,200.0,0.7,0.04,MARKET,156,67.25719,10492.12164,0.0,1.56,15051.492236576,15039.450596576,15051.492236576,4557.810596576,CASH: 100.0%,"CASH: 30.3%, QQQ: 69.7%",50.39450596576
110,2013-03-04 22:00:00,1453,Liquidating QQQ position (regime change),QQQ,SELL,"Price(68.68) > EMA(66.38), MACD(0.1836) > Signal(0.1269)",66.37907152038177,0.1835821593260789,68.68,0.12687339012228166,3.0,200.0,0.7,0.04,MARKET,156,68.61132,10703.36592,0.0,1.56,15271.890596576,15259.616516576,4557.810596576,15259.616516576,"CASH: 29.8%, QQQ: 70.2%",CASH: 100.0%,52.59616516576
111,2013-03-04 22:00:00,1453,Regime TQQQ: RISK-ON (STRONG): Price > EMA AND MACD_Line > Signal_Line,TQQQ,BUY,"Price(68.68) > EMA(66.38), MACD(0.1836) > Signal(0.1269)",66.37907152038177,0.1835821593260789,68.68,0.12687339012228166,3.0,200.0,0.7,0.04,MARKET,5246,1.196403208,6276.331229168,0.0,52.46,15259.616516576,15200.886455408,15259.616516576,8930.825287408,CASH: 100.0%,"CASH: 58.8%, TQQQ: 41.2%",52.00886455408
112,2013-03-18 22:00:00,1473,Liquidating TQQQ position (regime change),TQQQ,SELL,"Price(68.23) > EMA(66.12), MACD(0.3632) <= Signal(0.3756)",66.11576966411938,0.36322601223943707,68.23,0.37560912386833595,3.0,200.0,0.7,0.04,MARKET,5246,1.236679083,6487.618469418,0.0,52.46,15424.937869408,15365.983756826,8930.825287408,15365.983756826,"CASH: 57.9%, TQQQ: 42.1%",CASH: 100.0%,53.65983756826
113,2013-03-18 22:00:00,1473,Regime QQQ: RISK-ON (PAUSE): Price > EMA AND MACD_Line <= Signal_Line,QQQ,BUY,"Price(68.23) > EMA(66.12), MACD(0.3632) <= Signal(0.3756)",66.11576966411938,0.36322601223943707,68.23,0.37560912386833595,3.0,200.0,0.7,0.04,MARKET,157,68.29823,10722.82211,0.0,1.57,15365.983756826,15353.701646826,15365.983756826,4641.591646826,CASH: 100.0%,"CASH: 30.2%, QQQ: 69.8%",53.53701646826
