Trade_ID,Date,Bar_Number,Strategy_State,Ticker,Decision,Decision_Reason,Indicator_Histogram,Indicator_Histogram_Delta,Indicator_MACD_Line,Indicator_Signal_Line,Indicator_VIX,Threshold_ATR_Stop_Multiplier,Threshold_Risk_Strong_Trend,Threshold_Risk_Waning_Trend,Threshold_VIX_Kill_Switch,Order_Type,Shares,Fill_Price,Position_Value,Slippage,Commission,Portfolio_Value_Before,Portfolio_Value_After,Cash_Before,Cash_After,Allocation_Before,Allocation_After,Cumulative_Return_Pct
1,2024-01-24 22:00:00,66,"Regime 3: Waning Bull (Histogram > 0, Delta ≤ 0)",TQQQ,BUY,"Histogram=2.2246, Delta=-0.0293, VIX=13.45",2.224620673265522,-0.029340257524794,5.736547709084391,3.5119270358188692,13.45,2.0,0.03,0.015,30.0,MARKET,401,56.37632,22606.90432,0.0,0.0,100000.0,99977.41568,100000.0,77393.09568,CASH: 100.0%,"CASH: 77.4%, TQQQ: 22.6%",-0.02258432
2,2024-01-30 22:00:00,84,Stop-Loss Triggered,TQQQ,SELL,Price breached stop at 52.58,0.5937007169315649,-0.8776741210780763,5.55339017262952,4.959689455697955,14.35,2.0,0.03,0.015,30.0,MARKET,401,52.58736,21087.53136,0.0,0.0,98501.73568,98480.62704,77393.09568,98480.62704,"CASH: 78.6%, TQQQ: 21.4%",CASH: 100.0%,-1.51937296
3,2024-01-31 22:00:00,86,"Regime 3: Waning Bull (Histogram > 0, Delta ≤ 0)",TQQQ,BUY,"Histogram=0.2806, Delta=-0.3131, VIX=13.88",0.2805969958860821,-0.3131037210454828,5.3104357005555585,5.029838704669476,13.88,2.0,0.03,0.015,30.0,MARKET,370,52.69264,19496.2768,0.0,0.0,98480.62704,98461.15024,98480.62704,78984.35024,CASH: 100.0%,"CASH: 80.2%, TQQQ: 19.8%",-1.53884976
4,2024-02-01 22:00:00,90,"Regime 2: Strong Bull (Histogram > 0, Delta > 0)",TQQQ,SELL,"Histogram=0.4788, Delta=0.1982, VIX=13.85",0.47880415483410577,0.19820715894802368,5.628343898212108,5.149539743378003,13.85,2.0,0.03,0.015,30.0,MARKET,370,54.4455,20144.835,0.0,0.0,99149.35024,99129.18524,78984.35024,99129.18524,"CASH: 79.7%, TQQQ: 20.3%",CASH: 100.0%,-0.87081476
5,2024-02-01 22:00:00,90,"Regime 2: Strong Bull (Histogram > 0, Delta > 0)",TQQQ,BUY,"Histogram=0.4788, Delta=0.1982, VIX=13.85",0.47880415483410577,0.19820715894802368,5.628343898212108,5.149539743378003,13.85,2.0,0.03,0.015,30.0,MARKET,704,54.5545,38406.368,0.0,0.0,99129.18524,99090.81724,99129.18524,60722.81724,CASH: 100.0%,"CASH: 61.3%, TQQQ: 38.7%",-0.90918276
6,2024-02-05 22:00:00,98,"Regime 3: Waning Bull (Histogram > 0, Delta ≤ 0)",TQQQ,SELL,"Histogram=0.3766, Delta=-0.1186, VIX=13.06",0.3766392838495518,-0.11861231070191904,5.744151746827811,5.367512462978259,13.06,2.0,0.03,0.015,30.0,MARKET,704,56.89305,40052.7072,0.0,0.0,100815.61724,100775.52444,60722.81724,100775.52444,"CASH: 60.2%, TQQQ: 39.8%",CASH: 100.0%,0.77552444
7,2024-02-05 22:00:00,98,"Regime 3: Waning Bull (Histogram > 0, Delta ≤ 0)",TQQQ,BUY,"Histogram=0.3766, Delta=-0.1186, VIX=13.06",0.3766392838495518,-0.11861231070191904,5.744151746827811,5.367512462978259,13.06,2.0,0.03,0.015,30.0,MARKET,358,57.00695,20408.4881,0.0,0.0,100775.52444,100755.13634,100775.52444,80367.03634,CASH: 100.0%,"CASH: 79.8%, TQQQ: 20.2%",0.75513634
8,2024-02-06 22:00:00,102,"Regime 2: Strong Bull (Histogram > 0, Delta > 0)",TQQQ,SELL,"Histogram=0.5144, Delta=0.1378, VIX=12.83",0.5144144660182937,0.1377751821687419,6.010530545501126,5.4961160794828325,12.83,2.0,0.03,0.015,30.0,MARKET,358,56.56338,20249.69004,0.0,0.0,100636.99634,100616.72638,80367.03634,100616.72638,"CASH: 79.9%, TQQQ: 20.1%",CASH: 100.0%,0.61672638
9,2024-02-06 22:00:00,102,"Regime 2: Strong Bull (Histogram > 0, Delta > 0)",TQQQ,BUY,"Histogram=0.5144, Delta=0.1378, VIX=12.83",0.5144144660182937,0.1377751821687419,6.010530545501126,5.4961160794828325,12.83,2.0,0.03,0.015,30.0,MARKET,720,56.67662,40807.1664,0.0,0.0,100616.72638,100575.95998,100616.72638,59809.55998,CASH: 100.0%,"CASH: 59.5%, TQQQ: 40.5%",0.57595998
10,2024-02-11 22:00:00,114,"Regime 3: Waning Bull (Histogram > 0, Delta ≤ 0)",TQQQ,SELL,"Histogram=0.7414, Delta=-0.0615, VIX=13.93",0.7414102091483077,-0.0614736908271771,6.767287294559139,6.025877085410832,13.93,2.0,0.03,0.015,30.0,MARKET,720,60.20973,43351.0056,0.0,0.0,103203.95998,103160.56558,59809.55998,103160.56558,"CASH: 58.0%, TQQQ: 42.0%",CASH: 100.0%,3.16056558
11,2024-02-11 22:00:00,114,"Regime 3: Waning Bull (Histogram > 0, Delta ≤ 0)",TQQQ,BUY,"Histogram=0.7414, Delta=-0.0615, VIX=13.93",0.7414102091483077,-0.0614736908271771,6.767287294559139,6.025877085410832,13.93,2.0,0.03,0.015,30.0,MARKET,411,60.33027,24795.74097,0.0,0.0,103160.56558,103135.79461,103160.56558,78364.82461,CASH: 100.0%,"CASH: 76.0%, TQQQ: 24.0%",3.13579461
12,2024-02-12 22:00:00,120,Stop-Loss Triggered,TQQQ,SELL,Price breached stop at 56.51,0.17575503392428793,-0.5656551752240198,6.245570877816192,6.069815843891904,15.85,2.0,0.03,0.015,30.0,MARKET,411,56.68326,23296.81986,0.0,0.0,101684.96461,101661.64447,78364.82461,101661.64447,"CASH: 77.1%, TQQQ: 22.9%",CASH: 100.0%,1.66164447
13,2024-02-13 22:00:00,122,"Regime 3: Waning Bull (Histogram > 0, Delta ≤ 0)",TQQQ,BUY,"Histogram=0.0547, Delta=-0.1211, VIX=14.38",0.054691096961492214,-0.12106393696279572,6.13817971509377,6.083488618132278,14.38,2.0,0.03,0.015,30.0,MARKET,344,56.79674,19538.07856,0.0,0.0,101661.64447,101642.12591,101661.64447,82123.56591,CASH: 100.0%,"CASH: 80.8%, TQQQ: 19.2%",1.64212591
14,2024-02-15 22:00:00,130,Liquidating TQQQ position (regime change),TQQQ,SELL,"Histogram=-0.3368, Delta=-0.3396, VIX=14.24",-0.3367711126049926,-0.3395774634299755,5.663226315082284,5.999997427687276,14.24,2.0,0.03,0.015,30.0,MARKET,344,58.97097,20286.01368,0.0,0.0,102429.88591,102409.57959,82123.56591,102409.57959,"CASH: 80.2%, TQQQ: 19.8%",CASH: 100.0%,2.40957959
15,2024-02-15 22:00:00,130,"Regime 4: Strong Bear (Histogram < 0, Delta < 0)",SQQQ,BUY,"Histogram=-0.3368, Delta=-0.3396, VIX=14.24",-0.3367711126049926,-0.3395774634299755,5.663226315082284,5.999997427687276,14.24,2.0,0.03,0.015,30.0,MARKET,747,56.70665,42359.86755,0.0,0.0,102409.57959,102367.26204,102409.57959,60049.71204,CASH: 100.0%,"CASH: 58.7%, SQQQ: 41.3%",2.36726204
16,2024-02-19 22:00:00,135,Stop-Loss Triggered,SQQQ,SELL,Price breached stop at 60.76,-0.7940658284205258,-0.4572947158155332,5.007415142161619,5.801480970582145,15.42,2.0,0.03,0.015,30.0,MARKET,747,59.5404,44476.6788,0.0,0.0,104570.91204,104526.39084,60049.71204,104526.39084,"CASH: 57.4%, SQQQ: 42.6%",CASH: 100.0%,4.52639084
17,2024-02-20 22:00:00,138,"Regime 4: Strong Bear (Histogram < 0, Delta < 0)",SQQQ,BUY,"Histogram=-1.2011, Delta=-0.4070, VIX=15.34",-1.201082253897276,-0.4070164254767502,4.300128153210551,5.501210407107827,15.34,2.0,0.03,0.015,30.0,MARKET,725,59.6596,43253.21,0.0,0.0,104526.39084,104483.18084,104526.39084,61273.18084,CASH: 100.0%,"CASH: 58.6%, SQQQ: 41.4%",4.48318084
18,2024-02-21 22:00:00,142,"Regime 5: Waning Bear (Histogram < 0, Delta ≥ 0)",SQQQ,SELL,"Histogram=-0.6482, Delta=0.5529, VIX=14.54",-0.6482149417489103,0.5528673121483657,4.69094172992169,5.3391566716706,14.54,2.0,0.03,0.015,30.0,MARKET,725,60.28965,43709.99625,0.0,0.0,105026.93084,104983.17709,61273.18084,104983.17709,"CASH: 58.3%, SQQQ: 41.7%",CASH: 100.0%,4.98317709
19,2024-02-21 22:00:00,142,"Regime 5: Waning Bear (Histogram < 0, Delta ≥ 0)",SQQQ,BUY,"Histogram=-0.6482, Delta=0.5529, VIX=14.54",-0.6482149417489103,0.5528673121483657,4.69094172992169,5.3391566716706,14.54,2.0,0.03,0.015,30.0,MARKET,340,60.41035,20539.519,0.0,0.0,104983.17709,104962.65809,104983.17709,84443.65809,CASH: 100.0%,"CASH: 80.5%, SQQQ: 19.5%",4.96265809
20,2024-02-29 22:00:00,166,Liquidating SQQQ position (regime change),SQQQ,SELL,"Histogram=0.4568, Delta=0.5282, VIX=13.11",0.4568197977392616,0.5282147080210615,4.99986817691547,4.543048379176208,13.11,2.0,0.03,0.015,30.0,MARKET,340,54.89505,18664.317,0.0,0.0,103126.65809,103107.97509,84443.65809,103107.97509,"CASH: 81.9%, SQQQ: 18.1%",CASH: 100.0%,3.10797509
21,2024-02-29 22:00:00,166,"Regime 2: Strong Bull (Histogram > 0, Delta > 0)",TQQQ,BUY,"Histogram=0.4568, Delta=0.5282, VIX=13.11",0.4568197977392616,0.5282147080210615,4.99986817691547,4.543048379176208,13.11,2.0,0.03,0.015,30.0,MARKET,804,60.42036,48577.96944,0.0,0.0,103107.97509,103059.44565,103107.97509,54530.00565,CASH: 100.0%,"CASH: 52.9%, TQQQ: 47.1%",3.05944565
22,2024-03-04 22:00:00,174,"Regime 3: Waning Bull (Histogram > 0, Delta ≤ 0)",TQQQ,SELL,"Histogram=0.0962, Delta=-0.5019, VIX=14.46",0.09615995364534147,-0.5018966499223687,4.7176159100581,4.621455956412759,14.46,2.0,0.03,0.015,30.0,MARKET,804,62.31762,50103.36648,0.0,0.0,104683.52565,104633.37213,54530.00565,104633.37213,"CASH: 52.1%, TQQQ: 47.9%",CASH: 100.0%,4.63337213
23,2024-03-04 22:00:00,174,"Regime 3: Waning Bull (Histogram > 0, Delta ≤ 0)",TQQQ,BUY,"Histogram=0.0962, Delta=-0.5019, VIX=14.46",0.09615995364534147,-0.5018966499223687,4.7176159100581,4.621455956412759,14.46,2.0,0.03,0.015,30.0,MARKET,385,62.44238,24040.3163,0.0,0.0,104633.37213,104609.35583,104633.37213,80593.05583,CASH: 100.0%,"CASH: 77.0%, TQQQ: 23.0%",4.60935583
24,2024-03-04 22:00:00,176,Stop-Loss Triggered,TQQQ,SELL,Price breached stop at 58.31,0.09615995364534147,-0.5018966499223687,4.7176159100581,4.621455956412759,14.46,2.0,0.03,0.015,30.0,MARKET,385,58.98096,22707.6696,0.0,0.0,103323.45583,103300.72543,80593.05583,103300.72543,"CASH: 78.0%, TQQQ: 22.0%",CASH: 100.0%,3.30072543
25,2024-03-05 22:00:00,178,"Regime 4: Strong Bear (Histogram < 0, Delta < 0)",SQQQ,BUY,"Histogram=-0.0950, Delta=-0.1911, VIX=14.50",-0.09497172622415029,-0.19113167986949176,4.506331734936907,4.6013034611610575,14.5,2.0,0.03,0.015,30.0,MARKET,692,56.00595,38756.1174,0.0,0.0,103300.72543,103262.00803,103300.72543,64544.60803,CASH: 100.0%,"CASH: 62.5%, SQQQ: 37.5%",3.26200803
26,2024-03-06 22:00:00,182,Liquidating SQQQ position (regime change),SQQQ,SELL,"Histogram=0.1192, Delta=0.2142, VIX=14.44",0.11924758301309346,0.21421930923724375,4.957710636506988,4.838463053493895,14.44,2.0,0.03,0.015,30.0,MARKET,692,54.8451,37952.8092,0.0,0.0,102535.40803,102497.41723,64544.60803,102497.41723,"CASH: 62.9%, SQQQ: 37.1%",CASH: 100.0%,2.49741723
27,2024-03-06 22:00:00,182,"Regime 2: Strong Bull (Histogram > 0, Delta > 0)",TQQQ,BUY,"Histogram=0.1192, Delta=0.2142, VIX=14.44",0.11924758301309346,0.21421930923724375,4.957710636506988,4.838463053493895,14.44,2.0,0.03,0.015,30.0,MARKET,663,60.19013,39906.05619,0.0,0.0,102497.41723,102457.55104,102497.41723,62591.36104,CASH: 100.0%,"CASH: 61.1%, TQQQ: 38.9%",2.45755104
28,2024-03-07 22:00:00,186,Liquidating TQQQ position (regime change),TQQQ,SELL,"Histogram=-0.0342, Delta=-0.1534, VIX=14.74",-0.03419395877033793,-0.1534415417834314,4.276902559044174,4.311096517814512,14.74,2.0,0.03,0.015,30.0,MARKET,663,62.74719,41601.38697,0.0,0.0,104234.39104,104192.74801,62591.36104,104192.74801,"CASH: 60.0%, TQQQ: 40.0%",CASH: 100.0%,4.19274801
29,2024-03-07 22:00:00,186,"Regime 4: Strong Bear (Histogram < 0, Delta < 0)",SQQQ,BUY,"Histogram=-0.0342, Delta=-0.1534, VIX=14.74",-0.03419395877033793,-0.1534415417834314,4.276902559044174,4.311096517814512,14.74,2.0,0.03,0.015,30.0,MARKET,704,52.60255,37032.1952,0.0,0.0,104192.74801,104155.75281,104192.74801,67160.55281,CASH: 100.0%,"CASH: 64.5%, SQQQ: 35.5%",4.15575281
30,2024-03-11 22:00:00,194,Liquidating SQQQ position (regime change),SQQQ,SELL,"Histogram=0.0083, Delta=0.1771, VIX=13.84",0.008340128888253862,0.17705388012199386,3.494832908603371,3.486492779715117,13.84,2.0,0.03,0.015,30.0,MARKET,704,55.39455,38997.7632,0.0,0.0,106197.35281,106158.31601,67160.55281,106158.31601,"CASH: 63.2%, SQQQ: 36.8%",CASH: 100.0%,6.15831601
31,2024-03-11 22:00:00,194,"Regime 2: Strong Bull (Histogram > 0, Delta > 0)",TQQQ,BUY,"Histogram=0.0083, Delta=0.1771, VIX=13.84",0.008340128888253862,0.17705388012199386,3.494832908603371,3.486492779715117,13.84,2.0,0.03,0.015,30.0,MARKET,608,59.41936,36126.97088,0.0,0.0,106158.31601,106122.22513,106158.31601,70031.34513,CASH: 100.0%,"CASH: 66.0%, TQQQ: 34.0%",6.12222513
32,2024-03-12 22:00:00,198,Liquidating TQQQ position (regime change),TQQQ,SELL,"Histogram=-0.0977, Delta=-0.1061, VIX=13.75",-0.0977374850494539,-0.10607761393770776,3.2072393350854895,3.3049768201349434,13.75,2.0,0.03,0.015,30.0,MARKET,608,61.81812,37585.41696,0.0,0.0,107654.38513,107616.76209,70031.34513,107616.76209,"CASH: 65.1%, TQQQ: 34.9%",CASH: 100.0%,7.61676209
33,2024-03-12 22:00:00,198,"Regime 4: Strong Bear (Histogram < 0, Delta < 0)",SQQQ,BUY,"Histogram=-0.0977, Delta=-0.1061, VIX=13.75",-0.0977374850494539,-0.10607761393770776,3.2072393350854895,3.3049768201349434,13.75,2.0,0.03,0.015,30.0,MARKET,687,53.10305,36481.79535,0.0,0.0,107616.76209,107580.31674,107616.76209,71134.96674,CASH: 100.0%,"CASH: 66.1%, SQQQ: 33.9%",7.58031674
34,2024-03-18 22:00:00,214,"Regime 5: Waning Bear (Histogram < 0, Delta ≥ 0)",SQQQ,SELL,"Histogram=-0.6515, Delta=0.1550, VIX=13.82",-0.6514578756277576,0.1549571812465937,1.6395992728474766,2.2910571484752342,13.82,2.0,0.03,0.015,30.0,MARKET,687,55.19475,37918.79325,0.0,0.0,109091.71674,109053.75999,71134.96674,109053.75999,"CASH: 65.2%, SQQQ: 34.8%",CASH: 100.0%,9.05375999
35,2024-03-18 22:00:00,214,"Regime 5: Waning Bear (Histogram < 0, Delta ≥ 0)",SQQQ,BUY,"Histogram=-0.6515, Delta=0.1550, VIX=13.82",-0.6514578756277576,0.1549571812465937,1.6395992728474766,2.2910571484752342,13.82,2.0,0.03,0.015,30.0,MARKET,360,55.30525,19909.89,0.0,0.0,109053.75999,109033.86999,109053.75999,89143.86999,CASH: 100.0%,"CASH: 81.8%, SQQQ: 18.2%",9.03386999
36,2024-03-21 22:00:00,226,Liquidating SQQQ position (regime change),SQQQ,SELL,"Histogram=0.1907, Delta=0.3659, VIX=13.06",0.1906732797937405,0.3659063922349346,2.9622139289900247,2.771540649196284,13.06,2.0,0.03,0.015,30.0,MARKET,360,51.4485,18521.46,0.0,0.0,107683.86999,107665.32999,89143.86999,107665.32999,"CASH: 82.8%, SQQQ: 17.2%",CASH: 100.0%,7.66532999
37,2024-03-21 22:00:00,226,"Regime 2: Strong Bull (Histogram > 0, Delta > 0)",TQQQ,BUY,"Histogram=0.1907, Delta=0.3659, VIX=13.06",0.1906732797937405,0.3659063922349346,2.9622139289900247,2.771540649196284,13.06,2.0,0.03,0.015,30.0,MARKET,625,62.5625,39101.5625,0.0,0.0,107665.32999,107626.26749,107665.32999,68563.76749,CASH: 100.0%,"CASH: 63.7%, TQQQ: 36.3%",7.62626749
38,2024-03-25 22:00:00,234,"Regime 3: Waning Bull (Histogram > 0, Delta ≤ 0)",TQQQ,SELL,"Histogram=0.2307, Delta=-0.1424, VIX=13.24",0.23067906890124634,-0.14243404713380417,2.5634386013326775,2.332759532431431,13.24,2.0,0.03,0.015,30.0,MARKET,625,61.92801,38705.00625,0.0,0.0,107307.51749,107268.77374,68563.76749,107268.77374,"CASH: 63.9%, TQQQ: 36.1%",CASH: 100.0%,7.26877374
39,2024-03-25 22:00:00,234,"Regime 3: Waning Bull (Histogram > 0, Delta ≤ 0)",TQQQ,BUY,"Histogram=0.2307, Delta=-0.1424, VIX=13.24",0.23067906890124634,-0.14243404713380417,2.5634386013326775,2.332759532431431,13.24,2.0,0.03,0.015,30.0,MARKET,344,62.05199,21345.88456,0.0,0.0,107268.77374,107247.44918,107268.77374,85922.88918,CASH: 100.0%,"CASH: 80.1%, TQQQ: 19.9%",7.24744918
40,2024-03-27 22:00:00,242,"Regime 2: Strong Bull (Histogram > 0, Delta > 0)",TQQQ,SELL,"Histogram=0.2019, Delta=0.0090, VIX=13.01",0.20187766754689784,0.00904001323700854,2.3155624175025764,2.1136847499556786,13.01,2.0,0.03,0.015,30.0,MARKET,344,61.88805,21289.4892,0.0,0.0,107233.68918,107212.37838,85922.88918,107212.37838,"CASH: 80.1%, TQQQ: 19.9%",CASH: 100.0%,7.21237838
41,2024-03-27 22:00:00,242,"Regime 2: Strong Bull (Histogram > 0, Delta > 0)",TQQQ,BUY,"Histogram=0.2019, Delta=0.0090, VIX=13.01",0.20187766754689784,0.00904001323700854,2.3155624175025764,2.1136847499556786,13.01,2.0,0.03,0.015,30.0,MARKET,756,62.01195,46881.0342,0.0,0.0,107212.37838,107165.54418,107212.37838,60331.34418,CASH: 100.0%,"CASH: 56.3%, TQQQ: 43.7%",7.16554418
42,2024-03-31 22:00:00,246,"Regime 3: Waning Bull (Histogram > 0, Delta ≤ 0)",TQQQ,SELL,"Histogram=0.1876, Delta=-0.0143, VIX=13.65",0.18762337703570964,-0.0142542905111882,2.276405245162209,2.0887818681264996,13.65,2.0,0.03,0.015,30.0,MARKET,756,61.49844,46492.82064,0.0,0.0,106870.70418,106824.16482,60331.34418,106824.16482,"CASH: 56.5%, TQQQ: 43.5%",CASH: 100.0%,6.82416482
43,2024-03-31 22:00:00,246,"Regime 3: Waning Bull (Histogram > 0, Delta ≤ 0)",TQQQ,BUY,"Histogram=0.1876, Delta=-0.0143, VIX=13.65",0.18762337703570964,-0.0142542905111882,2.276405245162209,2.0887818681264996,13.65,2.0,0.03,0.015,30.0,MARKET,367,61.62156,22615.11252,0.0,0.0,106824.16482,106801.5723,106824.16482,84209.0523,CASH: 100.0%,"CASH: 78.8%, TQQQ: 21.2%",6.8015723
44,2024-04-01 22:00:00,250,Liquidating TQQQ position (regime change),TQQQ,SELL,"Histogram=-0.0070, Delta=-0.1946, VIX=14.61",-0.0069813629025095025,-0.19460473993821914,1.6976736980789724,1.704655060981482,14.61,2.0,0.03,0.015,30.0,MARKET,367,61.87806,22709.24802,0.0,0.0,106941.0323,106918.30032,84209.0523,106918.30032,"CASH: 78.7%, TQQQ: 21.3%",CASH: 100.0%,6.91830032
45,2024-04-01 22:00:00,250,"Regime 4: Strong Bear (Histogram < 0, Delta < 0)",SQQQ,BUY,"Histogram=-0.0070, Delta=-0.1946, VIX=14.61",-0.0069813629025095025,-0.19460473993821914,1.6976736980789724,1.704655060981482,14.61,2.0,0.03,0.015,30.0,MARKET,999,52.10205,52049.94795,0.0,0.0,106918.30032,106866.30237,106918.30032,54868.35237,CASH: 100.0%,"CASH: 51.3%, SQQQ: 48.7%",6.86630237
46,2024-04-03 22:00:00,259,Stop-Loss Triggered,SQQQ,SELL,Price breached stop at 55.26,-0.8737256085286593,-0.6855149518010895,1.328413100825287,2.2021387093539464,16.35,2.0,0.03,0.015,30.0,MARKET,999,55.5444,55488.8556,0.0,0.0,110412.75237,110357.20797,54868.35237,110357.20797,"CASH: 49.7%, SQQQ: 50.3%",CASH: 100.0%,10.35720797
47,2024-04-04 22:00:00,262,"Regime 5: Waning Bear (Histogram < 0, Delta ≥ 0)",SQQQ,BUY,"Histogram=-0.7333, Delta=0.1404, VIX=16.03",-0.7333083227316606,0.1404172857969987,0.8663198673999091,1.5996281901315696,16.03,2.0,0.03,0.015,30.0,MARKET,383,55.6556,21316.0948,0.0,0.0,110357.20797,110335.91317,110357.20797,89041.11317,CASH: 100.0%,"CASH: 80.7%, SQQQ: 19.3%",10.33591317
48,2024-04-09 22:00:00,274,"Regime 4: Strong Bear (Histogram < 0, Delta < 0)",SQQQ,SELL,"Histogram=-0.8001, Delta=-0.2057, VIX=15.80",-0.8000663072441654,-0.2056915740287591,0.8165816445690552,1.6166479518132206,15.8,2.0,0.03,0.015,30.0,MARKET,383,52.99695,20297.83185,0.0,0.0,109359.26317,109338.94502,89041.11317,109338.94502,"CASH: 81.4%, SQQQ: 18.6%",CASH: 100.0%,9.33894502
49,2024-04-09 22:00:00,274,"Regime 4: Strong Bear (Histogram < 0, Delta < 0)",SQQQ,BUY,"Histogram=-0.8001, Delta=-0.2057, VIX=15.80",-0.8000663072441654,-0.2056915740287591,0.8165816445690552,1.6166479518132206,15.8,2.0,0.03,0.015,30.0,MARKET,775,53.10305,41154.86375,0.0,0.0,109338.94502,109297.83127,109338.94502,68184.08127,CASH: 100.0%,"CASH: 62.4%, SQQQ: 37.6%",9.29783127
50,2024-04-10 22:00:00,278,"Regime 5: Waning Bear (Histogram < 0, Delta ≥ 0)",SQQQ,SELL,"Histogram=-0.4446, Delta=0.3555, VIX=14.91",-0.44457355400969956,0.35549275323446583,1.2144221613145874,1.658995715324287,14.91,2.0,0.03,0.015,30.0,MARKET,775,54.4455,42195.2625,0.0,0.0,110421.58127,110379.34377,68184.08127,110379.34377,"CASH: 61.7%, SQQQ: 38.3%",CASH: 100.0%,10.37934377
51,2024-04-10 22:00:00,278,"Regime 5: Waning Bear (Histogram < 0, Delta ≥ 0)",SQQQ,BUY,"Histogram=-0.4446, Delta=0.3555, VIX=14.91",-0.44457355400969956,0.35549275323446583,1.2144221613145874,1.658995715324287,14.91,2.0,0.03,0.015,30.0,MARKET,389,54.5545,21221.7005,0.0,0.0,110379.34377,110358.14327,110379.34377,89157.64327,CASH: 100.0%,"CASH: 80.8%, SQQQ: 19.2%",10.35814327
52,2024-04-14 22:00:00,286,"Regime 4: Strong Bear (Histogram < 0, Delta < 0)",SQQQ,SELL,"Histogram=-0.9547, Delta=-0.6097, VIX=19.23",-0.9546757663656038,-0.6096654288627755,-0.6232309150140054,0.3314448513515984,19.23,2.0,0.03,0.015,30.0,MARKET,389,54.39555,21159.86895,0.0,0.0,110338.69327,110317.51222,89157.64327,110317.51222,"CASH: 80.8%, SQQQ: 19.2%",CASH: 100.0%,10.31751222
53,2024-04-14 22:00:00,286,"Regime 4: Strong Bear (Histogram < 0, Delta < 0)",SQQQ,BUY,"Histogram=-0.9547, Delta=-0.6097, VIX=19.23",-0.9546757663656038,-0.6096654288627755,-0.6232309150140054,0.3314448513515984,19.23,2.0,0.03,0.015,30.0,MARKET,745,54.50445,40605.81525,0.0,0.0,110317.51222,110276.94697,110317.51222,69711.69697,CASH: 100.0%,"CASH: 63.2%, SQQQ: 36.8%",10.27694697
54,2024-04-16 22:00:00,295,Stop-Loss Triggered,SQQQ,SELL,Price breached stop at 58.89,-1.7124455940243157,-0.4400031440884413,-2.20082669790321,-0.4883811038788944,18.21,2.0,0.03,0.015,30.0,MARKET,745,59.2407,44134.3215,0.0,0.0,113890.19697,113846.01847,69711.69697,113846.01847,"CASH: 61.2%, SQQQ: 38.8%",CASH: 100.0%,13.84601847
55,2024-04-17 22:00:00,298,"Regime 4: Strong Bear (Histogram < 0, Delta < 0)",SQQQ,BUY,"Histogram=-2.1207, Delta=-0.4082, VIX=18.00",-2.1206877920088156,-0.4082421979844999,-2.930097929158194,-0.8094101371493783,18.0,2.0,0.03,0.015,30.0,MARKET,658,59.3593,39058.4194,0.0,0.0,113846.01847,113806.99907,113846.01847,74787.59907,CASH: 100.0%,"CASH: 65.7%, SQQQ: 34.3%",13.80699907
56,2024-04-18 22:00:00,303,Stop-Loss Triggered,SQQQ,SELL,Price breached stop at 64.49,-2.6922584606032727,-0.5715706685944572,-4.5095413982894,-1.8172829376861275,18.71,2.0,0.03,0.015,30.0,MARKET,658,64.1358,42201.3564,0.0,0.0,117031.19907,116988.95547,74787.59907,116988.95547,"CASH: 63.9%, SQQQ: 36.1%",CASH: 100.0%,16.98895547
57,2024-04-21 22:00:00,306,"Regime 5: Waning Bear (Histogram < 0, Delta ≥ 0)",SQQQ,BUY,"Histogram=-2.5287, Delta=0.1635, VIX=16.94",-2.528747639456148,0.1635108211471247,-5.571537086309604,-3.042789446853456,16.94,2.0,0.03,0.015,30.0,MARKET,310,64.2642,19921.902,0.0,0.0,116988.95547,116969.05347,116988.95547,97067.05347,CASH: 100.0%,"CASH: 83.0%, SQQQ: 17.0%",16.96905347
58,2024-04-28 22:00:00,326,Liquidating SQQQ position (regime change),SQQQ,SELL,"Histogram=0.1566, Delta=0.4684, VIX=14.67",0.15656197916855108,0.4683867667629884,-3.540401818964142,-3.696963798132693,14.67,2.0,0.03,0.015,30.0,MARKET,310,57.09285,17698.7835,0.0,0.0,114783.55347,114765.83697,97067.05347,114765.83697,"CASH: 84.6%, SQQQ: 15.4%",CASH: 100.0%,14.76583697
59,2024-04-28 22:00:00,326,"Regime 2: Strong Bull (Histogram > 0, Delta > 0)",TQQQ,BUY,"Histogram=0.1566, Delta=0.4684, VIX=14.67",0.15656197916855108,0.4683867667629884,-3.540401818964142,-3.696963798132693,14.67,2.0,0.03,0.015,30.0,MARKET,642,55.33528,35525.24976,0.0,0.0,114765.83697,114730.34721,114765.83697,79240.58721,CASH: 100.0%,"CASH: 69.1%, TQQQ: 30.9%",14.73034721
60,2024-04-29 22:00:00,330,"Regime 3: Waning Bull (Histogram > 0, Delta ≤ 0)",TQQQ,SELL,"Histogram=0.0171, Delta=-0.1394, VIX=15.65",0.01712591810133368,-0.1394360610672174,-3.529246121101437,-3.5463720392027707,15.65,2.0,0.03,0.015,30.0,MARKET,642,55.88406,35877.56652,0.0,0.0,115154.06721,115118.15373,79240.58721,115118.15373,"CASH: 68.8%, TQQQ: 31.2%",CASH: 100.0%,15.11815373
61,2024-04-29 22:00:00,330,"Regime 3: Waning Bull (Histogram > 0, Delta ≤ 0)",TQQQ,BUY,"Histogram=0.0171, Delta=-0.1394, VIX=15.65",0.01712591810133368,-0.1394360610672174,-3.529246121101437,-3.5463720392027707,15.65,2.0,0.03,0.015,30.0,MARKET,327,55.99594,18310.67238,0.0,0.0,115118.15373,115099.86135,115118.15373,96807.48135,CASH: 100.0%,"CASH: 84.1%, TQQQ: 15.9%",15.09986135
62,2024-04-30 22:00:00,334,Liquidating TQQQ position (regime change),TQQQ,SELL,"Histogram=-0.0608, Delta=-0.0779, VIX=15.39",-0.060822385847366434,-0.07794830394870012,-4.185200912227799,-4.124378526380433,15.39,2.0,0.03,0.015,30.0,MARKET,327,52.682265,17227.100655,0.0,0.0,114051.82635,114034.582005,96807.48135,114034.582005,"CASH: 84.9%, TQQQ: 15.1%",CASH: 100.0%,14.034582005
63,2024-04-30 22:00:00,334,"Regime 4: Strong Bear (Histogram < 0, Delta < 0)",SQQQ,BUY,"Histogram=-0.0608, Delta=-0.0779, VIX=15.39",-0.060822385847366434,-0.07794830394870012,-4.185200912227799,-4.124378526380433,15.39,2.0,0.03,0.015,30.0,MARKET,624,59.80975,37321.284,0.0,0.0,114034.582005,113997.298005,114034.582005,76713.298005,CASH: 100.0%,"CASH: 67.3%, SQQQ: 32.7%",13.997298005
64,2024-05-01 22:00:00,338,Liquidating SQQQ position (regime change),SQQQ,SELL,"Histogram=0.0954, Delta=0.1563, VIX=14.68",0.09544574933321792,0.15626813518058436,-3.6989866447631243,-3.7944323940963423,14.68,2.0,0.03,0.015,30.0,MARKET,624,61.0389,38088.2736,0.0,0.0,114839.698005,114801.571605,76713.298005,114801.571605,"CASH: 66.8%, SQQQ: 33.2%",CASH: 100.0%,14.801571605
65,2024-05-01 22:00:00,338,"Regime 2: Strong Bull (Histogram > 0, Delta > 0)",TQQQ,BUY,"Histogram=0.0954, Delta=0.1563, VIX=14.68",0.09544574933321792,0.15626813518058436,-3.6989866447631243,-3.7944323940963423,14.68,2.0,0.03,0.015,30.0,MARKET,586,51.6516,30267.8376,0.0,0.0,114801.571605,114771.334005,114801.571605,84533.734005,CASH: 100.0%,"CASH: 73.7%, TQQQ: 26.3%",14.771334005
66,2024-05-12 22:00:00,366,"Regime 3: Waning Bull (Histogram > 0, Delta ≤ 0)",TQQQ,SELL,"Histogram=2.3548, Delta=-0.0333, VIX=13.60",2.3548002109274586,-0.0332533236358044,1.354784504314921,-1.0000157066125377,13.6,2.0,0.03,0.015,30.0,MARKET,586,59.11083,34638.94638,0.0,0.0,119207.354005,119172.680385,84533.734005,119172.680385,"CASH: 70.9%, TQQQ: 29.1%",CASH: 100.0%,19.172680385
67,2024-05-12 22:00:00,366,"Regime 3: Waning Bull (Histogram > 0, Delta ≤ 0)",TQQQ,BUY,"Histogram=2.3548, Delta=-0.0333, VIX=13.60",2.3548002109274586,-0.0332533236358044,1.354784504314921,-1.0000157066125377,13.6,2.0,0.03,0.015,30.0,MARKET,421,59.22917,24935.48057,0.0,0.0,119172.680385,119147.769815,119172.680385,94237.199815,CASH: 100.0%,"CASH: 79.1%, TQQQ: 20.9%",19.147769815
68,2024-05-13 22:00:00,370,"Regime 2: Strong Bull (Histogram > 0, Delta > 0)",TQQQ,SELL,"Histogram=2.3552, Delta=0.0004, VIX=13.42",2.3551794733538847,0.0003792624264261,2.089371305408349,-0.26580816794553536,13.42,2.0,0.03,0.015,30.0,MARKET,421,59.50044,25049.68524,0.0,0.0,119311.959815,119286.885055,94237.199815,119286.885055,"CASH: 79.0%, TQQQ: 21.0%",CASH: 100.0%,19.286885055
69,2024-05-13 22:00:00,370,"Regime 2: Strong Bull (Histogram > 0, Delta > 0)",TQQQ,BUY,"Histogram=2.3552, Delta=0.0004, VIX=13.42",2.3551794733538847,0.0003792624264261,2.089371305408349,-0.26580816794553536,13.42,2.0,0.03,0.015,30.0,MARKET,940,59.61956,56042.3864,0.0,0.0,119286.885055,119230.898655,119286.885055,63244.498655,CASH: 100.0%,"CASH: 53.0%, TQQQ: 47.0%",19.230898655
70,2024-05-16 22:00:00,382,"Regime 3: Waning Bull (Histogram > 0, Delta ≤ 0)",TQQQ,SELL,"Histogram=2.5461, Delta=-0.1768, VIX=11.99",2.5460945441723988,-0.1768238413539755,4.332487858474792,1.7863933143023933,11.99,2.0,0.03,0.015,30.0,MARKET,940,63.01692,59235.9048,0.0,0.0,122539.698655,122480.403455,63244.498655,122480.403455,"CASH: 51.6%, TQQQ: 48.4%",CASH: 100.0%,22.480403455
71,2024-05-16 22:00:00,382,"Regime 3: Waning Bull (Histogram > 0, Delta ≤ 0)",TQQQ,BUY,"Histogram=2.5461, Delta=-0.1768, VIX=11.99",2.5460945441723988,-0.1768238413539755,4.332487858474792,1.7863933143023933,11.99,2.0,0.03,0.015,30.0,MARKET,492,63.14308,31066.39536,0.0,0.0,122480.403455,122449.368095,122480.403455,91414.008095,CASH: 100.0%,"CASH: 74.7%, TQQQ: 25.3%",22.449368095
72,2024-05-23 22:00:00,402,"Regime 2: Strong Bull (Histogram > 0, Delta > 0)",TQQQ,SELL,"Histogram=1.5296, Delta=0.0152, VIX=11.93",1.5295645254167338,0.0151856718164014,6.124892721507877,4.595328196091143,11.93,2.0,0.03,0.015,30.0,MARKET,492,63.50643,31245.16356,0.0,0.0,122690.448095,122659.171655,91414.008095,122659.171655,"CASH: 74.5%, TQQQ: 25.5%",CASH: 100.0%,22.659171655
73,2024-05-23 22:00:00,402,"Regime 2: Strong Bull (Histogram > 0, Delta > 0)",TQQQ,BUY,"Histogram=1.5296, Delta=0.0152, VIX=11.93",1.5295645254167338,0.0151856718164014,6.124892721507877,4.595328196091143,11.93,2.0,0.03,0.015,30.0,MARKET,1021,63.63357,64969.87497,0.0,0.0,122659.171655,122594.266685,122659.171655,57689.296685,CASH: 100.0%,"CASH: 47.1%, TQQQ: 52.9%",22.594266685
74,2024-05-27 22:00:00,406,"Regime 3: Waning Bull (Histogram > 0, Delta ≤ 0)",TQQQ,SELL,"Histogram=1.4501, Delta=-0.0795, VIX=12.92",1.4500529643906015,-0.0795115610261323,6.396225483589944,4.946172519199343,12.92,2.0,0.03,0.015,30.0,MARKET,1021,65.28465,66655.62765,0.0,0.0,124411.646685,124344.924335,57689.296685,124344.924335,"CASH: 46.4%, TQQQ: 53.6%",CASH: 100.0%,24.344924335
75,2024-05-27 22:00:00,406,"Regime 3: Waning Bull (Histogram > 0, Delta ≤ 0)",TQQQ,BUY,"Histogram=1.4501, Delta=-0.0795, VIX=12.92",1.4500529643906015,-0.0795115610261323,6.396225483589944,4.946172519199343,12.92,2.0,0.03,0.015,30.0,MARKET,497,65.41535,32511.42895,0.0,0.0,124344.924335,124312.445385,124344.924335,91833.495385,CASH: 100.0%,"CASH: 73.9%, TQQQ: 26.1%",24.312445385
76,2024-05-30 22:00:00,418,Liquidating TQQQ position (regime change),TQQQ,SELL,"Histogram=-0.0034, Delta=-0.3650, VIX=12.92",-0.0033659257785307872,-0.36501069361459315,4.88143551642753,4.884801442206061,12.92,2.0,0.03,0.015,30.0,MARKET,497,62.5374,31081.0878,0.0,0.0,122945.695385,122914.583185,91833.495385,122914.583185,"CASH: 74.7%, TQQQ: 25.3%",CASH: 100.0%,22.914583185
77,2024-05-30 22:00:00,418,"Regime 4: Strong Bear (Histogram < 0, Delta < 0)",SQQQ,BUY,"Histogram=-0.0034, Delta=-0.3650, VIX=12.92",-0.0033659257785307872,-0.36501069361459315,4.88143551642753,4.884801442206061,12.92,2.0,0.03,0.015,30.0,MARKET,1218,50.1501,61082.8218,0.0,0.0,122914.583185,122853.561385,122914.583185,61831.761385,CASH: 100.0%,"CASH: 50.3%, SQQQ: 49.7%",22.853561385
78,2024-06-04 22:00:00,430,"Regime 5: Waning Bear (Histogram < 0, Delta ≥ 0)",SQQQ,SELL,"Histogram=-0.1390, Delta=0.5180, VIX=12.63",-0.13898209790006621,0.5179963510137693,5.727757796860658,5.866739894760724,12.63,2.0,0.03,0.015,30.0,MARKET,1218,49.2507,59987.3526,0.0,0.0,121879.161385,121819.113985,61831.761385,121819.113985,"CASH: 50.7%, SQQQ: 49.3%",CASH: 100.0%,21.819113985
79,2024-06-04 22:00:00,430,"Regime 5: Waning Bear (Histogram < 0, Delta ≥ 0)",SQQQ,BUY,"Histogram=-0.1390, Delta=0.5180, VIX=12.63",-0.13898209790006621,0.5179963510137693,5.727757796860658,5.866739894760724,12.63,2.0,0.03,0.015,30.0,MARKET,497,49.3493,24526.6021,0.0,0.0,121819.113985,121794.611885,121819.113985,97292.511885,CASH: 100.0%,"CASH: 79.9%, SQQQ: 20.1%",21.794611885
80,2024-06-05 22:00:00,434,Liquidating SQQQ position (regime change),SQQQ,SELL,"Histogram=0.0042, Delta=0.1432, VIX=12.58",0.004173910543285864,0.14315600844335208,6.3440996569694335,6.339925746426148,12.58,2.0,0.03,0.015,30.0,MARKET,497,46.2537,22988.0889,0.0,0.0,120303.611885,120280.600785,97292.511885,120280.600785,"CASH: 80.9%, SQQQ: 19.1%",CASH: 100.0%,20.280600785
81,2024-06-05 22:00:00,434,"Regime 2: Strong Bull (Histogram > 0, Delta > 0)",TQQQ,BUY,"Histogram=0.0042, Delta=0.1432, VIX=12.58",0.004173910543285864,0.14315600844335208,6.3440996569694335,6.339925746426148,12.58,2.0,0.03,0.015,30.0,MARKET,692,67.51745,46722.0754,0.0,0.0,120280.600785,120233.925385,120280.600785,73558.525385,CASH: 100.0%,"CASH: 61.2%, TQQQ: 38.8%",20.233925385
82,2024-06-09 22:00:00,442,Liquidating TQQQ position (regime change),TQQQ,SELL,"Histogram=-0.0577, Delta=-0.0924, VIX=12.74",-0.05774091971162676,-0.09242517324988242,7.2808452163289985,7.338586136040625,12.74,2.0,0.03,0.015,30.0,MARKET,692,67.05288,46400.59296,0.0,0.0,120005.565385,119959.118345,73558.525385,119959.118345,"CASH: 61.3%, TQQQ: 38.7%",CASH: 100.0%,19.959118345
83,2024-06-09 22:00:00,442,"Regime 4: Strong Bear (Histogram < 0, Delta < 0)",SQQQ,BUY,"Histogram=-0.0577, Delta=-0.0924, VIX=12.74",-0.05774091971162676,-0.09242517324988242,7.2808452163289985,7.338586136040625,12.74,2.0,0.03,0.015,30.0,MARKET,1065,46.6466,49678.629,0.0,0.0,119959.118345,119909.489345,119959.118345,70280.489345,CASH: 100.0%,"CASH: 58.6%, SQQQ: 41.4%",19.909489345
84,2024-06-10 22:00:00,446,Liquidating SQQQ position (regime change),SQQQ,SELL,"Histogram=0.2601, Delta=0.3178, VIX=12.85",0.2600594504019762,0.31780037011360296,7.289357464308637,7.0292980139066605,12.85,2.0,0.03,0.015,30.0,MARKET,1065,46.0539,49047.4035,0.0,0.0,119376.989345,119327.892845,70280.489345,119327.892845,"CASH: 58.9%, SQQQ: 41.1%",CASH: 100.0%,19.327892845
85,2024-06-10 22:00:00,446,"Regime 2: Strong Bull (Histogram > 0, Delta > 0)",TQQQ,BUY,"Histogram=0.2601, Delta=0.3178, VIX=12.85",0.2600594504019762,0.31780037011360296,7.289357464308637,7.0292980139066605,12.85,2.0,0.03,0.015,30.0,MARKET,840,67.89783,57034.1772,0.0,0.0,119327.892845,119270.915645,119327.892845,62293.715645,CASH: 100.0%,"CASH: 52.2%, TQQQ: 47.8%",19.270915645
86,2024-06-19 22:00:00,470,"Regime 3: Waning Bull (Histogram > 0, Delta ≤ 0)",TQQQ,SELL,"Histogram=1.5059, Delta=-0.5638, VIX=13.28",1.505852084944566,-0.5638295873865955,10.271772574506201,8.765920489561635,13.28,2.0,0.03,0.015,30.0,MARKET,840,76.8231,64531.404,0.0,0.0,126889.715645,126825.119645,62293.715645,126825.119645,"CASH: 49.1%, TQQQ: 50.9%",CASH: 100.0%,26.825119645
87,2024-06-19 22:00:00,470,"Regime 3: Waning Bull (Histogram > 0, Delta ≤ 0)",TQQQ,BUY,"Histogram=1.5059, Delta=-0.5638, VIX=13.28",1.505852084944566,-0.5638295873865955,10.271772574506201,8.765920489561635,13.28,2.0,0.03,0.015,30.0,MARKET,428,76.9769,32946.1132,0.0,0.0,126825.119645,126792.206445,126825.119645,93879.006445,CASH: 100.0%,"CASH: 74.0%, TQQQ: 26.0%",26.792206445
88,2024-06-23 22:00:00,480,Stop-Loss Triggered,TQQQ,SELL,Price breached stop at 72.46,0.2717519312633545,-0.6948122214388199,9.139903745236893,8.868151813973538,13.33,2.0,0.03,0.015,30.0,MARKET,428,71.80812,30733.87536,0.0,0.0,124643.646445,124612.881805,93879.006445,124612.881805,"CASH: 75.3%, TQQQ: 24.7%",CASH: 100.0%,24.612881805
89,2024-06-24 22:00:00,482,"Regime 3: Waning Bull (Histogram > 0, Delta ≤ 0)",TQQQ,BUY,"Histogram=0.2057, Delta=-0.0660, VIX=12.84",0.2057428406132864,-0.0660090906500681,8.355181777444955,8.149438936831668,12.84,2.0,0.03,0.015,30.0,MARKET,367,71.95188,26406.33996,0.0,0.0,124612.881805,124586.501845,124612.881805,98206.541845,CASH: 100.0%,"CASH: 78.8%, TQQQ: 21.2%",24.586501845
90,2024-06-26 22:00:00,490,Liquidating TQQQ position (regime change),TQQQ,SELL,"Histogram=-0.0034, Delta=-0.1242, VIX=12.24",-0.0034080074406555028,-0.12422868026755385,7.740941302904275,7.744349310344931,12.24,2.0,0.03,0.015,30.0,MARKET,367,74.38554,27299.49318,0.0,0.0,125533.361845,125506.035025,98206.541845,125506.035025,"CASH: 78.2%, TQQQ: 21.8%",CASH: 100.0%,25.506035025
91,2024-06-26 22:00:00,490,"Regime 4: Strong Bear (Histogram < 0, Delta < 0)",SQQQ,BUY,"Histogram=-0.0034, Delta=-0.1242, VIX=12.24",-0.0034080074406555028,-0.12422868026755385,7.740941302904275,7.744349310344931,12.24,2.0,0.03,0.015,30.0,MARKET,1244,40.9409,50930.4796,0.0,0.0,125506.035025,125455.155425,125506.035025,74575.555425,CASH: 100.0%,"CASH: 59.4%, SQQQ: 40.6%",25.455155425
92,2024-07-01 22:00:00,502,"Regime 5: Waning Bear (Histogram < 0, Delta ≥ 0)",SQQQ,SELL,"Histogram=-0.1083, Delta=0.2550, VIX=12.03",-0.10826603472538476,0.2549866092171005,7.282396694558997,7.390662729284382,12.03,2.0,0.03,0.015,30.0,MARKET,1244,40.5594,50455.8936,0.0,0.0,125081.955425,125031.449025,74575.555425,125031.449025,"CASH: 59.6%, SQQQ: 40.4%",CASH: 100.0%,25.031449025
93,2024-07-01 22:00:00,502,"Regime 5: Waning Bear (Histogram < 0, Delta ≥ 0)",SQQQ,BUY,"Histogram=-0.1083, Delta=0.2550, VIX=12.03",-0.10826603472538476,0.2549866092171005,7.282396694558997,7.390662729284382,12.03,2.0,0.03,0.015,30.0,MARKET,637,40.6406,25888.0622,0.0,0.0,125031.449025,125005.586825,125031.449025,99143.386825,CASH: 100.0%,"CASH: 79.3%, SQQQ: 20.7%",25.005586825
94,2024-07-02 22:00:00,506,Liquidating SQQQ position (regime change),SQQQ,SELL,"Histogram=0.2568, Delta=0.3650, VIX=12.09",0.2567822424149533,0.36504827714033805,7.620084406540741,7.363302164125788,12.09,2.0,0.03,0.015,30.0,MARKET,637,39.3606,25072.7022,0.0,0.0,124241.186825,124216.089025,99143.386825,124216.089025,"CASH: 79.8%, SQQQ: 20.2%",CASH: 100.0%,24.216089025
95,2024-07-02 22:00:00,506,"Regime 2: Strong Bull (Histogram > 0, Delta > 0)",TQQQ,BUY,"Histogram=0.2568, Delta=0.3650, VIX=12.09",0.2567822424149533,0.36504827714033805,7.620084406540741,7.363302164125788,12.09,2.0,0.03,0.015,30.0,MARKET,698,77.40733,54030.31634,0.0,0.0,124216.089025,124162.112685,124216.089025,70185.772685,CASH: 100.0%,"CASH: 56.5%, TQQQ: 43.5%",24.162112685
96,2024-07-10 22:00:00,526,"Regime 3: Waning Bull (Histogram > 0, Delta ≤ 0)",TQQQ,SELL,"Histogram=0.8313, Delta=-0.6300, VIX=12.92",0.8313107334130212,-0.6299829148390099,8.510152471756726,7.678841738343705,12.92,2.0,0.03,0.015,30.0,MARKET,698,84.84507,59221.85886,0.0,0.0,129466.912685,129407.631545,70185.772685,129407.631545,"CASH: 54.2%, TQQQ: 45.8%",CASH: 100.0%,29.407631545
97,2024-07-10 22:00:00,526,"Regime 3: Waning Bull (Histogram > 0, Delta ≤ 0)",TQQQ,BUY,"Histogram=0.8313, Delta=-0.6300, VIX=12.92",0.8313107334130212,-0.6299829148390099,8.510152471756726,7.678841738343705,12.92,2.0,0.03,0.015,30.0,MARKET,433,85.01493,36811.46469,0.0,0.0,129407.631545,129370.856855,129407.631545,92596.166855,CASH: 100.0%,"CASH: 71.6%, TQQQ: 28.4%",29.370856855
98,2024-07-10 22:00:00,528,Stop-Loss Triggered,TQQQ,SELL,Price breached stop at 80.45,0.8313107334130212,-0.6299829148390099,8.510152471756726,7.678841738343705,12.92,2.0,0.03,0.015,30.0,MARKET,433,79.27065,34324.19145,0.0,0.0,126954.716855,126920.358305,92596.166855,126920.358305,"CASH: 72.9%, TQQQ: 27.1%",CASH: 100.0%,26.920358305
99,2024-07-11 22:00:00,530,"Regime 3: Waning Bull (Histogram > 0, Delta ≤ 0)",TQQQ,BUY,"Histogram=0.4790, Delta=-0.3523, VIX=12.46",0.4789699384666335,-0.3523407949463877,8.197666953653936,7.718697015187303,12.46,2.0,0.03,0.015,30.0,MARKET,311,79.42935,24702.52785,0.0,0.0,126920.358305,126895.680455,126920.358305,102217.830455,CASH: 100.0%,"CASH: 80.6%, TQQQ: 19.4%",26.895680455
100,2024-07-15 22:00:00,538,Liquidating TQQQ position (regime change),TQQQ,SELL,"Histogram=-0.0418, Delta=-0.2732, VIX=13.19",-0.04177922292871994,-0.2732238103835156,7.9164224756758585,7.9582016986045785,13.19,2.0,0.03,0.015,30.0,MARKET,311,81.15876,25240.37436,0.0,0.0,127483.470455,127458.204815,102217.830455,127458.204815,"CASH: 80.2%, TQQQ: 19.8%",CASH: 100.0%,27.458204815
101,2024-07-15 22:00:00,538,"Regime 4: Strong Bear (Histogram < 0, Delta < 0)",SQQQ,BUY,"Histogram=-0.0418, Delta=-0.2732, VIX=13.19",-0.04177922292871994,-0.2732238103835156,7.9164224756758585,7.9582016986045785,13.19,2.0,0.03,0.015,30.0,MARKET,1237,37.3373,46186.2401,0.0,0.0,127458.204815,127412.064715,127458.204815,81271.964715,CASH: 100.0%,"CASH: 63.8%, SQQQ: 36.2%",27.412064715
102,2024-07-16 22:00:00,543,Stop-Loss Triggered,SQQQ,SELL,Price breached stop at 40.39,-1.0795540343021575,-1.0377748113734375,6.223684862079267,7.3032388963814245,14.48,2.0,0.03,0.015,30.0,MARKET,1237,40.50945,50110.18965,0.0,0.0,131432.314715,131382.154365,81271.964715,131382.154365,"CASH: 61.8%, SQQQ: 38.2%",CASH: 100.0%,31.382154365
103,2024-07-17 22:00:00,546,"Regime 4: Strong Bear (Histogram < 0, Delta < 0)",SQQQ,BUY,"Histogram=-1.9118, Delta=-0.8323, VIX=15.93",-1.9118290855704005,-0.832275051268243,4.758166169252831,6.669995254823232,15.93,2.0,0.03,0.015,30.0,MARKET,1211,40.59055,49155.15605,0.0,0.0,131382.154365,131333.048315,131382.154365,82226.998315,CASH: 100.0%,"CASH: 62.6%, SQQQ: 37.4%",31.333048315
104,2024-07-22 22:00:00,558,"Regime 5: Waning Bear (Histogram < 0, Delta ≥ 0)",SQQQ,SELL,"Histogram=-2.8286, Delta=0.0029, VIX=14.72",-2.8285627006789813,0.0029276154104807,2.539301153762665,5.367863854441646,14.72,2.0,0.03,0.015,30.0,MARKET,1211,40.40955,48935.96505,0.0,0.0,131211.948315,131162.963365,82226.998315,131162.963365,"CASH: 62.7%, SQQQ: 37.3%",CASH: 100.0%,31.162963365
105,2024-07-22 22:00:00,558,"Regime 5: Waning Bear (Histogram < 0, Delta ≥ 0)",SQQQ,BUY,"Histogram=-2.8286, Delta=0.0029, VIX=14.72",-2.8285627006789813,0.0029276154104807,2.539301153762665,5.367863854441646,14.72,2.0,0.03,0.015,30.0,MARKET,517,40.49045,20933.56265,0.0,0.0,131162.963365,131142.050715,131162.963365,110229.400715,CASH: 100.0%,"CASH: 84.1%, SQQQ: 15.9%",31.142050715
106,2024-07-23 22:00:00,562,"Regime 4: Strong Bear (Histogram < 0, Delta < 0)",SQQQ,SELL,"Histogram=-3.7572, Delta=-0.9286, VIX=18.04",-3.757165366411214,-0.9286026657322327,0.4541857500109927,4.211351116422207,18.04,2.0,0.03,0.015,30.0,MARKET,517,40.8591,21124.1547,0.0,0.0,131374.700715,131353.555415,110229.400715,131353.555415,"CASH: 83.9%, SQQQ: 16.1%",CASH: 100.0%,31.353555415
107,2024-07-23 22:00:00,562,"Regime 4: Strong Bear (Histogram < 0, Delta < 0)",SQQQ,BUY,"Histogram=-3.7572, Delta=-0.9286, VIX=18.04",-3.757165366411214,-0.9286026657322327,0.4541857500109927,4.211351116422207,18.04,2.0,0.03,0.015,30.0,MARKET,1095,40.9409,44830.2855,0.0,0.0,131353.555415,131308.769915,131353.555415,86523.269915,CASH: 100.0%,"CASH: 65.9%, SQQQ: 34.1%",31.308769915
108,2024-07-23 22:00:00,563,Stop-Loss Triggered,SQQQ,SELL,Price breached stop at 44.50,-3.757165366411214,-0.9286026657322327,0.4541857500109927,4.211351116422207,18.04,2.0,0.03,0.015,30.0,MARKET,1095,45.2547,49553.8965,0.0,0.0,136126.769915,136077.166415,86523.269915,136077.166415,"CASH: 63.6%, SQQQ: 36.4%",CASH: 100.0%,36.077166415
109,2024-07-24 22:00:00,566,"Regime 4: Strong Bear (Histogram < 0, Delta < 0)",SQQQ,BUY,"Histogram=-4.5153, Delta=-0.7582, VIX=18.46",-4.515340273571132,-0.758174907159918,-1.544127750978305,2.9712125225928276,18.46,2.0,0.03,0.015,30.0,MARKET,961,45.3453,43576.8333,0.0,0.0,136077.166415,136033.633115,136077.166415,92500.333115,CASH: 100.0%,"CASH: 68.0%, SQQQ: 32.0%",36.033633115
110,2024-07-25 22:00:00,570,"Regime 5: Waning Bear (Histogram < 0, Delta ≥ 0)",SQQQ,SELL,"Histogram=-4.2837, Delta=0.2317, VIX=16.39",-4.2836672593662195,0.2316730142049125,-3.205581465324144,1.0780857940420756,16.39,2.0,0.03,0.015,30.0,MARKET,961,46.80315,44977.82715,0.0,0.0,137523.183115,137478.160265,92500.333115,137478.160265,"CASH: 67.3%, SQQQ: 32.7%",CASH: 100.0%,37.478160265
111,2024-07-25 22:00:00,570,"Regime 5: Waning Bear (Histogram < 0, Delta ≥ 0)",SQQQ,BUY,"Histogram=-4.2837, Delta=0.2317, VIX=16.39",-4.2836672593662195,0.2316730142049125,-3.205581465324144,1.0780857940420756,16.39,2.0,0.03,0.015,30.0,MARKET,443,46.89685,20775.30455,0.0,0.0,137478.160265,137457.405715,137478.160265,116702.855715,CASH: 100.0%,"CASH: 84.9%, SQQQ: 15.1%",37.457405715
112,2024-07-29 22:00:00,578,"Regime 4: Strong Bear (Histogram < 0, Delta < 0)",SQQQ,SELL,"Histogram=-4.0456, Delta=-0.0338, VIX=17.69",-4.045601499348438,-0.033814521541422,-4.930699107257453,-0.8850976079090159,17.69,2.0,0.03,0.015,30.0,MARKET,443,45.20475,20025.70425,0.0,0.0,136748.605715,136728.559965,116702.855715,136728.559965,"CASH: 85.3%, SQQQ: 14.7%",CASH: 100.0%,36.728559965
113,2024-07-29 22:00:00,578,"Regime 4: Strong Bear (Histogram < 0, Delta < 0)",SQQQ,BUY,"Histogram=-4.0456, Delta=-0.0338, VIX=17.69",-4.045601499348438,-0.033814521541422,-4.930699107257453,-0.8850976079090159,17.69,2.0,0.03,0.015,30.0,MARKET,917,45.29525,41535.74425,0.0,0.0,136728.559965,136687.065715,136728.559965,95192.815715,CASH: 100.0%,"CASH: 69.6%, SQQQ: 30.4%",36.687065715
114,2024-07-30 22:00:00,582,"Regime 5: Waning Bear (Histogram < 0, Delta ≥ 0)",SQQQ,SELL,"Histogram=-2.9319, Delta=1.1137, VIX=16.36",-2.9318770176507094,1.1137244816977285,-4.717796777203375,-1.785919759552666,16.36,2.0,0.03,0.015,30.0,MARKET,917,47.10285,43193.31345,0.0,0.0,138429.365715,138386.129165,95192.815715,138386.129165,"CASH: 68.8%, SQQQ: 31.2%",CASH: 100.0%,38.386129165
115,2024-07-30 22:00:00,582,"Regime 5: Waning Bear (Histogram < 0, Delta ≥ 0)",SQQQ,BUY,"Histogram=-2.9319, Delta=1.1137, VIX=16.36",-2.9318770176507094,1.1137244816977285,-4.717796777203375,-1.785919759552666,16.36,2.0,0.03,0.015,30.0,MARKET,423,47.19715,19964.39445,0.0,0.0,138386.129165,138366.184715,138386.129165,118421.734715,CASH: 100.0%,"CASH: 85.6%, SQQQ: 14.4%",38.366184715
116,2024-08-01 22:00:00,590,"Regime 4: Strong Bear (Histogram < 0, Delta < 0)",SQQQ,SELL,"Histogram=-3.0613, Delta=-0.3155, VIX=23.39",-3.0613300934723693,-0.3155004264160457,-7.135611452084049,-4.07428135861168,23.39,2.0,0.03,0.015,30.0,MARKET,423,46.0539,19480.7997,0.0,0.0,137922.034715,137902.534415,118421.734715,137902.534415,"CASH: 85.9%, SQQQ: 14.1%",CASH: 100.0%,37.902534415
117,2024-08-01 22:00:00,590,"Regime 4: Strong Bear (Histogram < 0, Delta < 0)",SQQQ,BUY,"Histogram=-3.0613, Delta=-0.3155, VIX=23.39",-3.0613300934723693,-0.3155004264160457,-7.135611452084049,-4.07428135861168,23.39,2.0,0.03,0.015,30.0,MARKET,655,46.1461,30225.6955,0.0,0.0,137902.534415,137872.338915,137902.534415,107676.838915,CASH: 100.0%,"CASH: 78.1%, SQQQ: 21.9%",37.872338915
118,2024-08-04 22:00:00,594,Liquidating SQQQ position (regime change),SQQQ,SELL,"Histogram=-3.9506, Delta=-0.8893, VIX=38.57",-3.950630168531493,-0.8893000750591237,-9.243254601834224,-5.292624433302731,38.57,2.0,0.03,0.015,30.0,MARKET,655,49.40055,32357.36025,0.0,0.0,140066.588915,140034.199165,107676.838915,140034.199165,"CASH: 76.9%, SQQQ: 23.1%",CASH: 100.0%,40.034199165
119,2024-08-05 22:00:00,598,"Regime 4: Strong Bear (Histogram < 0, Delta < 0)",SQQQ,BUY,"Histogram=-3.9690, Delta=-0.0184, VIX=27.71",-3.9690379531097415,-0.0184077845782485,-10.47563131648701,-6.506593363377269,27.71,2.0,0.03,0.015,30.0,MARKET,527,54.00395,28460.08165,0.0,0.0,140034.199165,140005.767515,140034.199165,111574.117515,CASH: 100.0%,"CASH: 79.7%, SQQQ: 20.3%",40.005767515
120,2024-08-06 22:00:00,602,"Regime 5: Waning Bear (Histogram < 0, Delta ≥ 0)",SQQQ,SELL,"Histogram=-3.9168, Delta=0.0523, VIX=27.85",-3.916780842681325,0.0522571104284165,-11.929465944400647,-8.012685101719322,27.85,2.0,0.03,0.015,30.0,MARKET,527,52.39755,27613.50885,0.0,0.0,139215.267515,139187.626365,111574.117515,139187.626365,"CASH: 80.1%, SQQQ: 19.9%",CASH: 100.0%,39.187626365
121,2024-08-06 22:00:00,602,"Regime 5: Waning Bear (Histogram < 0, Delta ≥ 0)",SQQQ,BUY,"Histogram=-3.9168, Delta=0.0523, VIX=27.85",-3.916780842681325,0.0522571104284165,-11.929465944400647,-8.012685101719322,27.85,2.0,0.03,0.015,30.0,MARKET,255,52.50245,13388.12475,0.0,0.0,139187.626365,139174.251615,139187.626365,125799.501615,CASH: 100.0%,"CASH: 90.4%, SQQQ: 9.6%",39.174251615
122,2024-08-12 22:00:00,618,Liquidating SQQQ position (regime change),SQQQ,SELL,"Histogram=0.2532, Delta=1.2690, VIX=18.12",0.2532448698502954,1.2689861361083636,-8.136691481910134,-8.38993635176043,18.12,2.0,0.03,0.015,30.0,MARKET,255,48.20175,12291.44625,0.0,0.0,138103.251615,138090.947865,125799.501615,138090.947865,"CASH: 91.1%, SQQQ: 8.9%",CASH: 100.0%,38.090947865
123,2024-08-12 22:00:00,618,"Regime 2: Strong Bull (Histogram > 0, Delta > 0)",TQQQ,BUY,"Histogram=0.2532, Delta=1.2690, VIX=18.12",0.2532448698502954,1.2689861361083636,-8.136691481910134,-8.38993635176043,18.12,2.0,0.03,0.015,30.0,MARKET,454,59.30925,26926.3995,0.0,0.0,138090.947865,138064.048365,138090.947865,111164.548365,CASH: 100.0%,"CASH: 80.5%, TQQQ: 19.5%",38.064048365
124,2024-08-21 22:00:00,646,"Regime 3: Waning Bull (Histogram > 0, Delta ≤ 0)",TQQQ,SELL,"Histogram=4.3034, Delta=-0.5459, VIX=17.55",4.303392873469208,-0.545934300026596,0.8094852291520738,-3.493907644317134,17.55,2.0,0.03,0.015,30.0,MARKET,454,71.75817,32578.20918,0.0,0.0,143775.368365,143742.757545,111164.548365,143742.757545,"CASH: 77.3%, TQQQ: 22.7%",CASH: 100.0%,43.742757545
125,2024-08-21 22:00:00,646,"Regime 3: Waning Bull (Histogram > 0, Delta ≤ 0)",TQQQ,BUY,"Histogram=4.3034, Delta=-0.5459, VIX=17.55",4.303392873469208,-0.545934300026596,0.8094852291520738,-3.493907644317134,17.55,2.0,0.03,0.015,30.0,MARKET,263,71.90183,18910.18129,0.0,0.0,143742.757545,143723.866255,143742.757545,124832.576255,CASH: 100.0%,"CASH: 86.9%, TQQQ: 13.1%",43.723866255
126,2024-09-02 22:00:00,676,Stop-Loss Triggered,TQQQ,SELL,Price breached stop at 63.65,0.33945890729085926,-1.0448556010359897,0.44574102827596107,0.1062821209851018,20.72,2.0,0.03,0.015,30.0,MARKET,263,62.28765,16381.65195,0.0,0.0,141230.626255,141214.228205,124832.576255,141214.228205,"CASH: 88.4%, TQQQ: 11.6%",CASH: 100.0%,41.214228205
127,2024-09-03 22:00:00,678,"Regime 4: Strong Bear (Histogram < 0, Delta < 0)",SQQQ,BUY,"Histogram=-0.4271, Delta=-0.7666, VIX=21.32",-0.4271383626313475,-0.7665972699222068,-0.44469540475000713,-0.017557042118659615,21.32,2.0,0.03,0.015,30.0,MARKET,906,44.79475,40584.0435,0.0,0.0,141214.228205,141173.684705,141214.228205,100630.184705,CASH: 100.0%,"CASH: 71.3%, SQQQ: 28.7%",41.173684705
128,2024-09-09 22:00:00,694,"Regime 5: Waning Bear (Histogram < 0, Delta ≥ 0)",SQQQ,SELL,"Histogram=-2.0148, Delta=0.4785, VIX=19.08",-2.0148418415978626,0.4785290158902474,-2.7655293598246544,-0.7506875182267918,19.08,2.0,0.03,0.015,30.0,MARKET,906,46.7532,42358.3992,0.0,0.0,143030.984705,142988.583905,100630.184705,142988.583905,"CASH: 70.4%, SQQQ: 29.6%",CASH: 100.0%,42.988583905
129,2024-09-09 22:00:00,694,"Regime 5: Waning Bear (Histogram < 0, Delta ≥ 0)",SQQQ,BUY,"Histogram=-2.0148, Delta=0.4785, VIX=19.08",-2.0148418415978626,0.4785290158902474,-2.7655293598246544,-0.7506875182267918,19.08,2.0,0.03,0.015,30.0,MARKET,443,46.8468,20753.1324,0.0,0.0,142988.583905,142967.851505,142988.583905,122235.451505,CASH: 100.0%,"CASH: 85.5%, SQQQ: 14.5%",42.967851505
130,2024-09-12 22:00:00,706,Liquidating SQQQ position (regime change),SQQQ,SELL,"Histogram=0.0721, Delta=0.6492, VIX=16.56",0.07206351160891455,0.649184690051185,1.0743470196489397,1.0022835080400252,16.56,2.0,0.03,0.015,30.0,MARKET,443,41.3586,18321.8598,0.0,0.0,140575.651505,140557.311305,122235.451505,140557.311305,"CASH: 87.0%, SQQQ: 13.0%",CASH: 100.0%,40.557311305
131,2024-09-12 22:00:00,706,"Regime 2: Strong Bull (Histogram > 0, Delta > 0)",TQQQ,BUY,"Histogram=0.0721, Delta=0.6492, VIX=16.56",0.07206351160891455,0.649184690051185,1.0743470196489397,1.0022835080400252,16.56,2.0,0.03,0.015,30.0,MARKET,511,66.54648,34005.25128,0.0,0.0,140557.311305,140523.340025,140557.311305,106552.060025,CASH: 100.0%,"CASH: 75.8%, TQQQ: 24.2%",40.523340025
132,2024-09-17 22:00:00,718,"Regime 3: Waning Bull (Histogram > 0, Delta ≤ 0)",TQQQ,SELL,"Histogram=0.5281, Delta=-0.2085, VIX=18.23",0.5280688872319628,-0.2085236870164492,2.0437836091101644,1.5157147218782017,18.23,2.0,0.03,0.015,30.0,MARKET,511,66.42351,33942.41361,0.0,0.0,140528.450025,140494.473635,106552.060025,140494.473635,"CASH: 75.8%, TQQQ: 24.2%",CASH: 100.0%,40.494473635
133,2024-09-17 22:00:00,718,"Regime 3: Waning Bull (Histogram > 0, Delta ≤ 0)",TQQQ,BUY,"Histogram=0.5281, Delta=-0.2085, VIX=18.23",0.5280688872319628,-0.2085236870164492,2.0437836091101644,1.5157147218782017,18.23,2.0,0.03,0.015,30.0,MARKET,322,66.55649,21431.18978,0.0,0.0,140494.473635,140473.063855,140494.473635,119063.283855,CASH: 100.0%,"CASH: 84.8%, TQQQ: 15.2%",40.473063855
134,2024-09-18 22:00:00,722,"Regime 2: Strong Bull (Histogram > 0, Delta > 0)",TQQQ,SELL,"Histogram=1.5369, Delta=1.0088, VIX=16.33",1.5368704176445311,1.0088015304125684,2.2214400548921276,0.6845696372475965,16.33,2.0,0.03,0.015,30.0,MARKET,322,65.55438,21108.51036,0.0,0.0,140192.923855,140171.794215,119063.283855,140171.794215,"CASH: 84.9%, TQQQ: 15.1%",CASH: 100.0%,40.171794215
135,2024-09-18 22:00:00,722,"Regime 2: Strong Bull (Histogram > 0, Delta > 0)",TQQQ,BUY,"Histogram=1.5369, Delta=1.0088, VIX=16.33",1.5368704176445311,1.0088015304125684,2.2214400548921276,0.6845696372475965,16.33,2.0,0.03,0.015,30.0,MARKET,612,65.68562,40199.59944,0.0,0.0,140171.794215,140131.634775,140171.794215,99972.194775,CASH: 100.0%,"CASH: 71.3%, TQQQ: 28.7%",40.131634775
136,2024-09-22 22:00:00,730,"Regime 3: Waning Bull (Histogram > 0, Delta ≤ 0)",TQQQ,SELL,"Histogram=1.4033, Delta=-0.1381, VIX=15.89",1.4032607511009596,-0.1380807316663932,4.827444404674736,3.4241836535737766,15.89,2.0,0.03,0.015,30.0,MARKET,612,70.05987,42876.64044,0.0,0.0,142891.754775,142848.835215,99972.194775,142848.835215,"CASH: 70.0%, TQQQ: 30.0%",CASH: 100.0%,42.848835215
137,2024-09-22 22:00:00,730,"Regime 3: Waning Bull (Histogram > 0, Delta ≤ 0)",TQQQ,BUY,"Histogram=1.4033, Delta=-0.1381, VIX=15.89",1.4032607511009596,-0.1380807316663932,4.827444404674736,3.4241836535737766,15.89,2.0,0.03,0.015,30.0,MARKET,309,70.20013,21691.84017,0.0,0.0,142848.835215,142827.165045,142848.835215,121156.995045,CASH: 100.0%,"CASH: 84.8%, TQQQ: 15.2%",42.827165045
138,2024-09-24 22:00:00,738,"Regime 2: Strong Bull (Histogram > 0, Delta > 0)",TQQQ,SELL,"Histogram=1.3254, Delta=0.1104, VIX=15.41",1.3254112484042135,0.1103543790392738,6.212307499586132,4.886896251181918,15.41,2.0,0.03,0.015,30.0,MARKET,309,71.57835,22117.71015,0.0,0.0,143296.845045,143274.705195,121156.995045,143274.705195,"CASH: 84.5%, TQQQ: 15.5%",CASH: 100.0%,43.274705195
139,2024-09-24 22:00:00,738,"Regime 2: Strong Bull (Histogram > 0, Delta > 0)",TQQQ,BUY,"Histogram=1.3254, Delta=0.1104, VIX=15.41",1.3254112484042135,0.1103543790392738,6.212307499586132,4.886896251181918,15.41,2.0,0.03,0.015,30.0,MARKET,711,71.72165,50994.09315,0.0,0.0,143274.705195,143223.762045,143274.705195,92280.612045,CASH: 100.0%,"CASH: 64.4%, TQQQ: 35.6%",43.223762045
140,2024-09-29 22:00:00,750,"Regime 3: Waning Bull (Histogram > 0, Delta ≤ 0)",TQQQ,SELL,"Histogram=1.3113, Delta=-0.1250, VIX=16.73",1.311295015709943,-0.1249910791975264,6.242390912614212,4.931095896904269,16.73,2.0,0.03,0.015,30.0,MARKET,711,71.85807,51091.08777,0.0,0.0,143422.842045,143371.699815,92280.612045,143371.699815,"CASH: 64.3%, TQQQ: 35.7%",CASH: 100.0%,43.371699815
141,2024-09-29 22:00:00,750,"Regime 3: Waning Bull (Histogram > 0, Delta ≤ 0)",TQQQ,BUY,"Histogram=1.3113, Delta=-0.1250, VIX=16.73",1.311295015709943,-0.1249910791975264,6.242390912614212,4.931095896904269,16.73,2.0,0.03,0.015,30.0,MARKET,398,72.00193,28656.76814,0.0,0.0,143371.699815,143343.071675,143371.699815,114714.931675,CASH: 100.0%,"CASH: 80.0%, TQQQ: 20.0%",43.343071675
142,2024-10-03 22:00:00,766,"Regime 2: Strong Bull (Histogram > 0, Delta > 0)",TQQQ,SELL,"Histogram=0.4675, Delta=0.3608, VIX=19.21",0.46753509946083005,0.3608195101457601,3.6756559552817976,3.2081208558209675,19.21,2.0,0.03,0.015,30.0,MARKET,398,69.45048,27641.29104,0.0,0.0,142383.891675,142356.222715,114714.931675,142356.222715,"CASH: 80.6%, TQQQ: 19.4%",CASH: 100.0%,42.356222715
143,2024-10-03 22:00:00,766,"Regime 2: Strong Bull (Histogram > 0, Delta > 0)",TQQQ,BUY,"Histogram=0.4675, Delta=0.3608, VIX=19.21",0.46753509946083005,0.3608195101457601,3.6756559552817976,3.2081208558209675,19.21,2.0,0.03,0.015,30.0,MARKET,785,69.58952,54627.7732,0.0,0.0,142356.222715,142301.649515,142356.222715,87728.449515,CASH: 100.0%,"CASH: 61.6%, TQQQ: 38.4%",42.301649515
144,2024-10-06 22:00:00,770,"Regime 3: Waning Bull (Histogram > 0, Delta ≤ 0)",TQQQ,SELL,"Histogram=0.1380, Delta=-0.3296, VIX=22.64",0.13795199242849288,-0.3295831070323372,3.325806692714252,3.1878547002857593,22.64,2.0,0.03,0.015,30.0,MARKET,785,71.89803,56439.95355,0.0,0.0,144224.899515,144168.403065,87728.449515,144168.403065,"CASH: 60.8%, TQQQ: 39.2%",CASH: 100.0%,44.168403065
145,2024-10-06 22:00:00,770,"Regime 3: Waning Bull (Histogram > 0, Delta ≤ 0)",TQQQ,BUY,"Histogram=0.1380, Delta=-0.3296, VIX=22.64",0.13795199242849288,-0.3295831070323372,3.325806692714252,3.1878547002857593,22.64,2.0,0.03,0.015,30.0,MARKET,403,72.04197,29032.91391,0.0,0.0,144168.403065,144139.399155,144168.403065,115135.489155,CASH: 100.0%,"CASH: 79.9%, TQQQ: 20.1%",44.139399155
146,2024-10-07 22:00:00,774,"Regime 2: Strong Bull (Histogram > 0, Delta > 0)",TQQQ,SELL,"Histogram=0.4927, Delta=0.3547, VIX=21.42",0.4926710188445398,0.3547190264160469,3.243585410354058,2.750914391509518,21.42,2.0,0.03,0.015,30.0,MARKET,403,69.5304,28020.7512,0.0,0.0,143184.289155,143156.240355,115135.489155,143156.240355,"CASH: 80.4%, TQQQ: 19.6%",CASH: 100.0%,43.156240355
147,2024-10-07 22:00:00,774,"Regime 2: Strong Bull (Histogram > 0, Delta > 0)",TQQQ,BUY,"Histogram=0.4927, Delta=0.3547, VIX=21.42",0.4926710188445398,0.3547190264160469,3.243585410354058,2.750914391509518,21.42,2.0,0.03,0.015,30.0,MARKET,755,69.6696,52600.548,0.0,0.0,143156.240355,143103.692355,143156.240355,90555.692355,CASH: 100.0%,"CASH: 63.3%, TQQQ: 36.7%",43.103692355
148,2024-10-10 22:00:00,786,"Regime 3: Waning Bull (Histogram > 0, Delta ≤ 0)",TQQQ,SELL,"Histogram=0.7867, Delta=-0.1506, VIX=20.46",0.7866715434615301,-0.1506181468621373,4.741855088347506,3.9551835448859762,20.46,2.0,0.03,0.015,30.0,MARKET,755,74.03589,55897.09695,0.0,0.0,146508.742355,146452.789305,90555.692355,146452.789305,"CASH: 61.8%, TQQQ: 38.2%",CASH: 100.0%,46.452789305
149,2024-10-10 22:00:00,786,"Regime 3: Waning Bull (Histogram > 0, Delta ≤ 0)",TQQQ,BUY,"Histogram=0.7867, Delta=-0.1506, VIX=20.46",0.7866715434615301,-0.1506181468621373,4.741855088347506,3.9551835448859762,20.46,2.0,0.03,0.015,30.0,MARKET,411,74.18411,30489.66921,0.0,0.0,146452.789305,146422.330095,146452.789305,115963.120095,CASH: 100.0%,"CASH: 79.2%, TQQQ: 20.8%",46.422330095
150,2024-10-13 22:00:00,790,"Regime 2: Strong Bull (Histogram > 0, Delta > 0)",TQQQ,SELL,"Histogram=1.1210, Delta=0.3343, VIX=19.70",1.1209923586834232,0.3343208152218931,4.894155319047968,3.773162960364545,19.7,2.0,0.03,0.015,30.0,MARKET,411,74.2257,30506.7627,0.0,0.0,146500.420095,146469.882795,115963.120095,146469.882795,"CASH: 79.2%, TQQQ: 20.8%",CASH: 100.0%,46.469882795
151,2024-10-13 22:00:00,790,"Regime 2: Strong Bull (Histogram > 0, Delta > 0)",TQQQ,BUY,"Histogram=1.1210, Delta=0.3343, VIX=19.70",1.1209923586834232,0.3343208152218931,4.894155319047968,3.773162960364545,19.7,2.0,0.03,0.015,30.0,MARKET,907,74.3743,67457.4901,0.0,0.0,146469.882795,146402.492695,146469.882795,79012.392695,CASH: 100.0%,"CASH: 54.0%, TQQQ: 46.0%",46.402492695
152,2024-10-14 22:00:00,794,"Regime 3: Waning Bull (Histogram > 0, Delta ≤ 0)",TQQQ,SELL,"Histogram=0.6220, Delta=-0.4990, VIX=20.64",0.6219630292282625,-0.4990293294551607,4.968902576363291,4.346939547135029,20.64,2.0,0.03,0.015,30.0,MARKET,907,76.1238,69044.2866,0.0,0.0,148125.792695,148056.679295,79012.392695,148056.679295,"CASH: 53.3%, TQQQ: 46.7%",CASH: 100.0%,48.056679295
153,2024-10-14 22:00:00,794,"Regime 3: Waning Bull (Histogram > 0, Delta ≤ 0)",TQQQ,BUY,"Histogram=0.6220, Delta=-0.4990, VIX=20.64",0.6219630292282625,-0.4990293294551607,4.968902576363291,4.346939547135029,20.64,2.0,0.03,0.015,30.0,MARKET,423,76.2762,32264.8326,0.0,0.0,148056.679295,148024.446695,148056.679295,115791.846695,CASH: 100.0%,"CASH: 78.2%, TQQQ: 21.8%",48.024446695
154,2024-10-16 22:00:00,802,Liquidating TQQQ position (regime change),TQQQ,SELL,"Histogram=-0.0107, Delta=-0.3581, VIX=19.11",-0.01068498509598026,-0.3581287594894693,4.77859028072794,4.78927526582392,19.11,2.0,0.03,0.015,30.0,MARKET,423,73.04688,30898.83024,0.0,0.0,146721.606695,146690.676935,115791.846695,146690.676935,"CASH: 78.9%, TQQQ: 21.1%",CASH: 100.0%,46.690676935
155,2024-10-16 22:00:00,802,"Regime 4: Strong Bear (Histogram < 0, Delta < 0)",SQQQ,BUY,"Histogram=-0.0107, Delta=-0.3581, VIX=19.11",-0.01068498509598026,-0.3581287594894693,4.77859028072794,4.78927526582392,19.11,2.0,0.03,0.015,30.0,MARKET,1515,36.38635,55125.32025,0.0,0.0,146690.676935,146635.606685,146690.676935,91565.356685,CASH: 100.0%,"CASH: 62.4%, SQQQ: 37.6%",46.635606685
156,2024-10-17 22:00:00,806,"Regime 5: Waning Bear (Histogram < 0, Delta ≥ 0)",SQQQ,SELL,"Histogram=-0.0043, Delta=0.0064, VIX=18.03",-0.004267925682190921,0.006417059413789339,4.845875384972317,4.8501433106545075,18.03,2.0,0.03,0.015,30.0,MARKET,1515,36.2637,54939.5055,0.0,0.0,146559.856685,146504.862185,91565.356685,146504.862185,"CASH: 62.5%, SQQQ: 37.5%",CASH: 100.0%,46.504862185
157,2024-10-17 22:00:00,806,"Regime 5: Waning Bear (Histogram < 0, Delta ≥ 0)",SQQQ,BUY,"Histogram=-0.0043, Delta=0.0064, VIX=18.03",-0.004267925682190921,0.006417059413789339,4.845875384972317,4.8501433106545075,18.03,2.0,0.03,0.015,30.0,MARKET,822,36.3363,29868.4386,0.0,0.0,146504.862185,146475.023585,146504.862185,116636.423585,CASH: 100.0%,"CASH: 79.6%, SQQQ: 20.4%",46.475023585
158,2024-10-20 22:00:00,810,Liquidating SQQQ position (regime change),SQQQ,SELL,"Histogram=0.1600, Delta=0.1642, VIX=18.37",0.15996380968301782,0.16423173536520874,4.546539381065259,4.386575571382241,18.37,2.0,0.03,0.015,30.0,MARKET,822,35.61435,29274.9957,0.0,0.0,145940.723585,145911.419285,116636.423585,145911.419285,"CASH: 79.9%, SQQQ: 20.1%",CASH: 100.0%,45.911419285
159,2024-10-20 22:00:00,810,"Regime 2: Strong Bull (Histogram > 0, Delta > 0)",TQQQ,BUY,"Histogram=0.1600, Delta=0.1642, VIX=18.37",0.15996380968301782,0.16423173536520874,4.546539381065259,4.386575571382241,18.37,2.0,0.03,0.015,30.0,MARKET,854,74.71464,63806.30256,0.0,0.0,145911.419285,145847.676725,145911.419285,82105.116725,CASH: 100.0%,"CASH: 56.3%, TQQQ: 43.7%",45.847676725
160,2024-10-21 22:00:00,814,Liquidating TQQQ position (regime change),TQQQ,SELL,"Histogram=-0.1812, Delta=-0.3411, VIX=18.20",-0.1811641801950934,-0.3411279898781112,5.4580630701813675,5.639227250376461,18.2,2.0,0.03,0.015,30.0,MARKET,854,74.97495,64028.6073,0.0,0.0,146197.816725,146133.724025,82105.116725,146133.724025,"CASH: 56.2%, TQQQ: 43.8%",CASH: 100.0%,46.133724025
161,2024-10-21 22:00:00,814,"Regime 4: Strong Bear (Histogram < 0, Delta < 0)",SQQQ,BUY,"Histogram=-0.1812, Delta=-0.3411, VIX=18.20",-0.1811641801950934,-0.3411279898781112,5.4580630701813675,5.639227250376461,18.2,2.0,0.03,0.015,30.0,MARKET,1568,35.5355,55719.664,0.0,0.0,146133.724025,146078.060025,146133.724025,90414.060025,CASH: 100.0%,"CASH: 61.9%, SQQQ: 38.1%",46.078060025
162,2024-10-27 22:00:00,830,"Regime 5: Waning Bear (Histogram < 0, Delta ≥ 0)",SQQQ,SELL,"Histogram=-0.7246, Delta=0.2291, VIX=19.80",-0.7245972974984172,0.2290932803539194,4.775237970830972,5.499835268329389,19.8,2.0,0.03,0.015,30.0,MARKET,1568,35.51445,55686.6576,0.0,0.0,146156.460025,146100.717625,90414.060025,146100.717625,"CASH: 61.9%, SQQQ: 38.1%",CASH: 100.0%,46.100717625
163,2024-10-27 22:00:00,830,"Regime 5: Waning Bear (Histogram < 0, Delta ≥ 0)",SQQQ,BUY,"Histogram=-0.7246, Delta=0.2291, VIX=19.80",-0.7245972974984172,0.2290932803539194,4.775237970830972,5.499835268329389,19.8,2.0,0.03,0.015,30.0,MARKET,784,35.58555,27899.0712,0.0,0.0,146100.717625,146072.846425,146100.717625,118201.646425,CASH: 100.0%,"CASH: 80.9%, SQQQ: 19.1%",46.072846425
164,2024-10-30 22:00:00,842,"Regime 4: Strong Bear (Histogram < 0, Delta < 0)",SQQQ,SELL,"Histogram=-0.8739, Delta=-0.7690, VIX=23.16",-0.8738820623746766,-0.7690414753293031,2.627241118708639,3.5011231810833157,23.16,2.0,0.03,0.015,30.0,MARKET,784,35.2647,27647.5248,0.0,0.0,145876.846425,145849.171225,118201.646425,145849.171225,"CASH: 81.0%, SQQQ: 19.0%",CASH: 100.0%,45.849171225
165,2024-10-30 22:00:00,842,"Regime 4: Strong Bear (Histogram < 0, Delta < 0)",SQQQ,BUY,"Histogram=-0.8739, Delta=-0.7690, VIX=23.16",-0.8738820623746766,-0.7690414753293031,2.627241118708639,3.5011231810833157,23.16,2.0,0.03,0.015,30.0,MARKET,1728,35.3353,61059.3984,0.0,0.0,145849.171225,145788.172825,145849.171225,84789.772825,CASH: 100.0%,"CASH: 58.2%, SQQQ: 41.8%",45.788172825
166,2024-10-30 22:00:00,843,Stop-Loss Triggered,SQQQ,SELL,Price breached stop at 37.83,-0.8738820623746766,-0.7690414753293031,2.627241118708639,3.5011231810833157,23.16,2.0,0.03,0.015,30.0,MARKET,1728,37.962,65598.336,0.0,0.0,150453.772825,150388.108825,84789.772825,150388.108825,"CASH: 56.4%, SQQQ: 43.6%",CASH: 100.0%,50.388108825
167,2024-10-31 22:00:00,846,"Regime 4: Strong Bear (Histogram < 0, Delta < 0)",SQQQ,BUY,"Histogram=-1.1355, Delta=-0.2616, VIX=21.88",-1.1354985699707965,-0.2616165075961199,1.8914568444862994,3.026955414457096,21.88,2.0,0.03,0.015,30.0,MARKET,1560,38.038,59339.28,0.0,0.0,150388.108825,150328.828825,150388.108825,91048.828825,CASH: 100.0%,"CASH: 60.6%, SQQQ: 39.4%",50.328828825
168,2024-11-04 22:00:00,854,"Regime 5: Waning Bear (Histogram < 0, Delta ≥ 0)",SQQQ,SELL,"Histogram=-1.1486, Delta=0.2925, VIX=20.49",-1.1486226358785312,0.2924799069413422,1.3969591629826823,2.5455817988612135,20.49,2.0,0.03,0.015,30.0,MARKET,1560,37.5624,58597.344,0.0,0.0,149704.828825,149646.172825,91048.828825,149646.172825,"CASH: 60.8%, SQQQ: 39.2%",CASH: 100.0%,49.646172825
169,2024-11-04 22:00:00,854,"Regime 5: Waning Bear (Histogram < 0, Delta ≥ 0)",SQQQ,BUY,"Histogram=-1.1486, Delta=0.2925, VIX=20.49",-1.1486226358785312,0.2924799069413422,1.3969591629826823,2.5455817988612135,20.49,2.0,0.03,0.015,30.0,MARKET,724,37.6376,27249.6224,0.0,0.0,149646.172825,149618.950425,149646.172825,122396.550425,CASH: 100.0%,"CASH: 81.8%, SQQQ: 18.2%",49.618950425
170,2024-11-06 22:00:00,862,Liquidating SQQQ position (regime change),SQQQ,SELL,"Histogram=1.3168, Delta=1.4443, VIX=15.20",1.3168425301505804,1.4443293460349655,3.2738230994659716,1.9569805693153912,15.2,2.0,0.03,0.015,30.0,MARKET,724,33.21675,24048.927,0.0,0.0,146469.550425,146445.477425,122396.550425,146445.477425,"CASH: 83.6%, SQQQ: 16.4%",CASH: 100.0%,46.445477425
171,2024-11-06 22:00:00,862,"Regime 2: Strong Bull (Histogram > 0, Delta > 0)",TQQQ,BUY,"Histogram=1.3168, Delta=1.4443, VIX=15.20",1.3168425301505804,1.4443293460349655,3.2738230994659716,1.9569805693153912,15.2,2.0,0.03,0.015,30.0,MARKET,656,78.93886,51783.89216,0.0,0.0,146445.477425,146393.745265,146445.477425,94661.585265,CASH: 100.0%,"CASH: 64.7%, TQQQ: 35.3%",46.393745265
172,2024-11-12 22:00:00,878,"Regime 3: Waning Bull (Histogram > 0, Delta ≤ 0)",TQQQ,SELL,"Histogram=2.0719, Delta=-0.2046, VIX=14.02",2.071866150933535,-0.2045622499153987,5.949938850007925,3.87807269907439,14.02,2.0,0.03,0.015,30.0,MARKET,656,82.06785,53836.5096,0.0,0.0,148551.985265,148498.094865,94661.585265,148498.094865,"CASH: 63.7%, TQQQ: 36.3%",CASH: 100.0%,48.498094865
173,2024-11-12 22:00:00,878,"Regime 3: Waning Bull (Histogram > 0, Delta ≤ 0)",TQQQ,BUY,"Histogram=2.0719, Delta=-0.2046, VIX=14.02",2.071866150933535,-0.2045622499153987,5.949938850007925,3.87807269907439,14.02,2.0,0.03,0.015,30.0,MARKET,354,82.23215,29110.1811,0.0,0.0,148498.094865,148469.013765,148498.094865,119387.913765,CASH: 100.0%,"CASH: 80.4%, TQQQ: 19.6%",48.469013765
174,2024-11-14 22:00:00,888,Stop-Loss Triggered,TQQQ,SELL,Price breached stop at 75.87,0.3707419823486804,-1.2810715534249346,4.6709759168761025,4.300233934527422,16.14,2.0,0.03,0.015,30.0,MARKET,354,74.19573,26265.28842,0.0,0.0,145679.493765,145653.202185,119387.913765,145653.202185,"CASH: 82.0%, TQQQ: 18.0%",CASH: 100.0%,45.653202185
175,2024-11-17 22:00:00,890,"Regime 4: Strong Bear (Histogram < 0, Delta < 0)",SQQQ,BUY,"Histogram=-0.1968, Delta=-0.5675, VIX=15.58",-0.19679291349366057,-0.567534895842341,3.93575839461505,4.13255130810871,15.58,2.0,0.03,0.015,30.0,MARKET,1567,35.12509,55041.01603,0.0,0.0,145653.202185,145598.216155,145653.202185,90612.186155,CASH: 100.0%,"CASH: 62.2%, SQQQ: 37.8%",45.598216155
176,2024-11-20 22:00:00,902,"Regime 5: Waning Bear (Histogram < 0, Delta ≥ 0)",SQQQ,SELL,"Histogram=-0.6551, Delta=0.0126, VIX=16.87",-0.6550925769967844,0.0125961009293478,3.592925311780334,4.2480178887771185,16.87,2.0,0.03,0.015,30.0,MARKET,1567,33.68628,52786.40076,0.0,0.0,143451.426155,143398.586915,90612.186155,143398.586915,"CASH: 63.2%, SQQQ: 36.8%",CASH: 100.0%,43.398586915
177,2024-11-20 22:00:00,902,"Regime 5: Waning Bear (Histogram < 0, Delta ≥ 0)",SQQQ,BUY,"Histogram=-0.6551, Delta=0.0126, VIX=16.87",-0.6550925769967844,0.0125961009293478,3.592925311780334,4.2480178887771185,16.87,2.0,0.03,0.015,30.0,MARKET,730,33.75372,24640.2156,0.0,0.0,143398.586915,143373.971315,143398.586915,118758.371315,CASH: 100.0%,"CASH: 82.8%, SQQQ: 17.2%",43.373971315
178,2024-11-24 22:00:00,910,"Regime 4: Strong Bear (Histogram < 0, Delta < 0)",SQQQ,SELL,"Histogram=-0.5068, Delta=-0.0481, VIX=14.60",-0.506790440081315,-0.0481404579392386,3.4540892802588132,3.9608797203401283,14.6,2.0,0.03,0.015,30.0,MARKET,730,33.24672,24270.1056,0.0,0.0,143052.771315,143028.476915,118758.371315,143028.476915,"CASH: 83.0%, SQQQ: 17.0%",CASH: 100.0%,43.028476915
179,2024-11-24 22:00:00,910,"Regime 4: Strong Bear (Histogram < 0, Delta < 0)",SQQQ,BUY,"Histogram=-0.5068, Delta=-0.0481, VIX=14.60",-0.506790440081315,-0.0481404579392386,3.4540892802588132,3.9608797203401283,14.6,2.0,0.03,0.015,30.0,MARKET,1586,33.31328,52834.86208,0.0,0.0,143028.476915,142975.694835,143028.476915,90193.614835,CASH: 100.0%,"CASH: 63.1%, SQQQ: 36.9%",42.975694835
180,2024-11-25 22:00:00,914,"Regime 5: Waning Bear (Histogram < 0, Delta ≥ 0)",SQQQ,SELL,"Histogram=-0.1207, Delta=0.3861, VIX=14.10",-0.12069387403474607,0.38609656604656895,3.163733843003399,3.2844277170381453,14.1,2.0,0.03,0.015,30.0,MARKET,1586,33.11685,52523.3241,0.0,0.0,142769.514835,142716.938935,90193.614835,142716.938935,"CASH: 63.2%, SQQQ: 36.8%",CASH: 100.0%,42.716938935
181,2024-11-25 22:00:00,914,"Regime 5: Waning Bear (Histogram < 0, Delta ≥ 0)",SQQQ,BUY,"Histogram=-0.1207, Delta=0.3861, VIX=14.10",-0.12069387403474607,0.38609656604656895,3.163733843003399,3.2844277170381453,14.1,2.0,0.03,0.015,30.0,MARKET,785,33.18315,26048.77275,0.0,0.0,142716.938935,142690.916185,142716.938935,116668.166185,CASH: 100.0%,"CASH: 81.8%, SQQQ: 18.2%",42.690916185
182,2024-11-26 22:00:00,918,"Regime 4: Strong Bear (Histogram < 0, Delta < 0)",SQQQ,SELL,"Histogram=-0.1800, Delta=-0.0593, VIX=14.10",-0.18000189539245026,-0.05930802135770419,2.7138458534983556,2.893847748890806,14.1,2.0,0.03,0.015,30.0,MARKET,785,32.58738,25581.0933,0.0,0.0,142274.866185,142249.259485,116668.166185,142249.259485,"CASH: 82.0%, SQQQ: 18.0%",CASH: 100.0%,42.249259485
183,2024-11-26 22:00:00,918,"Regime 4: Strong Bear (Histogram < 0, Delta < 0)",SQQQ,BUY,"Histogram=-0.1800, Delta=-0.0593, VIX=14.10",-0.18000189539245026,-0.05930802135770419,2.7138458534983556,2.893847748890806,14.1,2.0,0.03,0.015,30.0,MARKET,1672,32.65262,54595.18064,0.0,0.0,142249.259485,142194.718845,142249.259485,87654.078845,CASH: 100.0%,"CASH: 61.6%, SQQQ: 38.4%",42.194718845
184,2024-11-28 22:00:00,922,"Regime 5: Waning Bear (Histogram < 0, Delta ≥ 0)",SQQQ,SELL,"Histogram=-0.0244, Delta=0.1556, VIX=13.51",-0.024387801557178346,0.15561409383527192,2.9136291052060415,2.93801690676322,13.51,2.0,0.03,0.015,30.0,MARKET,1672,33.37659,55805.65848,0.0,0.0,143515.598845,143459.737325,87654.078845,143459.737325,"CASH: 61.1%, SQQQ: 38.9%",CASH: 100.0%,43.459737325
185,2024-11-28 22:00:00,922,"Regime 5: Waning Bear (Histogram < 0, Delta ≥ 0)",SQQQ,BUY,"Histogram=-0.0244, Delta=0.1556, VIX=13.51",-0.024387801557178346,0.15561409383527192,2.9136291052060415,2.93801690676322,13.51,2.0,0.03,0.015,30.0,MARKET,861,33.44341,28794.77601,0.0,0.0,143459.737325,143430.971315,143459.737325,114664.961315,CASH: 100.0%,"CASH: 79.9%, SQQQ: 20.1%",43.430971315
186,2024-12-01 22:00:00,926,Liquidating SQQQ position (regime change),SQQQ,SELL,"Histogram=0.4288, Delta=0.4532, VIX=13.34",0.4288312576451112,0.45321905920228955,3.404940079959829,2.9761088223147176,13.34,2.0,0.03,0.015,30.0,MARKET,861,32.54742,28023.32862,0.0,0.0,142716.341315,142688.289935,114664.961315,142688.289935,"CASH: 80.3%, SQQQ: 19.7%",CASH: 100.0%,42.688289935
187,2024-12-01 22:00:00,926,"Regime 2: Strong Bull (Histogram > 0, Delta > 0)",TQQQ,BUY,"Histogram=0.4288, Delta=0.4532, VIX=13.34",0.4288312576451112,0.45321905920228955,3.404940079959829,2.9761088223147176,13.34,2.0,0.03,0.015,30.0,MARKET,800,79.96989,63975.912,0.0,0.0,142688.289935,142624.377935,142688.289935,78712.377935,CASH: 100.0%,"CASH: 55.2%, TQQQ: 44.8%",42.624377935
188,2024-12-08 22:00:00,946,"Regime 3: Waning Bull (Histogram > 0, Delta ≤ 0)",TQQQ,SELL,"Histogram=1.5365, Delta=-0.1365, VIX=14.19",1.5365423885209495,-0.136494212777869,6.080681648060192,4.544139259539243,14.19,2.0,0.03,0.015,30.0,MARKET,800,87.65226,70121.808,0.0,0.0,148904.377935,148834.185935,78712.377935,148834.185935,"CASH: 52.9%, TQQQ: 47.1%",CASH: 100.0%,48.834185935
189,2024-12-08 22:00:00,946,"Regime 3: Waning Bull (Histogram > 0, Delta ≤ 0)",TQQQ,BUY,"Histogram=1.5365, Delta=-0.1365, VIX=14.19",1.5365423885209495,-0.136494212777869,6.080681648060192,4.544139259539243,14.19,2.0,0.03,0.015,30.0,MARKET,411,87.82774,36097.20114,0.0,0.0,148834.185935,148798.124795,148834.185935,112736.984795,CASH: 100.0%,"CASH: 75.8%, TQQQ: 24.2%",48.798124795
190,2024-12-10 22:00:00,954,"Regime 2: Strong Bull (Histogram > 0, Delta > 0)",TQQQ,SELL,"Histogram=1.4556, Delta=0.2682, VIX=13.58",1.455647796126593,0.2682341171950702,6.526808672091192,5.071160875964599,13.58,2.0,0.03,0.015,30.0,MARKET,411,84.67524,34801.52364,0.0,0.0,147573.344795,147538.508435,112736.984795,147538.508435,"CASH: 76.4%, TQQQ: 23.6%",CASH: 100.0%,47.538508435
191,2024-12-10 22:00:00,954,"Regime 2: Strong Bull (Histogram > 0, Delta > 0)",TQQQ,BUY,"Histogram=1.4556, Delta=0.2682, VIX=13.58",1.455647796126593,0.2682341171950702,6.526808672091192,5.071160875964599,13.58,2.0,0.03,0.015,30.0,MARKET,832,84.84476,70590.84032,0.0,0.0,147538.508435,147467.988115,147538.508435,76947.668115,CASH: 100.0%,"CASH: 52.2%, TQQQ: 47.8%",47.467988115
192,2024-12-11 22:00:00,958,"Regime 3: Waning Bull (Histogram > 0, Delta ≤ 0)",TQQQ,SELL,"Histogram=1.0947, Delta=-0.3610, VIX=13.92",1.094657402009779,-0.360990394116814,7.121665526314246,6.027008124304467,13.92,2.0,0.03,0.015,30.0,MARKET,832,89.20071,74214.99072,0.0,0.0,151236.948115,151162.658835,76947.668115,151162.658835,"CASH: 50.9%, TQQQ: 49.1%",CASH: 100.0%,51.162658835
193,2024-12-11 22:00:00,958,"Regime 3: Waning Bull (Histogram > 0, Delta ≤ 0)",TQQQ,BUY,"Histogram=1.0947, Delta=-0.3610, VIX=13.92",1.094657402009779,-0.360990394116814,7.121665526314246,6.027008124304467,13.92,2.0,0.03,0.015,30.0,MARKET,383,89.37929,34232.26807,0.0,0.0,151162.658835,151128.460765,151162.658835,116930.390765,CASH: 100.0%,"CASH: 77.4%, TQQQ: 22.6%",51.128460765
194,2024-12-12 22:00:00,962,"Regime 2: Strong Bull (Histogram > 0, Delta > 0)",TQQQ,SELL,"Histogram=1.2261, Delta=0.1315, VIX=13.81",1.2261226396156681,0.1314652376058891,7.2042082296876515,5.978085590071983,13.81,2.0,0.03,0.015,30.0,MARKET,383,87.43248,33486.63984,0.0,0.0,150450.550765,150417.030605,116930.390765,150417.030605,"CASH: 77.7%, TQQQ: 22.3%",CASH: 100.0%,50.417030605
195,2024-12-12 22:00:00,962,"Regime 2: Strong Bull (Histogram > 0, Delta > 0)",TQQQ,BUY,"Histogram=1.2261, Delta=0.1315, VIX=13.81",1.2261226396156681,0.1314652376058891,7.2042082296876515,5.978085590071983,13.81,2.0,0.03,0.015,30.0,MARKET,761,87.60752,66669.32272,0.0,0.0,150417.030605,150350.427885,150417.030605,83747.707885,CASH: 100.0%,"CASH: 55.7%, TQQQ: 44.3%",50.350427885
196,2024-12-16 22:00:00,970,"Regime 3: Waning Bull (Histogram > 0, Delta ≤ 0)",TQQQ,SELL,"Histogram=1.6339, Delta=-0.0523, VIX=15.87",1.6339209553092333,-0.0522967908153502,8.16557762530033,6.531656669991096,15.87,2.0,0.03,0.015,30.0,MARKET,761,93.19671,70922.69631,0.0,0.0,154741.397885,154670.404195,83747.707885,154670.404195,"CASH: 54.1%, TQQQ: 45.9%",CASH: 100.0%,54.670404195
197,2024-12-16 22:00:00,970,"Regime 3: Waning Bull (Histogram > 0, Delta ≤ 0)",TQQQ,BUY,"Histogram=1.6339, Delta=-0.0523, VIX=15.87",1.6339209553092333,-0.0522967908153502,8.16557762530033,6.531656669991096,15.87,2.0,0.03,0.015,30.0,MARKET,372,93.38329,34738.58388,0.0,0.0,154670.404195,154635.700315,154670.404195,119931.820315,CASH: 100.0%,"CASH: 77.6%, TQQQ: 22.4%",54.635700315
198,2024-12-17 22:00:00,976,Stop-Loss Triggered,TQQQ,SELL,Price breached stop at 87.07,0.33373537344131954,-1.3001855818679138,6.521563966568465,6.187828593127145,27.62,2.0,0.03,0.015,30.0,MARKET,372,82.00791,30506.94252,0.0,0.0,150469.300315,150438.762835,119931.820315,150438.762835,"CASH: 79.7%, TQQQ: 20.3%",CASH: 100.0%,50.438762835
199,2024-12-18 22:00:00,978,"Regime 4: Strong Bear (Histogram < 0, Delta < 0)",SQQQ,BUY,"Histogram=-0.8660, Delta=-1.1997, VIX=24.09",-0.8659691137123104,-1.19970448715363,5.444663431753156,6.310632545465467,24.09,2.0,0.03,0.015,30.0,MARKET,1663,31.1311,51771.0193,0.0,0.0,150438.762835,150387.043535,150438.762835,98667.743535,CASH: 100.0%,"CASH: 65.6%, SQQQ: 34.4%",50.387043535
200,2024-12-22 22:00:00,986,"Regime 5: Waning Bear (Histogram < 0, Delta ≥ 0)",SQQQ,SELL,"Histogram=-1.4603, Delta=0.1205, VIX=16.78",-1.4602558495555344,0.1205113985660891,4.893481044601799,6.353736894157334,16.78,2.0,0.03,0.015,30.0,MARKET,1663,30.71925,51086.11275,0.0,0.0,149804.993535,149753.856285,98667.743535,149753.856285,"CASH: 65.9%, SQQQ: 34.1%",CASH: 100.0%,49.753856285
201,2024-12-22 22:00:00,986,"Regime 5: Waning Bear (Histogram < 0, Delta ≥ 0)",SQQQ,BUY,"Histogram=-1.4603, Delta=0.1205, VIX=16.78",-1.4602558495555344,0.1205113985660891,4.893481044601799,6.353736894157334,16.78,2.0,0.03,0.015,30.0,MARKET,723,30.78075,22254.48225,0.0,0.0,149753.856285,149731.624035,149753.856285,127499.374035,CASH: 100.0%,"CASH: 85.2%, SQQQ: 14.8%",49.731624035
202,2024-12-29 22:00:00,1002,"Regime 4: Strong Bear (Histogram < 0, Delta < 0)",SQQQ,SELL,"Histogram=-1.0197, Delta=-0.4625, VIX=17.40",-1.0196656553825778,-0.4624954666467613,2.2015663316855125,3.2212319870680903,17.4,2.0,0.03,0.015,30.0,MARKET,723,29.12085,21054.37455,0.0,0.0,148574.824035,148553.748585,127499.374035,148553.748585,"CASH: 85.8%, SQQQ: 14.2%",CASH: 100.0%,48.553748585
203,2024-12-29 22:00:00,1002,"Regime 4: Strong Bear (Histogram < 0, Delta < 0)",SQQQ,BUY,"Histogram=-1.0197, Delta=-0.4625, VIX=17.40",-1.0196656553825778,-0.4624954666467613,2.2015663316855125,3.2212319870680903,17.4,2.0,0.03,0.015,30.0,MARKET,1526,29.17915,44527.3829,0.0,0.0,148553.748585,148509.265685,148553.748585,104026.365685,CASH: 100.0%,"CASH: 70.0%, SQQQ: 30.0%",48.509265685

Summary Statistics:
Initial Capital,$100,000.00
Final Value,$151,546.01
Total Return,51.55%
Annualized Return,51.76%
Sharpe Ratio,6.76
Max Drawdown,-5.45%
Total Trades,101
Win Rate,6.93%
